repo	version	path	tool_id	sha256
tools-iuc	0dfd993e151cb880bbef237ba3d316b4dcf7ffea	data_managers/data_manager_bmtagger_index_builder/data_manager/bmtagger.xml	bmtagger_index_builder_data_manager	833f3c8147343c8bb4a563b62953b4f6946aa69888a1d9ff39f08025aba8fcff
tools-iuc	0dfd993e151cb880bbef237ba3d316b4dcf7ffea	data_managers/data_manager_bowtie2_index_builder/data_manager/bowtie2_index_builder.xml	bowtie2_index_builder_data_manager	a86a05bf64b296217aa4b3efeb6f6d225c5444214b05906a51747f77eee82713
tools-iuc	0dfd993e151cb880bbef237ba3d316b4dcf7ffea	data_managers/data_manager_bowtie_index_builder/data_manager/bowtie_index_builder.xml	bowtie_index_builder_data_manager	2dbc38ab6297158cc4851e18bcdffc660118f1192af3b704ea0a6f94a5302e3c
tools-iuc	0dfd993e151cb880bbef237ba3d316b4dcf7ffea	data_managers/data_manager_build_amrfinderplus/data_manager/data_manager_build_amrfinderplus.xml	data_manager_build_amrfinderplus	3b2c3c32b5f335e3d46a471422f6e239c1a1f548a3ebbca758b3a53fc4b58099
tools-iuc	0dfd993e151cb880bbef237ba3d316b4dcf7ffea	data_managers/data_manager_build_bakta_database/data_manager/bakta_build_database.xml	bakta_build_database	e31e312728517d7952245f0ccad8131dda483584dc2bf5b77c7ad34f9a8078e3
tools-iuc	0dfd993e151cb880bbef237ba3d316b4dcf7ffea	data_managers/data_manager_build_bracken_database/data_manager/bracken_build_database.xml	bracken_build_database	06d4eab08d2a202f72dd7e2d7f3df01caca26e10f4ae721e1ce8d435ed9c1da4
tools-iuc	0dfd993e151cb880bbef237ba3d316b4dcf7ffea	data_managers/data_manager_build_coreprofiler/data_manager/data_manager_build_coreprofiler_download.xml	data_manager_build_coreprofiler	b614b8484adb677a1321f93d6892af5d21ac5d4a42a6f5a751964e5b2dbd15a7
tools-iuc	0dfd993e151cb880bbef237ba3d316b4dcf7ffea	data_managers/data_manager_build_kma_index/data_manager/kma_build_index.xml	kma_build_index	ea8ba0e2d8f046c868ff13867f06379e08746590722066d878968c64198cdcef
tools-iuc	0dfd993e151cb880bbef237ba3d316b4dcf7ffea	data_managers/data_manager_build_kraken2_database/data_manager/kraken2_build_database.xml	kraken2_build_database	49c47fe7066d2a9c7b8ccb54a8754dd0979e27ca0f144f4ce8bb3cf50e9a3240
tools-iuc	0dfd993e151cb880bbef237ba3d316b4dcf7ffea	data_managers/data_manager_build_kraken_database/data_manager/kraken_database_builder.xml	kraken_database_builder	cd058816a006791185660116e6bb50eba0bdcd2d762c6306c3e772bec9be338d
tools-iuc	0dfd993e151cb880bbef237ba3d316b4dcf7ffea	data_managers/data_manager_build_staramr/data_manager/data_manager_build_staramr_download.xml	data_manager_build_staramr	cf091b83ae52622275b138f42e346c203b07ef6a3b19d18a5bb9fd9568e2bf46
tools-iuc	0dfd993e151cb880bbef237ba3d316b4dcf7ffea	data_managers/data_manager_bwa_mem2_index_builder/data_manager/bwa_mem2_index_builder.xml	bwa_mem2_index_builder_data_manager	2f4816b3321ae2a5877737cd0d9359cd195df74762142bdeee96c7a2407c8158
tools-iuc	0dfd993e151cb880bbef237ba3d316b4dcf7ffea	data_managers/data_manager_bwa_mem_index_builder/data_manager/bwa_mem_index_builder.xml	bwa_mem_index_builder_data_manager	c42ad605e4c5433dc6222678ec7b233003dbe7bb2784e262d2b8d2259cb68cf0
tools-iuc	0dfd993e151cb880bbef237ba3d316b4dcf7ffea	data_managers/data_manager_bwameth_index_builder/data_manager/bwameth_index_builder.xml	bwameth_index_builder_data_manager	a6cde00869b51f3602943d0c2a198469f6d47d187bb1bb04fce00dc0715b27b2
tools-iuc	0dfd993e151cb880bbef237ba3d316b4dcf7ffea	data_managers/data_manager_cat/data_manager/data_manager_cat.xml	data_manager_cat	70b5b5b8c5d454092d815aeea6f8aabd3341decd8dca7dcaa66b067684f1c18f
tools-iuc	0dfd993e151cb880bbef237ba3d316b4dcf7ffea	data_managers/data_manager_celltypist_models/data_manager/celltypist_model_downloader.xml	data_manager_celltypist_models	d3d471f52ba115d121bddf102de3ae5207306601eb35389b95eefdb2c1fe38f5
tools-iuc	0dfd993e151cb880bbef237ba3d316b4dcf7ffea	data_managers/data_manager_checkm2/data_manager/checkm2_datamanager.xml	checkm2_build_database	fbb4c3d9880ecaee7fb680787d4bd08e56cb72910f52c4f922d5bcb26b8f678f
tools-iuc	0dfd993e151cb880bbef237ba3d316b4dcf7ffea	data_managers/data_manager_clair3_models/data_manager/install_clair3_models.xml	data_manager_clair3_models	ce5f683c1fb83dbcd8370c8ffecf99af4c246bc8ab5fd10a1c6bb3beebd2d601
tools-iuc	0dfd993e151cb880bbef237ba3d316b4dcf7ffea	data_managers/data_manager_dada2/data_manager/dada2_fetcher.xml	dada2_fetcher	e385b20d8395626911f74046ca93d412d428d3364d46eca568be26491d20d7ef
tools-iuc	0dfd993e151cb880bbef237ba3d316b4dcf7ffea	data_managers/data_manager_deeparg/data_manager/data_manager_deeparg.xml	data_manager_deeparg	92e89906b4e57e81240013e16c28e8020e4838ebd4acdf7847edeaff561c3509
tools-iuc	0dfd993e151cb880bbef237ba3d316b4dcf7ffea	data_managers/data_manager_diamond_database_builder/data_manager/data_manager_diamond_database_builder.xml	diamond_database_builder	0054226b3807ea062d84f8d155b00e582ab71f96e2030b81976e8c50ac98c4cd
tools-iuc	0dfd993e151cb880bbef237ba3d316b4dcf7ffea	data_managers/data_manager_dram_database_downloader/data_manager/data_manager_dram_download.xml	data_manager_dram_download	73e31f487491d6f05569859a2cfdb3d5371e2b28b092763efa3807ca218e0caa
tools-iuc	0dfd993e151cb880bbef237ba3d316b4dcf7ffea	data_managers/data_manager_fetch_busco/data_manager/busco_fetcher.xml	busco_fetcher	d3e6bbd742282d8bfae37a1216dd1d85c01b4bfcfe0429d3deb2722310dec4b3
tools-iuc	0dfd993e151cb880bbef237ba3d316b4dcf7ffea	data_managers/data_manager_fetch_busco_options/data_manager/busco_options.xml	busco_fetcher_options	56b831a347dcf3044cb6c47719d429ba6d9d8b7e6909ac1d708344f7d59113d4
tools-iuc	0dfd993e151cb880bbef237ba3d316b4dcf7ffea	data_managers/data_manager_fetch_gene_annotation/data_manager/gene_annotation_fetcher.xml	gene_annotation_fetcher_data_manager	a7eb401e969261b0b76c8e2dffa60d35d47f92207d4f02019f4f417404e32ccd
tools-iuc	0dfd993e151cb880bbef237ba3d316b4dcf7ffea	data_managers/data_manager_fetch_genome_dbkeys_all_fasta/data_manager/data_manager_fetch_genome_all_fasta_dbkeys.xml	data_manager_fetch_genome_all_fasta_dbkey	517f51b00552873104a1e9410e35164f997e21531e415cfbbca49d7871ae9516
tools-iuc	0dfd993e151cb880bbef237ba3d316b4dcf7ffea	data_managers/data_manager_fetch_index_maf/data_manager/data_manager_fetch_and_index_maf.xml	data_manager_fetch_and_index_maf	8264dbb5724bf446141d15265e359ed06cc7f92300e94de0b5b051910dc09454
tools-iuc	0dfd993e151cb880bbef237ba3d316b4dcf7ffea	data_managers/data_manager_fetch_ncbi_taxonomy/data_manager/ncbi_taxonomy_fetcher.xml	ncbi_taxonomy_fetcher	e66f60bc1f317aa0c590cecbcaea935a62c706740f11962502c5b3d5dc91b41e
tools-iuc	0dfd993e151cb880bbef237ba3d316b4dcf7ffea	data_managers/data_manager_fetch_plasmidfinder/data_manager/plasmidfinder_fetch_database.xml	data_manager_fetch_plasmidfinder	d6042356ae4275bf4de40090cef55e63fe6712964ed0dd3e36a8411726b2ba84
tools-iuc	0dfd993e151cb880bbef237ba3d316b4dcf7ffea	data_managers/data_manager_fetch_refseq/data_manager/fetch_refseq.xml	data_manager_fetch_refseq	85c245e9229dfcae3c0fa2a9f94d630acd40f07272cdc6242fae48a1df0976bd
tools-iuc	0dfd993e151cb880bbef237ba3d316b4dcf7ffea	data_managers/data_manager_funannotate/data_manager/funannotate.xml	data_manager_funannotate	d0f5375d3928c16a7288222f9d09e17a03a153d8a6917af60928ffd2a42db03c
tools-iuc	0dfd993e151cb880bbef237ba3d316b4dcf7ffea	data_managers/data_manager_funannotate_options/data_manager/funannotate_options.xml	data_manager_funannotate_options	36114c7175bb961c1fd5ea323d72251abb9c43c544fd679abf7c891c34e51f8d
tools-iuc	0dfd993e151cb880bbef237ba3d316b4dcf7ffea	data_managers/data_manager_gatk_picard_index_builder/data_manager/data_manager_gatk_picard_index_builder.xml	gatk_picard_index_builder	3f39420ab03f0278b72ae6c43592301f76e88b0c6ba312a3aa84837ebaace0fd
tools-iuc	0dfd993e151cb880bbef237ba3d316b4dcf7ffea	data_managers/data_manager_gemini_database_downloader/data_manager/data_manager_gemini_download.xml	data_manager_gemini_download	7364c69ad4b6923715ac03056a9352b6e64a961919373f522b127b0d7901f118
tools-iuc	0dfd993e151cb880bbef237ba3d316b4dcf7ffea	data_managers/data_manager_genomic_super_signature_ravmodels/data_manager/data_manager_genomic_super_signature_ravmodels.xml	data_manager_genomic_super_signature_ravmodels	571a6e6806afd20f2e7a69cf860d537031eebaf9c90f8778cfff68da8183a3c1
tools-iuc	0dfd993e151cb880bbef237ba3d316b4dcf7ffea	data_managers/data_manager_groot_database_downloader/data_manager/data_manager_groot_database_downloader.xml	groot_database_downloader	5d1dc410a6e04825f7a347e958137e763582646ce943aeb2039e1a162e511399
tools-iuc	0dfd993e151cb880bbef237ba3d316b4dcf7ffea	data_managers/data_manager_gtdbtk_database_installer/data_manager/gtdbtk_database_installer.xml	gtdbtk_database_installer	924e1d41d8db7bedda4cd2624b915b9e5a490fdf9c4f05ed216c9673587898bb
tools-iuc	0dfd993e151cb880bbef237ba3d316b4dcf7ffea	data_managers/data_manager_hisat2_index_builder/data_manager/hisat2_index_builder.xml	hisat2_index_builder_data_manager	888324f6f7a98f1dfad0be21328652d93f1fbaf52b9551d9fa98499d21a83a10
tools-iuc	0dfd993e151cb880bbef237ba3d316b4dcf7ffea	data_managers/data_manager_homer_preparsed/data_manager/homer_genome_preparse.xml	homer_genome_preparse_data_manager	21e9afd4c385fe911631c3f8b6dac0f907e308dd64ab1edbed6127212b837557
tools-iuc	0dfd993e151cb880bbef237ba3d316b4dcf7ffea	data_managers/data_manager_homer_preparsed/data_manager/homer_install_promoters.xml	homer_install_promoters_data_manager	9f64e8493712c40e8e45cc2cf7b936ba01f130760ed67851694e9c24e8af16bf
tools-iuc	0dfd993e151cb880bbef237ba3d316b4dcf7ffea	data_managers/data_manager_humann_database_downloader/data_manager/data_manager_humann_download.xml	data_manager_humann_download	8f746600cee283c82382dda04ec44064940a4605005e54a8e78966dd56ff9da3
tools-iuc	0dfd993e151cb880bbef237ba3d316b4dcf7ffea	data_managers/data_manager_interproscan/data_manager/interproscan.xml	data_manager_interproscan	7edb7f4f95d9bb1db1bbc6407ceb598dfec1755763c173f76096805395228e5a
tools-iuc	0dfd993e151cb880bbef237ba3d316b4dcf7ffea	data_managers/data_manager_kaiju/data_manager/kaiju_data_manager.xml	kaiju_data_manager	fa02463eefab7e3b0fdbfb502c98e49fa40359eccc47bb9694c129a3b113fdba
tools-iuc	0dfd993e151cb880bbef237ba3d316b4dcf7ffea	data_managers/data_manager_kallisto_index_builder/data_manager/kallisto_index_builder.xml	kallisto_index_builder_data_manager	fc0641004f4d135001a5d944c2af47afb98a89469dce2a9791c2924d70be62b4
tools-iuc	0dfd993e151cb880bbef237ba3d316b4dcf7ffea	data_managers/data_manager_liana_resources/data_manager/liana_resources_manager.xml	data_manager_fetch_liana_resources	8b6633377447bc37fcf3bd49248e6369ff4f20553333272e8359f5bf14fe6204
tools-iuc	0dfd993e151cb880bbef237ba3d316b4dcf7ffea	data_managers/data_manager_malt_index_builder/data_manager/malt_index_builder.xml	data_manager_malt_index_builder	b7a8b47d9ebefdf85f3f63cfc72a114b5c103e298b5659fac25ee3dba7430fcd
tools-iuc	0dfd993e151cb880bbef237ba3d316b4dcf7ffea	data_managers/data_manager_manual/data_manager/data_manager_manual.xml	data_manager_manual	6a9e92f57addaa89bdb7662bdec540ff19dca3f191a1bcd7ca78e4565130e180
tools-iuc	0dfd993e151cb880bbef237ba3d316b4dcf7ffea	data_managers/data_manager_mapseq/data_manager/mapseq_db_fetcher.xml	mapseq_db_fetcher	c92005d69f406fac05e4ec34542336f52aaec81d063b8562cf1e2ca89915a1e9
tools-iuc	0dfd993e151cb880bbef237ba3d316b4dcf7ffea	data_managers/data_manager_mash_sketch_builder/data_manager/mash_sketch_builder.xml	mash_sketch_builder	96caa848894a33a8a5728e8afb91d205ce087ce83ab95f673a8b6538e134b543
tools-iuc	0dfd993e151cb880bbef237ba3d316b4dcf7ffea	data_managers/data_manager_metaphlan_database_downloader/data_manager/data_manager_metaphlan_download.xml	data_manager_metaphlan_download	755883fb811e0386c47e805d585dcca69cd969a6bd35be89d6997439d50d6b42
tools-iuc	0dfd993e151cb880bbef237ba3d316b4dcf7ffea	data_managers/data_manager_mitos/data_manager/data_manager_mitos.xml	data_manager_mitos	f0e70037f7adaa62463a00397a72c0938172f3dbc8077901ed19abc49be74e86
tools-iuc	0dfd993e151cb880bbef237ba3d316b4dcf7ffea	data_managers/data_manager_mmseqs2_database/data_manager/data_manager_mmseqs2_download.xml	data_manager_mmseqs2_download	6433e4fc3f7aca01efc3b9c3d777db21b2bc4be65412bcf409a0c30e5eed53b6
tools-iuc	0dfd993e151cb880bbef237ba3d316b4dcf7ffea	data_managers/data_manager_mothur_toolsuite/data_manager/data_manager_fetch_mothur_reference_data.xml	data_manager_fetch_mothur_reference_data	6a68a412c7b8eb271d8c29151a6c2ea356a1a6a43580a354888601cf9bd9a499
tools-iuc	0dfd993e151cb880bbef237ba3d316b4dcf7ffea	data_managers/data_manager_ncbi_fcs_gx_database_downloader/data_manager/data_manager_ncbi_fcs_gx_database_downloader.xml	data_manager_ncbi_fcs_gx_database_downloader	285519d5676a968a39e5e784dacf64c2f0d967ec690dbcb02df7b284e95fe543
tools-iuc	0dfd993e151cb880bbef237ba3d316b4dcf7ffea	data_managers/data_manager_ncbi_taxonomy_sqlite/data_manager/data_manager_ncbi_taxonomy_sqlite.xml	data_manager_ncbi_taxonomy_sqlite	52353c1076e99b174edd1a3f48cbee2e579a76c3cf6d6f6feff32b10b82bc65f
tools-iuc	0dfd993e151cb880bbef237ba3d316b4dcf7ffea	data_managers/data_manager_nextclade/data_manager/nextclade_dm.xml	data_manager_nextclade	844b299279c0cd6cdb9bd90987ead93f5d80fa0d1511e8feb9a3e600d1a3c1d8
tools-iuc	0dfd993e151cb880bbef237ba3d316b4dcf7ffea	data_managers/data_manager_omamer/data_manager/omamer.xml	data_manager_omamer	080a495fe19a507eceb5a1643a660e500467c559842109e01386eac45b60f79d
tools-iuc	0dfd993e151cb880bbef237ba3d316b4dcf7ffea	data_managers/data_manager_packaged_annotation_data/data_manager/install_packaged_annotation_data.xml	data_manager_packaged_annotation_data	0c36a894316b6d268b4a09c30cd58a43244257ef53fbea11370f4552c0c1e6be
tools-iuc	0dfd993e151cb880bbef237ba3d316b4dcf7ffea	data_managers/data_manager_pangolearn/data_manager/pangolearn_dm.xml	data_manager_pangolearn	cad4267aa0d9b1007c45b0a1b080e0f32c92e73abb2e89ebb60fdc8a7045097f
tools-iuc	0dfd993e151cb880bbef237ba3d316b4dcf7ffea	data_managers/data_manager_pangolin_data/data_manager/pangolin_data_dm.xml	data_manager_pangolin_data	84b18af13f71cf38973609f55be8319a3d3c24daf90a5c06bbfef71672e13368
tools-iuc	0dfd993e151cb880bbef237ba3d316b4dcf7ffea	data_managers/data_manager_pharokka_database_fetcher/data_manager/pharokka_db_fetcher.xml	pharokka_db_fetcher	01f1bb9a9c96bd479f4d7ecb8dd2d24651e3477d004a4bb3dd90ec099a31f23d
tools-iuc	0dfd993e151cb880bbef237ba3d316b4dcf7ffea	data_managers/data_manager_picard_index_builder/data_manager/picard_index_builder.xml	picard_index_builder_data_manager	023c8eb6a1e13891dca89341e7e7c0ad7dc24b01fe3c5cce4b3fbb5b24523751
tools-iuc	0dfd993e151cb880bbef237ba3d316b4dcf7ffea	data_managers/data_manager_plant_tribes_scaffolds_downloader/data_manager/data_manager_plant_tribes_scaffolds_download.xml	data_manager_plant_tribes_scaffolds_download	f673be005f0cf1be3a9ef0f7afcafe912973c987887099ae8c638ee4e96dfad2
tools-iuc	0dfd993e151cb880bbef237ba3d316b4dcf7ffea	data_managers/data_manager_primer_scheme_bedfiles/data_manager/install_primer_scheme_bedfiles.xml	data_manager_primer_scheme_bedfiles	a8e54cca269ffbf9e0d7dbf7188d69f2e7452d64ed5bf7f254238f4df0fc1975
tools-iuc	0dfd993e151cb880bbef237ba3d316b4dcf7ffea	data_managers/data_manager_qiime_database_downloader/data_manager/data_manager_qiime_download.xml	data_manager_qiime_download	e8ac32116c5e96dfada30632ef1375f3ebacd0978a3b1a9b6d951f073d1e884a
tools-iuc	0dfd993e151cb880bbef237ba3d316b4dcf7ffea	data_managers/data_manager_rsync_g2/data_manager/data_manager_rsync.xml	data_manager_rsync_g2	31cc0b3dfd0b78c08981f3f3af6c243f7bd736652d3acd0a59c5016722c9dab9
tools-iuc	0dfd993e151cb880bbef237ba3d316b4dcf7ffea	data_managers/data_manager_salmon_index_builder/data_manager/salmon_index_builder.xml	salmon_index_builder_data_manager	f6f84f33de077b34927401306685f7f4a8684a41afc7ca231a77d5f28522fdb4
tools-iuc	0dfd993e151cb880bbef237ba3d316b4dcf7ffea	data_managers/data_manager_sam_fasta_index_builder/data_manager/data_manager_sam_fasta_index_builder.xml	sam_fasta_index_builder	2de8259debdd05eabbe1f0ed54fd15602651237986e271f1afd0d5c0abd17be7
tools-iuc	0dfd993e151cb880bbef237ba3d316b4dcf7ffea	data_managers/data_manager_samestr_db/data_manager/samestr_db.xml	samestr_db	9014203d6e1ba004f330144588f2548085e965ed6e27e089c648a3b50cf37927
tools-iuc	0dfd993e151cb880bbef237ba3d316b4dcf7ffea	data_managers/data_manager_selection_background/data_manager/data_manager_selection_background.xml	data_manager_selection_background	c39d8e2c095b69e5fa08906ed83cc145027f93882c77f69e812cf6e9aa6fb845
tools-iuc	0dfd993e151cb880bbef237ba3d316b4dcf7ffea	data_managers/data_manager_semibin/data_manager/data_manager_semibin.xml	data_manager_semibin	e0517ea34597e79a88c9cf8be32aca3a047ffd76fff6f73c4ff742e5f6e9a108
tools-iuc	0dfd993e151cb880bbef237ba3d316b4dcf7ffea	data_managers/data_manager_snpeff/data_manager/data_manager_snpEff_databases.xml	data_manager_snpeff_databases	a56079d518a948b90f586f1d42b214a076c842528295326658faba85cf8978ae
tools-iuc	0dfd993e151cb880bbef237ba3d316b4dcf7ffea	data_managers/data_manager_snpeff/data_manager/data_manager_snpEff_download.xml	data_manager_snpeff_download	2c9891b19495e0bf827e95cc611e1b489ba118173b907c106519d8c49624b23f
tools-iuc	0dfd993e151cb880bbef237ba3d316b4dcf7ffea	data_managers/data_manager_snpsift_dbnsfp/data_manager/data_manager_snpsift_dbnsfp.xml	data_manager_snpsift_dbnsfp	efbb0206849d07ae5075d6870b74fd2d1eefddb39c1630ab072b9f5781ec7fb6
tools-iuc	0dfd993e151cb880bbef237ba3d316b4dcf7ffea	data_managers/data_manager_star_index_builder/data_manager/rna_star_index_builder.xml	rna_star_index_builder_data_manager	3c62d9b32d369909af054f3b6d45452434458a1fcc209dbd6a7cd0e388db5e3c
tools-iuc	0dfd993e151cb880bbef237ba3d316b4dcf7ffea	data_managers/data_manager_twobit_builder/data_manager/twobit_builder.xml	twobit_builder_data_manager	fcde5267ab0f9318c23768907cc9654281dfb742d5f617be80539b6e19b16507
tools-iuc	0dfd993e151cb880bbef237ba3d316b4dcf7ffea	data_managers/data_manager_vep_cache_downloader/data_manager/data_manager_vep_cache_download.xml	data_manager_vep_cache_download	01b38d7213243d6496767087fec25c8ce48903d4f04c7b2f9165e8ea4986c66b
tools-iuc	0dfd993e151cb880bbef237ba3d316b4dcf7ffea	data_managers/data_manager_vsnp_dnaprints/data_manager/vsnp_dnaprints_fetcher.xml	vsnp_dnaprints_fetcher	c4100ad975964c431b965cdd26d167b0fe4899f8a1d3ecd3c1caa7c7945ccfc8
tools-iuc	0dfd993e151cb880bbef237ba3d316b4dcf7ffea	data_managers/data_manager_vsnp_excel/data_manager/vsnp_excel_fetcher.xml	vsnp_excel_fetcher	822a2aa07e9e481f82e1c4332fcdfde4c1f8daf2114a3c953e89c770aeb6b03a
tools-iuc	0dfd993e151cb880bbef237ba3d316b4dcf7ffea	data_managers/data_manager_vsnp_genbank/data_manager/vsnp_genbank_fetcher.xml	vsnp_genbank_fetcher	ffdaf4d01db2d2a169dc7961ba6482774eedd08167719db53c65c25b12e54e57
tools-iuc	0dfd993e151cb880bbef237ba3d316b4dcf7ffea	deprecated/data_managers/data_manager_bowtie_index_builder/data_manager/bowtie_color_space_index_builder.xml	bowtie_color_space_index_builder_data_manager	7c46141ad34095f17022128bca888ebf6267b3f0e29a3fafec4d922935c6f265
tools-iuc	0dfd993e151cb880bbef237ba3d316b4dcf7ffea	deprecated/data_managers/data_manager_humann2_database_downloader/data_manager/data_manager_humann2_download.xml	data_manager_humann2_download	61cd23ec8f1c4fb6ad7b5e6ffb95b02726995c4c9093193e39ade6ced6862512
tools-iuc	0dfd993e151cb880bbef237ba3d316b4dcf7ffea	deprecated/obitools/illuminapairedend.xml	obi_illumina_pairend	5d6d6d5dcccf6e9b5cf2c35bc4c25fb5e9acfce0a4da112e1f5d1ffc07a4b05b
tools-iuc	0dfd993e151cb880bbef237ba3d316b4dcf7ffea	deprecated/obitools/ngsfilter.xml	obi_ngsfilter	f095e1c185ffe1b7a23a570bf043219e040e8c326db1ff73b6c9147c82824318
tools-iuc	0dfd993e151cb880bbef237ba3d316b4dcf7ffea	deprecated/obitools/obiannotate.xml	obi_annotate	66c11e49ef17683319cef8804111b07492ad94946bfd78e9e9178ebb09840b0f
tools-iuc	0dfd993e151cb880bbef237ba3d316b4dcf7ffea	deprecated/obitools/obiclean.xml	obi_clean	77e7006e915efd8288438f9a7590769473e223fa78761ebb601059a1ca2c4259
tools-iuc	0dfd993e151cb880bbef237ba3d316b4dcf7ffea	deprecated/obitools/obiconvert.xml	obi_convert	f8b8c150c183d2650e6a1af21168387a47fd96430763659ee4b719236c5dae5a
tools-iuc	0dfd993e151cb880bbef237ba3d316b4dcf7ffea	deprecated/obitools/obigrep.xml	obi_grep	a73a26f7b9b354e04dd39e2fcd97a6755211326976e1ea47c03a8635d577452e
tools-iuc	0dfd993e151cb880bbef237ba3d316b4dcf7ffea	deprecated/obitools/obisort.xml	obi_sort	13ea7cf60ab49ae7e6891cae24fd5198f668e2525f1132a37c425d4df1da2ba7
tools-iuc	0dfd993e151cb880bbef237ba3d316b4dcf7ffea	deprecated/obitools/obistat.xml	obi_stat	601198477a708273484e541abc0daad923b553586ca6bf509cadb73912060d02
tools-iuc	0dfd993e151cb880bbef237ba3d316b4dcf7ffea	deprecated/obitools/obitab.xml	obi_tab	fbd200921cc1a4a794bd60b48826d6575102ae82a44f23243ad8d818ac933191
tools-iuc	0dfd993e151cb880bbef237ba3d316b4dcf7ffea	deprecated/obitools/obiuniq.xml	obi_uniq	25a084daa7d06290798b1ea2387e3daf1b496c2991a56649658572d6959fd1f6
tools-iuc	0dfd993e151cb880bbef237ba3d316b4dcf7ffea	deprecated/seurat_v4/seurat.xml	seurat	a1594f20aa0bf9c8e0781a4edef0e1be2860c9e63f09fccf1299f2688d6c016c
tools-iuc	0dfd993e151cb880bbef237ba3d316b4dcf7ffea	deprecated/tool_collections/bamtools/bamtools_split/bamtools_split.xml	bamtools_split	b6fc9d1b8b84f2b24c1f8754f129071a1ef1970e840a5b47c3e4fd195df9cdb3
tools-iuc	0dfd993e151cb880bbef237ba3d316b4dcf7ffea	deprecated/tool_collections/samtools/samtools_rmdup/samtools_rmdup.xml	samtools_rmdup	ff99fb4ee312391e3728a3856a47c4c8c20209738a4e14563176ee3f489b6895
tools-iuc	0dfd993e151cb880bbef237ba3d316b4dcf7ffea	deprecated/tool_collections/snpsift/snpsift_dbnsfp_generic/snpSift_dbnsfp.xml	snpSift_dbnsfp_generic	01df181631e21e39516071bf25bff230fd91482eb54f3cbbfa078b2841c4af80
tools-iuc	0dfd993e151cb880bbef237ba3d316b4dcf7ffea	deprecated/tools/differential_count_models/rgedgeRpaired_nocamera.xml	rgdifferentialcount	f37cf579992831f7ab2546b5c1ba14c12404b05d2673bc2c24ed17e60b129fcd
tools-iuc	0dfd993e151cb880bbef237ba3d316b4dcf7ffea	deprecated/tools/ebi_tools/ebi_metagenomics_run_downloader.xml	ebi_metagenomics_run_downloader	90af9702531ee61da3817fa5025a458f755b49127c32b67ecc342ae7d85ea5fb
tools-iuc	0dfd993e151cb880bbef237ba3d316b4dcf7ffea	deprecated/tools/gatk2/base_recalibrator.xml	gatk2_base_recalibrator	da95013ba53efed2163ffe04035ee241e137bf96134e23a8a7898fe8bd461847
tools-iuc	0dfd993e151cb880bbef237ba3d316b4dcf7ffea	deprecated/tools/gatk2/depth_of_coverage.xml	gatk2_depth_of_coverage	13eda537cf3502baed8e53947ea6a1177d5fb3e8b3d43f88f6d6e4972884aa36
tools-iuc	0dfd993e151cb880bbef237ba3d316b4dcf7ffea	deprecated/tools/gatk2/haplotype_caller.xml	gatk2_haplotype_caller	185d17391b5a17655613a18426fa9df07e7138a8bc62f89e786159991c4016da
tools-iuc	0dfd993e151cb880bbef237ba3d316b4dcf7ffea	deprecated/tools/gatk2/indel_realigner.xml	gatk2_indel_realigner	1f149ddff4b992def48f791b984082291f629ea2702ddec44a77b50b44839e42
tools-iuc	0dfd993e151cb880bbef237ba3d316b4dcf7ffea	deprecated/tools/gatk2/print_reads.xml	gatk2_print_reads	88e4c1fd11daf66efab3f2d3baed0a3a711930b06003d94602e7a2d6d31ed37b
tools-iuc	0dfd993e151cb880bbef237ba3d316b4dcf7ffea	deprecated/tools/gatk2/realigner_target_creator.xml	gatk2_realigner_target_creator	10b5b494a82af15b3e26c439fc91b317dbc02e72233b603ee87ae2e4c7238bbf
tools-iuc	0dfd993e151cb880bbef237ba3d316b4dcf7ffea	deprecated/tools/gatk2/reduce_reads.xml	gatk2_reduce_reads	194950cde58cbf6571101037fb6ed591e6c19f880bdb6325d9d925bfb65ff181
tools-iuc	0dfd993e151cb880bbef237ba3d316b4dcf7ffea	deprecated/tools/gatk2/unified_genotyper.xml	gatk2_unified_genotyper	05240e0007416d2e775c308287cc1159cb4dc62606e75bace10c5ebdaa18b3e4
tools-iuc	0dfd993e151cb880bbef237ba3d316b4dcf7ffea	deprecated/tools/gatk2/variant_annotator.xml	gatk2_variant_annotator	b31aac3a3e1c7c829f82e8962fd608a8bfc170d8b28b2d1eb30135b98a579b1c
tools-iuc	0dfd993e151cb880bbef237ba3d316b4dcf7ffea	deprecated/tools/gatk2/variant_apply_recalibration.xml	gatk2_variant_apply_recalibration	0f97d22159c0413a1b3c80b9686884b6180e0ad6fafdab621cc02f10727d37d6
tools-iuc	0dfd993e151cb880bbef237ba3d316b4dcf7ffea	deprecated/tools/gatk2/variant_combine.xml	gatk2_variant_combine	e4db6d56faf8a37b56ea9fb99e0d6ce7550d9cf2c6bf082989ddbb8917acce19
tools-iuc	0dfd993e151cb880bbef237ba3d316b4dcf7ffea	deprecated/tools/gatk2/variant_eval.xml	gatk2_variant_eval	4bad7390d0bd4c1b83b63f5d81cb09cc511de4b875876a0a0b1f6146186e94bf
tools-iuc	0dfd993e151cb880bbef237ba3d316b4dcf7ffea	deprecated/tools/gatk2/variant_filtration.xml	gatk2_variant_filtration	4e41f2d7eaf5186314416af166e851c5ec13fac88c57d4b231ac8ce4b6815b96
tools-iuc	0dfd993e151cb880bbef237ba3d316b4dcf7ffea	deprecated/tools/gatk2/variant_recalibrator.xml	gatk2_variant_recalibrator	f2c6f85380d15ca09c0646249e493fe82a1e9369b89668bbd3c7fe9d7875b87a
tools-iuc	0dfd993e151cb880bbef237ba3d316b4dcf7ffea	deprecated/tools/gatk2/variant_select.xml	gatk2_variant_select	d208da02a42f2b0e55318438e1c4fed4748583b3c8bcf06c340cd942895a64ec
tools-iuc	0dfd993e151cb880bbef237ba3d316b4dcf7ffea	deprecated/tools/gatk2/variant_validate.xml	gatk2_variant_validate	0e28292c7dd6f30ccb099067699132eda5fd3528e8905909f6d9821d504dd13c
tools-iuc	0dfd993e151cb880bbef237ba3d316b4dcf7ffea	deprecated/tools/htseq/htseqsams2mx.xml	htseqsams2mxlocal	1e9b47b9fe3bb4e05151577e994aeed3925cf611e91dcbffe666c856ea88d644
tools-iuc	0dfd993e151cb880bbef237ba3d316b4dcf7ffea	deprecated/tools/kobas/kobas_annotate.xml	kobas_annotate	2fdee6c6424e2b3f27c9d577e54455ee794fb74cecf1134d56a1fdfb86beb6b2
tools-iuc	0dfd993e151cb880bbef237ba3d316b4dcf7ffea	deprecated/tools/kobas/kobas_identify.xml	kobas_identify	f100394add8dc1984eeb134f2665d0197955f9e89b6ef7606133ed48947434d6
tools-iuc	0dfd993e151cb880bbef237ba3d316b4dcf7ffea	deprecated/tools/meryl/meryl.xml	meryl	344c971d60202f0498b89cf86c3c6f29577d81fddf173667c17ddc88e9720b8d
tools-iuc	0dfd993e151cb880bbef237ba3d316b4dcf7ffea	deprecated/tools/ncbi_entrez_eutils/egquery.xml	ncbi_eutils_egquery	1e1669cf3893562dae92fdd4caac30f05b5a8f20ce0afbd0878899b3483713d0
tools-iuc	0dfd993e151cb880bbef237ba3d316b4dcf7ffea	deprecated/tools/rdavidwebservice/rdavidwebservice.xml	rdavidwebservice	deb5d06cdd70c7cc8eae68aa03a0ef19a859a0bc7de410505ca7b9988961a2be
tools-iuc	0dfd993e151cb880bbef237ba3d316b4dcf7ffea	deprecated/tools/rglasso/rg_nri.xml	rg_nri	550bbb8ba43cd38e0a053f7f31762b64accd3d95b4c17083a42e05ea7c9617f5
tools-iuc	0dfd993e151cb880bbef237ba3d316b4dcf7ffea	deprecated/tools/rglasso/rglasso_cox.xml	rglasso_cox	42c386441c150c970418ce59e2d2ae2484d9912c23299469258ed27fa4ba3e3a
tools-iuc	0dfd993e151cb880bbef237ba3d316b4dcf7ffea	deprecated/tools/samtool_filter2/samtool_filter2.xml	samtool_filter2	8020047a59696bef2b4346f1b63d714cd6782534d49b980a581e739c18dbc28d
tools-iuc	0dfd993e151cb880bbef237ba3d316b4dcf7ffea	deprecated/tools/tool_factory_2/rgToolFactory2.xml	rgTF2	d509e8c7d1cdca3224a93320806f9e5e26ba89cf02a2c77acf884fdf8e3b568f
tools-iuc	0dfd993e151cb880bbef237ba3d316b4dcf7ffea	tool_collections/bamtools/bamtools/bamtools.xml	bamtools	5ec0646a3ecabb33decb897386651746e05052da68e6947ee17cc806f560d2a9
tools-iuc	0dfd993e151cb880bbef237ba3d316b4dcf7ffea	tool_collections/bamtools/bamtools_filter/bamtools-filter.xml	bamFilter	50ce5580f01a85a9622409e7459cda1f76861fb007c77c73c13700ac5228d58b
tools-iuc	0dfd993e151cb880bbef237ba3d316b4dcf7ffea	tool_collections/bamtools/bamtools_split/bamtools_split_mapped.xml	bamtools_split_mapped	93c393b5762e04354de1c106c8c63df0b95b55330ff03fbebe8f9b08ea31979b
tools-iuc	0dfd993e151cb880bbef237ba3d316b4dcf7ffea	tool_collections/bamtools/bamtools_split/bamtools_split_paired.xml	bamtools_split_paired	980159fba417de22550b381492d23c472ec2bdd13089af06a0128bc73a38807d
tools-iuc	0dfd993e151cb880bbef237ba3d316b4dcf7ffea	tool_collections/bamtools/bamtools_split/bamtools_split_ref.xml	bamtools_split_ref	89100a0eef0e1f4130ae399c9dccabd0ab605ece132fdc9d37eee281b8d5ee57
tools-iuc	0dfd993e151cb880bbef237ba3d316b4dcf7ffea	tool_collections/bamtools/bamtools_split/bamtools_split_tag.xml	bamtools_split_tag	0934988e7811c59bd8748886d2578068cc689bd4f41b817abf22cac3e3cda9c8
tools-iuc	0dfd993e151cb880bbef237ba3d316b4dcf7ffea	tool_collections/biotradis/bacteria_tradis.xml	bacteria_tradis	206f28688eb0ef9bcdd4d2e87fc1ddee66be43330d95906bcfbd04acee574d94
tools-iuc	0dfd993e151cb880bbef237ba3d316b4dcf7ffea	tool_collections/biotradis/tradis_essentiality.xml	tradis_essentiality	fd55a0d18f13fd9d58dc03fddf529941fc1b6fbb000eca7784801d98292534af
tools-iuc	0dfd993e151cb880bbef237ba3d316b4dcf7ffea	tool_collections/biotradis/tradis_gene_insert_sites.xml	tradis_gene_insert_sites	2dd1364c16820249fe4b00aa840cad12f21c864e9d56e0d7092dd6309f42db7c
tools-iuc	0dfd993e151cb880bbef237ba3d316b4dcf7ffea	tool_collections/cufflinks/cuffcompare/cuffcompare_wrapper.xml	cuffcompare	c3c70c4d8621f547a6a2d0987b35d16b437649d7adeda9c31e916fc25acb3478
tools-iuc	0dfd993e151cb880bbef237ba3d316b4dcf7ffea	tool_collections/cufflinks/cuffdiff/cuffdiff_wrapper.xml	cuffdiff	edc997e8db5c780e72fa2a27e93cd7ea2eda462030723d4b4c614e1b3ca8b4f9
tools-iuc	0dfd993e151cb880bbef237ba3d316b4dcf7ffea	tool_collections/cufflinks/cufflinks/cufflinks_wrapper.xml	cufflinks	65b3056a37990d93ada76f23edbcc9e5e8211f80feb6b99c87ec9aef9cd51b2b
tools-iuc	0dfd993e151cb880bbef237ba3d316b4dcf7ffea	tool_collections/cufflinks/cuffmerge/cuffmerge_wrapper.xml	cuffmerge	c309cf1c9979fb93374b242c3da3cd5b2de94c0e1aa4483d0d38c363b1e2eb5a
tools-iuc	0dfd993e151cb880bbef237ba3d316b4dcf7ffea	tool_collections/cufflinks/cuffnorm/cuffnorm_wrapper.xml	cuffnorm	b351b130e984b87c136df70b584d118e3a75847ef0430976d6a124e33c50a9c8
tools-iuc	0dfd993e151cb880bbef237ba3d316b4dcf7ffea	tool_collections/cufflinks/cuffquant/cuffquant_wrapper.xml	cuffquant	cad14eb521d7c36a935757b4fd46e91e37c9162214d25b0a42376ff98c2e79fa
tools-iuc	0dfd993e151cb880bbef237ba3d316b4dcf7ffea	tool_collections/fastx_toolkit/fasta_clipping_histogram/fasta_clipping_histogram.xml	cshl_fasta_clipping_histogram	ce5be1147417ee35521a05595989d4395188bb9811af73c9f933ce9601083b13
tools-iuc	0dfd993e151cb880bbef237ba3d316b4dcf7ffea	tool_collections/fastx_toolkit/fasta_formatter/fasta_formatter.xml	cshl_fasta_formatter	19e9ca5adb661b4cdeb20a11f2b9377926233481ba0416b2b85215dd7cac68a4
tools-iuc	0dfd993e151cb880bbef237ba3d316b4dcf7ffea	tool_collections/fastx_toolkit/fasta_nucleotide_changer/fasta_nucleotide_changer.xml	cshl_fasta_nucleotides_changer	5a5d5c6918eb783798afa97db2a2b30add7c8657af635b47127cd845b73961ad
tools-iuc	0dfd993e151cb880bbef237ba3d316b4dcf7ffea	tool_collections/fastx_toolkit/fastq_quality_boxplot/fastq_quality_boxplot.xml	cshl_fastq_quality_boxplot	84afeb30ce1261be208326ff0037b0959c99efc5873f9b58ea068e0f54fd04cc
tools-iuc	0dfd993e151cb880bbef237ba3d316b4dcf7ffea	tool_collections/fastx_toolkit/fastq_quality_converter/fastq_quality_converter.xml	cshl_fastq_quality_converter	b8efb76a09c4e491df74f21dc4750826c12a8499df657bbbc9caff9b8d370e73
tools-iuc	0dfd993e151cb880bbef237ba3d316b4dcf7ffea	tool_collections/fastx_toolkit/fastq_quality_filter/fastq_quality_filter.xml	cshl_fastq_quality_filter	91b31954e10edbe979bc6503aaed29cb6a16c16aaece232a843d71371c404eba
tools-iuc	0dfd993e151cb880bbef237ba3d316b4dcf7ffea	tool_collections/fastx_toolkit/fastq_to_fasta/fastq_to_fasta.xml	cshl_fastq_to_fasta	76c4fd7b9b6e308f3b51f60a2c479b1278c3781b17dd5f62f6cf5d10a735cf0f
tools-iuc	0dfd993e151cb880bbef237ba3d316b4dcf7ffea	tool_collections/fastx_toolkit/fastx_artifacts_filter/fastx_artifacts_filter.xml	cshl_fastx_artifacts_filter	e787affb7d21ec9ea530c0cd6a9c803ee9f38b50898773b5b77c41de010c195a
tools-iuc	0dfd993e151cb880bbef237ba3d316b4dcf7ffea	tool_collections/fastx_toolkit/fastx_barcode_splitter/fastx_barcode_splitter.xml	cshl_fastx_barcode_splitter	cc491dece4e51ea168eb6d702c129ce8828862fde982bff90372f10814b2b20b
tools-iuc	0dfd993e151cb880bbef237ba3d316b4dcf7ffea	tool_collections/fastx_toolkit/fastx_clipper/fastx_clipper.xml	cshl_fastx_clipper	d134f07b4f6c41f8d239dabf9a785459a614453e4826af1a9a499813130fef51
tools-iuc	0dfd993e151cb880bbef237ba3d316b4dcf7ffea	tool_collections/fastx_toolkit/fastx_collapser/fastx_collapser.xml	cshl_fastx_collapser	6a3f5dae8b5f82b07eae8b06ce06715ce550bff38e7e951757f0837067f41231
tools-iuc	0dfd993e151cb880bbef237ba3d316b4dcf7ffea	tool_collections/fastx_toolkit/fastx_nucleotides_distribution/fastx_nucleotides_distribution.xml	cshl_fastx_nucleotides_distribution	fcc841e0858b59e4abddcd975a26f138c56f1df5c2774a19bcff3caa5b60d972
tools-iuc	0dfd993e151cb880bbef237ba3d316b4dcf7ffea	tool_collections/fastx_toolkit/fastx_quality_statistics/fastx_quality_statistics.xml	cshl_fastx_quality_statistics	0403b46e12a5d019e92679ed21cc7e51540ec2e3b524ac8ed58858fe48a0be99
tools-iuc	0dfd993e151cb880bbef237ba3d316b4dcf7ffea	tool_collections/fastx_toolkit/fastx_renamer/fastx_renamer.xml	cshl_fastx_renamer	bda67d1c3b8640fc0b9b83a553a93d783acb153dc9f9467532d955bdbf01d99f
tools-iuc	0dfd993e151cb880bbef237ba3d316b4dcf7ffea	tool_collections/fastx_toolkit/fastx_reverse_complement/fastx_reverse_complement.xml	cshl_fastx_reverse_complement	a110335ebcbef76e712157e4b61add6afa7eb15fbd3aac9a4019f565c0da498b
tools-iuc	0dfd993e151cb880bbef237ba3d316b4dcf7ffea	tool_collections/fastx_toolkit/fastx_trimmer/fastx_trimmer.xml	cshl_fastx_trimmer	07d560cb0b8146a33c6fdf9272d34ce950b531cd56acf0f93877018193a5ea0a
tools-iuc	0dfd993e151cb880bbef237ba3d316b4dcf7ffea	tool_collections/fgbio/fgbio_findswitchbackreads.xml	fgbio_findswitchbackreads	44ac314ac31941e42b669d5fdde896c5f7800af90768256f5739af0399eac995
tools-iuc	0dfd993e151cb880bbef237ba3d316b4dcf7ffea	tool_collections/galaxy_sequence_utils/fastq_combiner/fastq_combiner.xml	fastq_combiner	bd7dbb8182c8787e8b6b14d6a46ad3fa2b2a2ee9d53452b7d7821155868e30f6
tools-iuc	0dfd993e151cb880bbef237ba3d316b4dcf7ffea	tool_collections/galaxy_sequence_utils/fastq_filter/fastq_filter.xml	fastq_filter	c2552c5d2dbf619d6fe2a848a1231ddb035716934ac406490fc3e24b84d4b633
tools-iuc	0dfd993e151cb880bbef237ba3d316b4dcf7ffea	tool_collections/galaxy_sequence_utils/fastq_groomer/fastq_groomer.xml	fastq_groomer	b113e269db84357980147d8362ee8262d07b2122876ad2a9ba7caf0422a97b89
tools-iuc	0dfd993e151cb880bbef237ba3d316b4dcf7ffea	tool_collections/galaxy_sequence_utils/fastq_manipulation/fastq_manipulation.xml	fastq_manipulation	4fe69e39b9ccc4d664eb4ffc80ac52d77f65a2098c5aec0e8524b0fdf52864c4
tools-iuc	0dfd993e151cb880bbef237ba3d316b4dcf7ffea	tool_collections/galaxy_sequence_utils/fastq_masker_by_quality/fastq_masker_by_quality.xml	fastq_masker_by_quality	8764488b568ba1c96e89db1e4b2b3591254fbbdbcbb0908fab47bcc13e852c1f
tools-iuc	0dfd993e151cb880bbef237ba3d316b4dcf7ffea	tool_collections/galaxy_sequence_utils/fastq_paired_end_deinterlacer/fastq_paired_end_deinterlacer.xml	fastq_paired_end_deinterlacer	160c149a1fd4cbe2f226c96cc48997d0735b912229936104f7417596933a881b
tools-iuc	0dfd993e151cb880bbef237ba3d316b4dcf7ffea	tool_collections/galaxy_sequence_utils/fastq_paired_end_interlacer/fastq_paired_end_interlacer.xml	fastq_paired_end_interlacer	db63c782e4bab256f52bd4c4cfa371ac40856eaaf781f4abf45dd3cc01710d8c
tools-iuc	0dfd993e151cb880bbef237ba3d316b4dcf7ffea	tool_collections/galaxy_sequence_utils/fastq_paired_end_joiner/fastq_paired_end_joiner.xml	fastq_paired_end_joiner	e9c7f41773fa012fa231f155cca105162779f5376fb25e7f336d4eafa78e914d
tools-iuc	0dfd993e151cb880bbef237ba3d316b4dcf7ffea	tool_collections/galaxy_sequence_utils/fastq_paired_end_splitter/fastq_paired_end_splitter.xml	fastq_paired_end_splitter	8e15768a5090308cab9966a740a2f9897063dd9321dd28843bdb2f90e654e681
tools-iuc	0dfd993e151cb880bbef237ba3d316b4dcf7ffea	tool_collections/galaxy_sequence_utils/fastq_stats/fastq_stats.xml	fastq_stats	ba549cf92a524c9eea963d0741aaaaaf5ad225a7c7ba09cbda73ff9d4cd51059
tools-iuc	0dfd993e151cb880bbef237ba3d316b4dcf7ffea	tool_collections/galaxy_sequence_utils/fastq_to_tabular/fastq_to_tabular.xml	fastq_to_tabular	1910c6c1d808d22c2416b631cba67561b5c5b26c1d46a631a9bdcbd5f9a78853
tools-iuc	0dfd993e151cb880bbef237ba3d316b4dcf7ffea	tool_collections/galaxy_sequence_utils/fastq_trimmer/fastq_trimmer.xml	fastq_trimmer	aaf1768371ffacf353bc9f01b243ee45e5888ebec88881877f94cecacc0bfed2
tools-iuc	0dfd993e151cb880bbef237ba3d316b4dcf7ffea	tool_collections/galaxy_sequence_utils/fastqtofasta/fastq_to_fasta.xml	fastq_to_fasta_python	a5cdbf11b9f827694fc35b8072f926e6d80dd2b2b03e913820b9539af03f5909
tools-iuc	0dfd993e151cb880bbef237ba3d316b4dcf7ffea	tool_collections/galaxy_sequence_utils/tabular_to_fastq/tabular_to_fastq.xml	tabular_to_fastq	3695bb30dd0d41093db9e21bcc689b63e8228a6c7a7d96109c5d283df9785e91
tools-iuc	0dfd993e151cb880bbef237ba3d316b4dcf7ffea	tool_collections/kraken/kraken-filter.xml	kraken-filter	cbcd5911ce2309751a3739ad20036532fd644746fff69edaf68d2e416348360c
tools-iuc	0dfd993e151cb880bbef237ba3d316b4dcf7ffea	tool_collections/kraken/kraken-mpa-report.xml	kraken-mpa-report	7c8dcb0527584d020ec24b7ae4b23207098318c43f29e6c62c65202eab40c2b4
tools-iuc	0dfd993e151cb880bbef237ba3d316b4dcf7ffea	tool_collections/kraken/kraken-report.xml	kraken-report	eeb179920f11d42964cc03591b8743feb6a183f69b76dbc9846c8b47fa2ccaf1
tools-iuc	0dfd993e151cb880bbef237ba3d316b4dcf7ffea	tool_collections/kraken/kraken-translate.xml	kraken-translate	81396bedec64c2ad4c4e0d79557133416b558b0dfc94c6e84c214bfe188eb9a0
tools-iuc	0dfd993e151cb880bbef237ba3d316b4dcf7ffea	tool_collections/kraken/kraken.xml	kraken	4cfe63ce36ce9b97affd805395af01f911671f725aba43690a63e7fb5e3a3722
tools-iuc	0dfd993e151cb880bbef237ba3d316b4dcf7ffea	tool_collections/kraken2/kraken2/kraken2.xml	kraken2	28ada6c56df5e56998a20099812960a93bd5cb963c8357983d051f4ba93eda38
tools-iuc	0dfd993e151cb880bbef237ba3d316b4dcf7ffea	tool_collections/samtools/bam_to_cram/samtools_bam_to_cram.xml	samtools_bam_to_cram	d59ecf0137b0743d62ee875cbdeaaf57b53be447a5db449e5f8dcedf41838b7f
tools-iuc	0dfd993e151cb880bbef237ba3d316b4dcf7ffea	tool_collections/samtools/bam_to_sam/bam_to_sam.xml	bam_to_sam	9b37402ec10afa89dc4a94b23c42644cb2a0f31b4c2de571e815b09f18f5b860
tools-iuc	0dfd993e151cb880bbef237ba3d316b4dcf7ffea	tool_collections/samtools/cram_to_bam/samtools_cram_to_bam.xml	samtools_cram_to_bam	6ee20f1598489da0a6d3ae655f04031ffada5ff510190d334abf6b7150410bf2
tools-iuc	0dfd993e151cb880bbef237ba3d316b4dcf7ffea	tool_collections/samtools/sam_to_bam/sam_to_bam.xml	sam_to_bam	9882825e27b1fbcdc91e4f3d1c3b8b1a8f6ec679e5b1ece958c2619ea146531a
tools-iuc	0dfd993e151cb880bbef237ba3d316b4dcf7ffea	tool_collections/samtools/samtools_ampliconclip/samtools_ampliconclip.xml	samtools_ampliconclip	a5fdd8d1e7d99dc500a1eef21a18cbc49d81dcd926e6a51f13515f2cf6a5efe7
tools-iuc	0dfd993e151cb880bbef237ba3d316b4dcf7ffea	tool_collections/samtools/samtools_bedcov/samtools_bedcov.xml	samtools_bedcov	b15bc9bc608ddcf54f5d0d173bdc25389f1c351480e121f6c4776d04458e6068
tools-iuc	0dfd993e151cb880bbef237ba3d316b4dcf7ffea	tool_collections/samtools/samtools_calmd/samtools_calmd.xml	samtools_calmd	17f7b5e78827e14fbb1a043b6d36153ed03714d868c307f2bc3b2c835ef3a3b2
tools-iuc	0dfd993e151cb880bbef237ba3d316b4dcf7ffea	tool_collections/samtools/samtools_collate/samtools_collate.xml	samtools_collate	8d86dc421e3a5d2cadbdfcf17dad5d766a8b691927fa4f1be339025fadf6badb
tools-iuc	0dfd993e151cb880bbef237ba3d316b4dcf7ffea	tool_collections/samtools/samtools_consensus/samtools_consensus.xml	samtools_consensus	863bac12acdee2022c318dd551bd608ab66bdd77d0a810c5a6bef3d1a1d0a643
tools-iuc	0dfd993e151cb880bbef237ba3d316b4dcf7ffea	tool_collections/samtools/samtools_coverage/samtools_coverage.xml	samtools_coverage	e1051b9f720bee6cc70790b8be47867af25f9cb03fa906e56d10492b2c082464
tools-iuc	0dfd993e151cb880bbef237ba3d316b4dcf7ffea	tool_collections/samtools/samtools_depth/samtools_depth.xml	samtools_depth	956abf481159fc2122d64f1789f736ebf8aa790586cc515ee5cc239d34ea5ad4
tools-iuc	0dfd993e151cb880bbef237ba3d316b4dcf7ffea	tool_collections/samtools/samtools_faidx/samtools_faidx.xml	samtools_faidx	8cd9fa1c842c74564004a059f0ff5956e5ac0896c2f472f1f88305581a592079
tools-iuc	0dfd993e151cb880bbef237ba3d316b4dcf7ffea	tool_collections/samtools/samtools_fastx/samtools_fastx.xml	samtools_fastx	e1601819fe7f12db430535598067a190d2d0c78e5acca5b1be1b81f20a59f43e
tools-iuc	0dfd993e151cb880bbef237ba3d316b4dcf7ffea	tool_collections/samtools/samtools_fixmate/samtools_fixmate.xml	samtools_fixmate	557eaace6ca17dc616fa9374b5bdaf4782bdd90a8d9bb5baf9318a42eaa3b658
tools-iuc	0dfd993e151cb880bbef237ba3d316b4dcf7ffea	tool_collections/samtools/samtools_flagstat/samtools_flagstat.xml	samtools_flagstat	8536a7f4952fc70986a5065b2e986ff8a9d1f373d08802ada6f2d8e1a4b323ea
tools-iuc	0dfd993e151cb880bbef237ba3d316b4dcf7ffea	tool_collections/samtools/samtools_idxstats/samtools_idxstats.xml	samtools_idxstats	e0a14955aca385c6e0c29149df006cdf1486557a4c744fa43423ef2549c33190
tools-iuc	0dfd993e151cb880bbef237ba3d316b4dcf7ffea	tool_collections/samtools/samtools_markdup/samtools_markdup.xml	samtools_markdup	83c98e1d865856a513b99f27713f800b0b4caa442cbb4fb751f974ed5b21b221
tools-iuc	0dfd993e151cb880bbef237ba3d316b4dcf7ffea	tool_collections/samtools/samtools_merge/samtools_merge.xml	samtools_merge	37d818b7a5d3873e45cb1961a518643c1c4d4310750522934536ba3f8a318efb
tools-iuc	0dfd993e151cb880bbef237ba3d316b4dcf7ffea	tool_collections/samtools/samtools_mpileup/samtools_mpileup.xml	samtools_mpileup	2ef5f1078d0395148da37db003c0086cd0263b2f880584705f55811e54fd60b8
tools-iuc	0dfd993e151cb880bbef237ba3d316b4dcf7ffea	tool_collections/samtools/samtools_phase/samtools_phase.xml	samtools_phase	ac62e5de4deda9ecfe904c262d14425d1df4df16ba15f05143c087ceb5bd01d5
tools-iuc	0dfd993e151cb880bbef237ba3d316b4dcf7ffea	tool_collections/samtools/samtools_reheader/samtools_reheader.xml	samtools_reheader	19c1d7a57bc59d18c0f759b80a72f1ab16565f705b5e6fef529fa264e943e6ec
tools-iuc	0dfd993e151cb880bbef237ba3d316b4dcf7ffea	tool_collections/samtools/samtools_slice_bam/samtools_slice_bam.xml	samtools_slice_bam	7146c14766f984fd1ee272323e2dfd8bfb67090478048058dae17d34ea359a04
tools-iuc	0dfd993e151cb880bbef237ba3d316b4dcf7ffea	tool_collections/samtools/samtools_sort/samtools_sort.xml	samtools_sort	d8aa19897cb18379628fd8ea7e91b27379277f02e537ff3664ab5f5fa5c506f7
tools-iuc	0dfd993e151cb880bbef237ba3d316b4dcf7ffea	tool_collections/samtools/samtools_split/samtools_split.xml	samtools_split	13fa76b7b7bfd643e9408236d3ea4b29ec589e2cdfaae0c8087c556f3e9217b2
tools-iuc	0dfd993e151cb880bbef237ba3d316b4dcf7ffea	tool_collections/samtools/samtools_stats/samtools_stats.xml	samtools_stats	5f7006f63d9684fee232f8716e734d17a5c51ddab0fae704d87e444da7acec6b
tools-iuc	0dfd993e151cb880bbef237ba3d316b4dcf7ffea	tool_collections/samtools/samtools_view/samtools_view.xml	samtools_view	4ce855d6fd4e667a10dfdefa1bf1d385d660f872a2d8751a869a45559aea8169
tools-iuc	0dfd993e151cb880bbef237ba3d316b4dcf7ffea	tool_collections/snpeff/snpEff.xml	snpEff	ce222c27f73adf73748cf4a25b4a4b80c12697d5c1063137f96dce61c0762439
tools-iuc	0dfd993e151cb880bbef237ba3d316b4dcf7ffea	tool_collections/snpeff/snpEff_create_db.xml	snpEff_build_gb	9624af92fd37f31188e8252d2d69b0a41a1d520a2afdd2ae531462120d478b22
tools-iuc	0dfd993e151cb880bbef237ba3d316b4dcf7ffea	tool_collections/snpeff/snpEff_databases.xml	snpEff_databases	4de01871fcf835fa6999fbec2fccd7712be6fb9efe8dfc5951ac9a48b6e00fa6
tools-iuc	0dfd993e151cb880bbef237ba3d316b4dcf7ffea	tool_collections/snpeff/snpEff_download.xml	snpEff_download	43a4037e43aaae3885a0076f8feb0364146754e052d92f580c8725b675831bb4
tools-iuc	0dfd993e151cb880bbef237ba3d316b4dcf7ffea	tool_collections/snpeff/snpeff_get_chr_names.xml	snpEff_get_chr_names	eb73cfd5eba5c08ecd3748b325c7572d73b22f8bba78f20830d9a824a65752e9
tools-iuc	0dfd993e151cb880bbef237ba3d316b4dcf7ffea	tool_collections/snpsift/snpsift/snpSift_annotate.xml	snpSift_annotate	691bb75b6261e673e30fad7e9f01a48fca52ef5a6506e07f93cf71cffa15cab5
tools-iuc	0dfd993e151cb880bbef237ba3d316b4dcf7ffea	tool_collections/snpsift/snpsift/snpSift_caseControl.xml	snpSift_caseControl	6a0b44e6e1fe27a9bf9a506af413210881eb02ac7d5d6ed0bcba5cf5d8bd1604
tools-iuc	0dfd993e151cb880bbef237ba3d316b4dcf7ffea	tool_collections/snpsift/snpsift/snpSift_extractFields.xml	snpSift_extractFields	0845a24665b49334418df8d8341e96ce52fdd4f6a5d692d691372fced2623821
tools-iuc	0dfd993e151cb880bbef237ba3d316b4dcf7ffea	tool_collections/snpsift/snpsift/snpSift_filter.xml	snpSift_filter	5fcda5bcf5b148a9ca414aaf9a2e308beb80758db527096e29c166d0fe63b514
tools-iuc	0dfd993e151cb880bbef237ba3d316b4dcf7ffea	tool_collections/snpsift/snpsift/snpSift_int.xml	snpSift_int	7e394444888f84da6aa468cf838b65b4b012481552f4172f2df201c2d829a526
tools-iuc	0dfd993e151cb880bbef237ba3d316b4dcf7ffea	tool_collections/snpsift/snpsift/snpSift_rmInfo.xml	snpSift_rmInfo	ed869a6c557bbef6b2dc4922636a5fd876c49faedafca283f4ca5dba38c0fa60
tools-iuc	0dfd993e151cb880bbef237ba3d316b4dcf7ffea	tool_collections/snpsift/snpsift/snpSift_vartype.xml	snpsift_vartype	49e2e2fc747a5730e621c42d43986dbacdc33ea51975b483ffbe3e829d2c1eb7
tools-iuc	0dfd993e151cb880bbef237ba3d316b4dcf7ffea	tool_collections/snpsift/snpsift/snpSift_vcfCheck.xml	snpSift_vcfCheck	0208d2e18b9a2187c9ca0cc4a1ee43127a4799ad9ecaeb26a5f72e4c3cd79a30
tools-iuc	0dfd993e151cb880bbef237ba3d316b4dcf7ffea	tool_collections/snpsift/snpsift_dbnsfp/snpSift_dbnsfp.xml	snpSift_dbnsfp	f7910f8d561892fa26c67e8ca94039a056efc6783f09322a219fe6e7ad128a09
tools-iuc	0dfd993e151cb880bbef237ba3d316b4dcf7ffea	tool_collections/snpsift/snpsift_genesets/snpSift_geneSets.xml	snpSift_geneSets	ad24b655816f128553105aa2bf42e3b56b5600269c42bc74f12ede196230bd55
tools-iuc	0dfd993e151cb880bbef237ba3d316b4dcf7ffea	tool_collections/vcflib/vcf2tsv/vcf2tsv.xml	vcf2tsv	2bea8bfdb74be3d28b7007648a788eb03ee2020fc2a01c931b8a3ca413e460be
tools-iuc	0dfd993e151cb880bbef237ba3d316b4dcf7ffea	tool_collections/vcflib/vcfaddinfo/vcfaddinfo.xml	vcfaddinfo	0785bdd1675afe253ed9d9c92dd63833b7bb94f17fb8d300c3365b7b451be1dd
tools-iuc	0dfd993e151cb880bbef237ba3d316b4dcf7ffea	tool_collections/vcflib/vcfallelicprimitives/vcfallelicprimitives.xml	vcfallelicprimitives	1ad87bba5e869f0a6a83e44622da0c0cb2d18e82df3ba61fcaf959be1083af19
tools-iuc	0dfd993e151cb880bbef237ba3d316b4dcf7ffea	tool_collections/vcflib/vcfannotate/vcfannotate.xml	vcfannotate	db3de0bc7150385d32b23e0a2e6e3951514fa2228ffc8fd60c63f2af662cbec5
tools-iuc	0dfd993e151cb880bbef237ba3d316b4dcf7ffea	tool_collections/vcflib/vcfannotategenotypes/vcfannotategenotypes.xml	vcfannotategenotypes	d9b36b8d8ed5648fee25c96918466b8464bc36820d8dbf2f1c548138fdfda35f
tools-iuc	0dfd993e151cb880bbef237ba3d316b4dcf7ffea	tool_collections/vcflib/vcfbedintersect/vcfbedintersect.xml	vcfbedintersect	77d863870d58ac64e2b947d63133d54b6c7f1549de54513d0fadeced9dbb3e92
tools-iuc	0dfd993e151cb880bbef237ba3d316b4dcf7ffea	tool_collections/vcflib/vcfbreakcreatemulti/vcfbreakcreatemulti.xml	vcfbreakcreatemulti	f2f4ae8e5d6993d7d36d712548cd272264d0f538acdaf299b7dfd95b402c6ef3
tools-iuc	0dfd993e151cb880bbef237ba3d316b4dcf7ffea	tool_collections/vcflib/vcfcheck/vcfcheck.xml	vcfcheck	2e43ba8301dd920ff12f13117c94418d4feaff8aaacb97ed96bb21d36a6c2fb2
tools-iuc	0dfd993e151cb880bbef237ba3d316b4dcf7ffea	tool_collections/vcflib/vcfcombine/vcfcombine.xml	vcfcombine	0e548013871e830ce8c0b8083db2b4c6c65c2c1660b8370e65bd9d2f35413194
tools-iuc	0dfd993e151cb880bbef237ba3d316b4dcf7ffea	tool_collections/vcflib/vcfcommonsamples/vcfcommonsamples.xml	vcfcommonsamples	1b5164b9140ac7860f4fb02822a1e88df395a9625b5f9cfb07eb458d8878874d
tools-iuc	0dfd993e151cb880bbef237ba3d316b4dcf7ffea	tool_collections/vcflib/vcfdistance/vcfdistance.xml	vcfdistance	24d0cf3a96378fafd2a9d8a09cf6fffa87d515ac0038cdd6fa56ab6761520f23
tools-iuc	0dfd993e151cb880bbef237ba3d316b4dcf7ffea	tool_collections/vcflib/vcffilter/vcffilter.xml	vcffilter2	4a46ad21e363eaea51f22a5bde918c090a9212e59f820bb90d93b1c54f424d82
tools-iuc	0dfd993e151cb880bbef237ba3d316b4dcf7ffea	tool_collections/vcflib/vcffixup/vcffixup.xml	vcffixup	09e75f7ba247349d2cceead8d5771669b496b6e7f4342c0d44567d6d64b8fb20
tools-iuc	0dfd993e151cb880bbef237ba3d316b4dcf7ffea	tool_collections/vcflib/vcfflatten/vcfflatten.xml	vcfflatten2	e16934db28fa3c39214f0652a34cc85ec9f2a33753e8b1e3597e3e97ad493b04
tools-iuc	0dfd993e151cb880bbef237ba3d316b4dcf7ffea	tool_collections/vcflib/vcfgeno2haplo/vcfgeno2haplo.xml	vcfgeno2haplo	931373955fbb527b98d8b92950998fe3703ba8dae8690f64d610f4a0ee242ffb
tools-iuc	0dfd993e151cb880bbef237ba3d316b4dcf7ffea	tool_collections/vcflib/vcfgenotypes/vcfgenotypes.xml	vcfgenotypes	e91ecad4017ef7f3d9209cf7928bb6fa487298803ad2d2b6699ecb81f28aeba8
tools-iuc	0dfd993e151cb880bbef237ba3d316b4dcf7ffea	tool_collections/vcflib/vcfhethom/vcfhethom.xml	vcfhethom	ddeb2d603d4a94b1d1bc10635c03ae15722c28f80257ce2c60081e99e9a554f1
tools-iuc	0dfd993e151cb880bbef237ba3d316b4dcf7ffea	tool_collections/vcflib/vcfleftalign/vcfleftalign.xml	vcfleftalign	cb10361702e5de0141093f9bd90101166883865b54c9d30d141494ed49390999
tools-iuc	0dfd993e151cb880bbef237ba3d316b4dcf7ffea	tool_collections/vcflib/vcfprimers/vcfprimers.xml	vcfprimers	424d87bfd36ec8836f706b9ad0923983b73ba9852f3f6b4a5a412115c0f15d0e
tools-iuc	0dfd993e151cb880bbef237ba3d316b4dcf7ffea	tool_collections/vcflib/vcfrandomsample/vcfrandomsample.xml	vcfrandomsample	9e6c2d486fa1841b4433769d22f85f99f18b2169ddc55c9de9aa7e35eb580ea5
tools-iuc	0dfd993e151cb880bbef237ba3d316b4dcf7ffea	tool_collections/vcflib/vcfselectsamples/vcfselectsamples.xml	vcfselectsamples	2c485b52d514bac7efb7172cd17366d33fe619035ce84396e964fe7578385be5
tools-iuc	0dfd993e151cb880bbef237ba3d316b4dcf7ffea	tool_collections/vcflib/vcfsort/vcfsort.xml	vcfsort	24fcf03e292c54f51f65463d38535d4ee95f7c9edf51742af05047971df4d912
tools-iuc	0dfd993e151cb880bbef237ba3d316b4dcf7ffea	tool_collections/vcflib/vcfvcfintersect/vcfvcfintersect.xml	vcfvcfintersect	f7497dfd2028569d5424240273a328bbba3defdb1133f1ef654ebd1383c2f6c8
tools-iuc	0dfd993e151cb880bbef237ba3d316b4dcf7ffea	tools/TrimNs/TrimNs.xml	trimns	1b696f278996a13762ba57eb5ea23df09b77a5204843235aa41fc866d1f3a8d9
tools-iuc	0dfd993e151cb880bbef237ba3d316b4dcf7ffea	tools/abricate/abricate.xml	abricate	61457d2541253270c5b7950a30caf514f4ab7ea4b8a4d2a26abcae7147cc2a9e
tools-iuc	0dfd993e151cb880bbef237ba3d316b4dcf7ffea	tools/abricate/abricate_list.xml	abricate_list	58fcbaf953816e7d0f4f423585df3bc0f4203aac9f8e864a2835cdda49812ee1
tools-iuc	0dfd993e151cb880bbef237ba3d316b4dcf7ffea	tools/abricate/abricate_summary.xml	abricate_summary	e8a78dc1f0d6764167d17b730ac247e2965a955418137e8adcc4fa8f6cdf853c
tools-iuc	0dfd993e151cb880bbef237ba3d316b4dcf7ffea	tools/abritamr/abritamr.xml	abritamr	8651db64705cb3179711d1c3eff189f552d8bf1211718055b1bdb959f9a6001a
tools-iuc	0dfd993e151cb880bbef237ba3d316b4dcf7ffea	tools/abyss/abyss-pe.xml	abyss-pe	7354f44a604cd27c950a096158aefb528c6dac48c28827d495b99847522eea6a
tools-iuc	0dfd993e151cb880bbef237ba3d316b4dcf7ffea	tools/adapter_removal/adapter_removal.xml	adapter_removal	8ad9fe69ab2fb6de758d1e03919c6ca2f6f3ed1045bcd47fd329c3d5501ca074
tools-iuc	0dfd993e151cb880bbef237ba3d316b4dcf7ffea	tools/add_input_name_as_column/add_input_name_as_column.xml	addName	4ddb4f3f3a73813285f293e687cffb28f5389ed65a54b2ab06a9c53014df4551
tools-iuc	0dfd993e151cb880bbef237ba3d316b4dcf7ffea	tools/aegean/canongff3.xml	aegean_canongff3	0308d17efcead9a4f01cd6941aea800a1f8c3f56377b1db36c607ba1a0d0800f
tools-iuc	0dfd993e151cb880bbef237ba3d316b4dcf7ffea	tools/aegean/gaeval.xml	aegean_gaeval	d4aa04da378742d8fa9315e7f7d3843ccdadeb2d2296c78a0ad86d81a563e03c
tools-iuc	0dfd993e151cb880bbef237ba3d316b4dcf7ffea	tools/aegean/locuspocus.xml	aegean_locuspocus	88579b17a5d5e72dd2d37918e9b8d49f9081647ae6ed762e70e46936cde90671
tools-iuc	0dfd993e151cb880bbef237ba3d316b4dcf7ffea	tools/aegean/parseval.xml	aegean_parseval	6653dc00cac57033ca0c9830158c1a8f730dd59e7047c93028e08d9b8d73898b
tools-iuc	0dfd993e151cb880bbef237ba3d316b4dcf7ffea	tools/aldex2/aldex2.xml	aldex2	9350fb0c5fbaa55e7f8488059df97c174ed6e6749bb7cacf11ccc9db5207f97c
tools-iuc	0dfd993e151cb880bbef237ba3d316b4dcf7ffea	tools/allegro/allegro.xml	allegro	5784997fbab8635205aadaf64f6b10c433c5d1aca83c8329b4353e64239a1fdd
tools-iuc	0dfd993e151cb880bbef237ba3d316b4dcf7ffea	tools/alphagenome/alphagenome_interval_predictor.xml	alphagenome_interval_predictor	ce90ffe6ee405bd61d52c8a8d49fae055a722cb38a27d72800e408fea4eb6b98
tools-iuc	0dfd993e151cb880bbef237ba3d316b4dcf7ffea	tools/alphagenome/alphagenome_ism_scanner.xml	alphagenome_ism_scanner	f38178ee00815ebd70705956f6bc30fde7bc6da1b5c1cce3e387fa01678415bb
tools-iuc	0dfd993e151cb880bbef237ba3d316b4dcf7ffea	tools/alphagenome/alphagenome_sequence_predictor.xml	alphagenome_sequence_predictor	cb715e03e96107b2ba2d593fd78a6ac8a7e9a9722c6d8c4db1bc935ccd2d9675
tools-iuc	0dfd993e151cb880bbef237ba3d316b4dcf7ffea	tools/alphagenome/alphagenome_variant_effect.xml	alphagenome_variant_effect	d314d40e41d78b82b976c3990073e6f8f431672353bcfa67b873e2b2b2d9812a
tools-iuc	0dfd993e151cb880bbef237ba3d316b4dcf7ffea	tools/alphagenome/alphagenome_variant_scorer.xml	alphagenome_variant_scorer	fde1aff67df61320a0c82e205488234e03e9d172fbe3270dce3f5561aedcf7dc
tools-iuc	0dfd993e151cb880bbef237ba3d316b4dcf7ffea	tools/amas/amas_concat.xml	amas_concat	43051bd196124baaf9e3402be7ef3bb8cecc7dc3ecf90ab0573f01b08aa41e18
tools-iuc	0dfd993e151cb880bbef237ba3d316b4dcf7ffea	tools/amas/amas_remove.xml	amas_remove	62c25168d288542eac1fd2609fb86f7a099b97011d8c404972594596daf4356c
tools-iuc	0dfd993e151cb880bbef237ba3d316b4dcf7ffea	tools/amas/amas_replicate.xml	amas_replicate	d317ee90c96dd27b27951af09d66b46b658847d82a37048e1c8ddc902997bf88
tools-iuc	0dfd993e151cb880bbef237ba3d316b4dcf7ffea	tools/amas/amas_split.xml	amas_split	47b9074a355d47804aa43266aac5d27362b1eca515baa33bef92317ae49caad7
tools-iuc	0dfd993e151cb880bbef237ba3d316b4dcf7ffea	tools/amas/amas_summary.xml	amas_summary	3f787d8911b1e6a4f67a9d2a0a1700fe948eb9c1c2d3bfecf3f3bdf3cf4395d5
tools-iuc	0dfd993e151cb880bbef237ba3d316b4dcf7ffea	tools/amplican/amplican.xml	amplican	2991bf7765feab924a99a5a3b37c70121f7a510c697e91589c78cd64b3bdbdf3
tools-iuc	0dfd993e151cb880bbef237ba3d316b4dcf7ffea	tools/ampligone/ampligone.xml	ampligone	7fa5a1f7d1f4f7bcf37d55710b81da8179304eb4f4459460b3c5c6cc48dab3b9
tools-iuc	0dfd993e151cb880bbef237ba3d316b4dcf7ffea	tools/ampvis2/alpha_diversity.xml	ampvis2_alpha_diversity	4ef009b9ae261f4a0fadcba6ee559aaad76e00b6f3f2b02e5dfe26c9b2b29971
tools-iuc	0dfd993e151cb880bbef237ba3d316b4dcf7ffea	tools/ampvis2/boxplot.xml	ampvis2_boxplot	547485ad797a755dd8cac44ce2e63e3174ac5a0ccc6bf48e06e2176e83fbf6ff
tools-iuc	0dfd993e151cb880bbef237ba3d316b4dcf7ffea	tools/ampvis2/core.xml	ampvis2_core	3aa6bdf61e85535314b47e36122169866142cfa543b115dd8319edfed02a333a
tools-iuc	0dfd993e151cb880bbef237ba3d316b4dcf7ffea	tools/ampvis2/export_fasta.xml	ampvis2_export_fasta	0f02aff4225c0ca77f22555c53526bfb4e477dec831a7c86ce9b59da5589a949
tools-iuc	0dfd993e151cb880bbef237ba3d316b4dcf7ffea	tools/ampvis2/export_otu.xml	ampvis2_export_otu	8a5ae01dc4896856b8e72fb7c334437f1f0c3f207e8287e2d09cd646dc52a099
tools-iuc	0dfd993e151cb880bbef237ba3d316b4dcf7ffea	tools/ampvis2/frequency.xml	ampvis2_frequency	a03b6e459a1f786240df2dcdf6548019b505d3fbbc0db05202a95fb2b5543c35
tools-iuc	0dfd993e151cb880bbef237ba3d316b4dcf7ffea	tools/ampvis2/heatmap.xml	ampvis2_heatmap	b4dc8f0857a656303be900a8bd7b10a1c8f38ca43b7eff66ecfcf7b1abe8ad96
tools-iuc	0dfd993e151cb880bbef237ba3d316b4dcf7ffea	tools/ampvis2/load.xml	ampvis2_load	7d7cc7aff1c7d5380f452a8f14917156459f3e2207a4268365815857b007bb45
tools-iuc	0dfd993e151cb880bbef237ba3d316b4dcf7ffea	tools/ampvis2/merge_ampvis2.xml	ampvis2_merge_ampvis2	e13983053d45406713b222363f42e3273470c0ce64cf167e9326950d9c9ba7f2
tools-iuc	0dfd993e151cb880bbef237ba3d316b4dcf7ffea	tools/ampvis2/mergereplicates.xml	ampvis2_mergereplicates	797fd4c79a7b82f9bf6883ecc1b437ea621b4a08248dd96e4527d10c505e98f7
tools-iuc	0dfd993e151cb880bbef237ba3d316b4dcf7ffea	tools/ampvis2/octave.xml	ampvis2_octave	334cef0055d600bb8a0ee96b6be848f5e7f9bfe54481fb47dbaafa750f6ab021
tools-iuc	0dfd993e151cb880bbef237ba3d316b4dcf7ffea	tools/ampvis2/ordinate.xml	ampvis2_ordinate	1e54e73673cf479c7d6a431337989a75a003737d79b56e5a2d54220b13c57b2e
tools-iuc	0dfd993e151cb880bbef237ba3d316b4dcf7ffea	tools/ampvis2/otu_network.xml	ampvis2_otu_network	1def993024eb71c33f72c270dfa76ed788e289b4123844b28ca4710580f0d7f6
tools-iuc	0dfd993e151cb880bbef237ba3d316b4dcf7ffea	tools/ampvis2/rankabundance.xml	ampvis2_rankabundance	412251ce203e7efb5fbd32688472fee552b37fa7545399287111931bd93d323b
tools-iuc	0dfd993e151cb880bbef237ba3d316b4dcf7ffea	tools/ampvis2/rarecurve.xml	ampvis2_rarecurve	41c8f687695ed9ee5673ccb96c297d91120be6303e70f1f8dac88b6e01c0a5fa
tools-iuc	0dfd993e151cb880bbef237ba3d316b4dcf7ffea	tools/ampvis2/setmetadata.xml	ampvis2_setmetadata	02044db3b1a98892843de2627bd7f0cfb56285f596ec879f73590d8c71d314e8
tools-iuc	0dfd993e151cb880bbef237ba3d316b4dcf7ffea	tools/ampvis2/subset_samples.xml	ampvis2_subset_samples	d5ffecd06a7703e8267e7ff066572a916e587129bb59c130cd4b97d2430bd359
tools-iuc	0dfd993e151cb880bbef237ba3d316b4dcf7ffea	tools/ampvis2/subset_taxa.xml	ampvis2_subset_taxa	c4fc79a947be85514374be27283ccc33f453819893a9611ab1b7c44d80eb599a
tools-iuc	0dfd993e151cb880bbef237ba3d316b4dcf7ffea	tools/ampvis2/timeseries.xml	ampvis2_timeseries	58c0bbdf896459d5b01ad095ccde68bc8c30363439811df069cc73bd3aa05905
tools-iuc	0dfd993e151cb880bbef237ba3d316b4dcf7ffea	tools/ampvis2/venn.xml	ampvis2_venn	b346cfc47345ed6fc93816c54eeace58f877b1b8598f901517d98d450d1b1f18
tools-iuc	0dfd993e151cb880bbef237ba3d316b4dcf7ffea	tools/amrfinderplus/amrfinderplus.xml	amrfinderplus	a748a2c4f7eafa6826ef35b27bfb688d5cfc0ffb8c8fb5a0dc73b5424fa251d9
tools-iuc	0dfd993e151cb880bbef237ba3d316b4dcf7ffea	tools/ancombc/ancombc.xml	ancombc	2305aee2a19c68fd217a722bdb81ac0632351cf5612a5b21e622739533fb26e4
tools-iuc	0dfd993e151cb880bbef237ba3d316b4dcf7ffea	tools/angsd/angsd.xml	angsd	a2b236290d7b57e1aad4e85f977ba1894e8c20f31e46541e1882a55484d808f3
tools-iuc	0dfd993e151cb880bbef237ba3d316b4dcf7ffea	tools/angsd/angsd_contamination.xml	angsd_contamination	5db9ac7814ad3eecf5b211be51bafe588bf28a310de702e6a4f76571e9c8dd34
tools-iuc	0dfd993e151cb880bbef237ba3d316b4dcf7ffea	tools/anndata/export.xml	anndata_export	e539a4dbb4adf6fc52b47617bc33cb4aa31372c3d133bb67d5d9cbadd8e8a330
tools-iuc	0dfd993e151cb880bbef237ba3d316b4dcf7ffea	tools/anndata/import.xml	anndata_import	4911d09d9f5638f5ec2ef97ea25513a5e347302880416b887d285d9bdbfd6566
tools-iuc	0dfd993e151cb880bbef237ba3d316b4dcf7ffea	tools/anndata/inspect.xml	anndata_inspect	cc924d7cc94ae8bf843058123f3aa401e7a0c08c083932ffbd1e9346f4859665
tools-iuc	0dfd993e151cb880bbef237ba3d316b4dcf7ffea	tools/anndata/manipulate.xml	anndata_manipulate	3b727bfcd656c9c70475a02eb2aad541246e38ccde1626c42a9030401b5f5c03
tools-iuc	0dfd993e151cb880bbef237ba3d316b4dcf7ffea	tools/anndata/modify_loom.xml	modify_loom	cee90ed9681c83ca4ca143b8af26bbc989dfb740d59562c5437c91b5eeb219a2
tools-iuc	0dfd993e151cb880bbef237ba3d316b4dcf7ffea	tools/anndata2ri/anndata2ri.xml	anndata2ri	bb370722be797df88ebebb06da1e7703d73542cf93e7adb84b4261036d4ce9bb
tools-iuc	0dfd993e151cb880bbef237ba3d316b4dcf7ffea	tools/annotatemyids/annotateMyIDs.xml	annotatemyids	8a556947d680ef50e9e17d19abb513c200272a7a80121c12bc46cc7410ff330b
tools-iuc	0dfd993e151cb880bbef237ba3d316b4dcf7ffea	tools/argnorm/argnorm.xml	argnorm	9a8970b92850621e083cc39b9ea5358f66590efb686b670423c2827245477ffa
tools-iuc	0dfd993e151cb880bbef237ba3d316b4dcf7ffea	tools/arriba/arriba.xml	arriba	0660f8d38e5e7c28168343b89afe4ddf000a017664a7af9a613182294ad41914
tools-iuc	0dfd993e151cb880bbef237ba3d316b4dcf7ffea	tools/arriba/arriba_draw_fusions.xml	arriba_draw_fusions	71faaf37ff8eaa27312bbc4c4007a045ca9ada8ef5dd9cc912c4e3d9d178d466
tools-iuc	0dfd993e151cb880bbef237ba3d316b4dcf7ffea	tools/arriba/arriba_get_filters.xml	arriba_get_filters	107ac785e50a9123839d7ffc47d3f996155e261305a899705462fda5f6cf5166
tools-iuc	0dfd993e151cb880bbef237ba3d316b4dcf7ffea	tools/art/art_454.xml	art_454	94fd123d992f480cb0a8d60d70b0e90b7e76b9e4ef6a997da2dbcb096e1bf259
tools-iuc	0dfd993e151cb880bbef237ba3d316b4dcf7ffea	tools/art/art_illumina.xml	art_illumina	9c280773290d604cff8006114720ce3659bf05bb8211b075e9067b4cb63249cf
tools-iuc	0dfd993e151cb880bbef237ba3d316b4dcf7ffea	tools/art/art_solid.xml	art_solid	dcf58d239506ef9e164d757b50431438d78f44b368548c2a7acdd177190089ec
tools-iuc	0dfd993e151cb880bbef237ba3d316b4dcf7ffea	tools/artic/artic_guppyplex.xml	artic_guppyplex	77e6aadde2d5c9a06260e122ab7c22742664694996719255f727c7ea2921dfec
tools-iuc	0dfd993e151cb880bbef237ba3d316b4dcf7ffea	tools/artic/artic_minion.xml	artic_minion	6e9cb35aa59e4cc1979a59e1d5e0eb7bd5903bdd29cef45a39f03c295b9f0374
tools-iuc	0dfd993e151cb880bbef237ba3d316b4dcf7ffea	tools/assembly-stats/assembly-stats.xml	assembly_stats	66663f35f293a23cc1133d5f7791d211de54951f369406385d68dfde1877b9b3
tools-iuc	0dfd993e151cb880bbef237ba3d316b4dcf7ffea	tools/astral/astral.xml	astral	8c18f15082a73605b67acfe40803a7b052f54cde1d35d83a3c38dc9aed21d3ba
tools-iuc	0dfd993e151cb880bbef237ba3d316b4dcf7ffea	tools/augustus/augustus.xml	augustus	4f7897a6ee4ce9213fa2676b0451b72822104d7c86a9e281420ed26a124e422a
tools-iuc	0dfd993e151cb880bbef237ba3d316b4dcf7ffea	tools/augustus/augustus_training.xml	augustus_training	2cbc04c63da0f975a3f6a2603eec9efd940e3052944590e19fc8411ff89555cf
tools-iuc	0dfd993e151cb880bbef237ba3d316b4dcf7ffea	tools/autobigs/autobigs-cli.xml	autobigs-cli	60cdaf2d267279dab1766ff172438e50e3911c3826715b16c7624deb8e23e56c
tools-iuc	0dfd993e151cb880bbef237ba3d316b4dcf7ffea	tools/b2btools/b2btools_single_sequence.xml	b2btools_single_sequence	150da83bf9f351cd8cdc4866399f51a2964ff40bfca66e5986c5579006b8d0aa
tools-iuc	0dfd993e151cb880bbef237ba3d316b4dcf7ffea	tools/bakta/bakta.xml	bakta	ca252a4dfd7a9a0643751957ce60e978a890948f082f2ba5b3a449546c40409b
tools-iuc	0dfd993e151cb880bbef237ba3d316b4dcf7ffea	tools/bam_to_scidx/bam_to_scidx.xml	bam_to_scidx	70a86dbf04c361b9870a7066ff5df7d33a826f3340e23e9801a2db16d06b9ce5
tools-iuc	0dfd993e151cb880bbef237ba3d316b4dcf7ffea	tools/bamutil/clip_overlap.xml	bamutil_clip_overlap	6a339bffc288e1969428c6ced9c8de05f545059a27dea653a846baa6cad684ba
tools-iuc	0dfd993e151cb880bbef237ba3d316b4dcf7ffea	tools/bamutil/diff.xml	bamutil_diff	6fe896c2f95640aa9484f27ec2760335d82bfe4cbd72ba6441ed5c5824a679c2
tools-iuc	0dfd993e151cb880bbef237ba3d316b4dcf7ffea	tools/bandage/bandage_image.xml	bandage_image	441777bdd0471173d03afb4b816ee1c2edb921ad40afd5e0a8fc5ca8610c6b61
tools-iuc	0dfd993e151cb880bbef237ba3d316b4dcf7ffea	tools/bandage/bandage_info.xml	bandage_info	43cb10ad27e2d84373b9d190602bee338bdbcf90b44c53b5d0aae9ebd05b8f5f
tools-iuc	0dfd993e151cb880bbef237ba3d316b4dcf7ffea	tools/barcode_splitter/barcode_splitter.xml	barcode_splitter	b2d6cde502f9e7fcdb93fa32a55a311392f7a6160d14af1e59015b1cc70d05c6
tools-iuc	0dfd993e151cb880bbef237ba3d316b4dcf7ffea	tools/baredsc/baredsc_1d.xml	baredsc_1d	a5f927eaafb7d6bb69900b52f2a852bc8dd8581833cfe699e0ccbe9cafd18611
tools-iuc	0dfd993e151cb880bbef237ba3d316b4dcf7ffea	tools/baredsc/baredsc_2d.xml	baredsc_2d	e48859fdfb560297c45199a792b246e8e744a1fb07eeff92c832fdadc710b8c4
tools-iuc	0dfd993e151cb880bbef237ba3d316b4dcf7ffea	tools/baredsc/baredsc_combine_1d.xml	baredsc_combine_1d	860bc01a0f46b47cafda0b24e230b8bb6234e016c24141b2b4aa2d3118335f54
tools-iuc	0dfd993e151cb880bbef237ba3d316b4dcf7ffea	tools/baredsc/baredsc_combine_2d.xml	baredsc_combine_2d	c7382a5b09cac1e7c6882bb7af0e32b3f620634ffe0ac7be97ed8c17bb17d289
tools-iuc	0dfd993e151cb880bbef237ba3d316b4dcf7ffea	tools/barrnap/barrnap.xml	barrnap	4fc5a0f0f6c9d7121ddcad429321808f1075908749257dac68250e605efac7d1
tools-iuc	0dfd993e151cb880bbef237ba3d316b4dcf7ffea	tools/basil/basil.xml	basil	4c794513880d1a93f7d0ecf1d295dc0cd33be41c8ed3411eca3181c22faa3d7f
tools-iuc	0dfd993e151cb880bbef237ba3d316b4dcf7ffea	tools/bax2bam/bax2bam.xml	bax2bam	d1db6fbb813e84030bbbc496529f90a3a0b229517994b50fe881a9ae287849ed
tools-iuc	0dfd993e151cb880bbef237ba3d316b4dcf7ffea	tools/bayescan/bayescan.xml	BayeScan	ce224f4729396c14ec7a358e566a50ad25723b9dd289206642c3b011f5c5ad51
tools-iuc	0dfd993e151cb880bbef237ba3d316b4dcf7ffea	tools/bbgbigwig/bam_bed_gff_to_bigwig.xml	bbgtobigwig	15cea7d1043fccca1bbf359db13b6de6d0f9c6d3bcf9d229980edf343c62fe98
tools-iuc	0dfd993e151cb880bbef237ba3d316b4dcf7ffea	tools/bbtools/bbduk.xml	bbtools_bbduk	8cd1e638c13517ca219a1fe0bebdcef95fbdd18c90555f14f5ea7392d63e6369
tools-iuc	0dfd993e151cb880bbef237ba3d316b4dcf7ffea	tools/bbtools/bbmap.xml	bbtools_bbmap	d99c8d3b2efd1117f1a800164e780506da00f84b7ed29ffdf229ce1644c25b82
tools-iuc	0dfd993e151cb880bbef237ba3d316b4dcf7ffea	tools/bbtools/bbmerge.xml	bbtools_bbmerge	46ad51d8518213b001014d05dd18049ccf0e4fe71d891624ad0a71e773b6fa31
tools-iuc	0dfd993e151cb880bbef237ba3d316b4dcf7ffea	tools/bbtools/bbnorm.xml	bbtools_bbnorm	b0207f2092e489a38450fd87f5f705aef1fd4022e527afda106daf6ec2c5ef13
tools-iuc	0dfd993e151cb880bbef237ba3d316b4dcf7ffea	tools/bbtools/callvariants.xml	bbtools_callvariants	908e51a7bc0ae9f77d7d25bbbedd8ff7e00bb0e048155dfa56f5a2f00e1f8cda
tools-iuc	0dfd993e151cb880bbef237ba3d316b4dcf7ffea	tools/bbtools/tadpole.xml	bbtools_tadpole	388fa612d7e218b95153b2726c2ce79e55e105cd1913d8be5751f37230fef331
tools-iuc	0dfd993e151cb880bbef237ba3d316b4dcf7ffea	tools/bcftools/bcftools_annotate.xml	bcftools_annotate	d43db46c774a42dc7d5b8f89325477576e6137364c9d44d584bd5d941403d897
tools-iuc	0dfd993e151cb880bbef237ba3d316b4dcf7ffea	tools/bcftools/bcftools_call.xml	bcftools_call	4faa8f44ec02032f71050b8d7c432e094ca07a0ec5dbcfa418e0df70ca0027d2
tools-iuc	0dfd993e151cb880bbef237ba3d316b4dcf7ffea	tools/bcftools/bcftools_cnv.xml	bcftools_cnv	a3b7981546738a2c6faea51593d632bdedb5cda0118de0adacb1d555de8da846
tools-iuc	0dfd993e151cb880bbef237ba3d316b4dcf7ffea	tools/bcftools/bcftools_concat.xml	bcftools_concat	5cf30c41a86b9714ac457168a08a95e8c149b7814ad7347b0e260fe8b42a3c94
tools-iuc	0dfd993e151cb880bbef237ba3d316b4dcf7ffea	tools/bcftools/bcftools_consensus.xml	bcftools_consensus	36ab180020af1f4a88f6c571860ffd826f5afb1c7bd1cd2d94c97e6f4515078b
tools-iuc	0dfd993e151cb880bbef237ba3d316b4dcf7ffea	tools/bcftools/bcftools_convert_from_vcf.xml	bcftools_convert_from_vcf	3ed600e79131cae60c3e6650f21a02ecb235ccd3099efb534f95a52e7598018b
tools-iuc	0dfd993e151cb880bbef237ba3d316b4dcf7ffea	tools/bcftools/bcftools_convert_to_vcf.xml	bcftools_convert_to_vcf	78f96c2a4acc882c3d5ad09088d73e0ab4f3632d8e066440800f436aebbb59f8
tools-iuc	0dfd993e151cb880bbef237ba3d316b4dcf7ffea	tools/bcftools/bcftools_csq.xml	bcftools_csq	a6893cbc52896c3cd146ad4f1185391743220a4c01c04447d593a3a497107ccd
tools-iuc	0dfd993e151cb880bbef237ba3d316b4dcf7ffea	tools/bcftools/bcftools_filter.xml	bcftools_filter	8a75f51b13eea7fe0944793749b203359934e5881fd7d2688f32a909f9e03ea9
tools-iuc	0dfd993e151cb880bbef237ba3d316b4dcf7ffea	tools/bcftools/bcftools_gtcheck.xml	bcftools_gtcheck	f39e4faa8e3f72f714783b04e6770b3aeb6dc85c8466d5ceefa52498273901dd
tools-iuc	0dfd993e151cb880bbef237ba3d316b4dcf7ffea	tools/bcftools/bcftools_isec.xml	bcftools_isec	e22eec268e6980cf9ffcdcf7b32ec0852fccf4d52b86612f1ad425d6d1467a0f
tools-iuc	0dfd993e151cb880bbef237ba3d316b4dcf7ffea	tools/bcftools/bcftools_merge.xml	bcftools_merge	5e1442e38d3332e727dbcf4d0e8e86998ffc4787975877f94a06e6faad906b12
tools-iuc	0dfd993e151cb880bbef237ba3d316b4dcf7ffea	tools/bcftools/bcftools_mpileup.xml	bcftools_mpileup	913314a7dd35aedcb09dfecf7bacddbd2ec9656a8d9811985e4638902cb07295
tools-iuc	0dfd993e151cb880bbef237ba3d316b4dcf7ffea	tools/bcftools/bcftools_norm.xml	bcftools_norm	f3ddc8691e4b52e6a6efb43845475ec535c5c26e41af043e1dd22b22022a5b1c
tools-iuc	0dfd993e151cb880bbef237ba3d316b4dcf7ffea	tools/bcftools/bcftools_plugin_color_chrs.xml	bcftools_plugin_color_chrs	81380b2b68097f77f4de081ef5cc6a4a41814379a3260db706e52c8448493f66
tools-iuc	0dfd993e151cb880bbef237ba3d316b4dcf7ffea	tools/bcftools/bcftools_plugin_counts.xml	bcftools_plugin_counts	7b26b2bdee94ee0889063dd6c86bd839be0a0ae6f2ef6881a8d1f94ce5a7ec43
tools-iuc	0dfd993e151cb880bbef237ba3d316b4dcf7ffea	tools/bcftools/bcftools_plugin_dosage.xml	bcftools_plugin_dosage	0b50bf589a2085b9281e14b5441fc00c34ab9fa30fb71548b00a75a8e977ddf6
tools-iuc	0dfd993e151cb880bbef237ba3d316b4dcf7ffea	tools/bcftools/bcftools_plugin_fill_an_ac.xml	bcftools_plugin_fill_an_ac	9072f4ee4e4ecc86d3580197f1eea5f1d55aaf9c9a54af363f1a3d28097efc61
tools-iuc	0dfd993e151cb880bbef237ba3d316b4dcf7ffea	tools/bcftools/bcftools_plugin_fill_tags.xml	bcftools_plugin_fill_tags	2bd83c3e1477623e3f810f43cd812daafcd0dbbaa83db1b06722e63c3629758f
tools-iuc	0dfd993e151cb880bbef237ba3d316b4dcf7ffea	tools/bcftools/bcftools_plugin_fixploidy.xml	bcftools_plugin_fixploidy	8703c4394c6ba8b1818d32491bf8c8c1ab91cf936dfcec65c2846bcc8c7939bf
tools-iuc	0dfd993e151cb880bbef237ba3d316b4dcf7ffea	tools/bcftools/bcftools_plugin_frameshifts.xml	bcftools_plugin_frameshifts	746e6add589d50a2fc2f38d3484196f82f9c2791ccd0e5344f9999954f4ca550
tools-iuc	0dfd993e151cb880bbef237ba3d316b4dcf7ffea	tools/bcftools/bcftools_plugin_impute_info.xml	bcftools_plugin_impute_info	63fb1189e58bb7ad70a5de5ce685f9ebb7b87d02b30640872748b5ce5ae3b197
tools-iuc	0dfd993e151cb880bbef237ba3d316b4dcf7ffea	tools/bcftools/bcftools_plugin_mendelian.xml	bcftools_plugin_mendelian	6d74efc8a26b46526f7a7666223f35b7b6f22e10cabc83b4f132abc8643afd44
tools-iuc	0dfd993e151cb880bbef237ba3d316b4dcf7ffea	tools/bcftools/bcftools_plugin_missing2ref.xml	bcftools_plugin_missing2ref	d0dd48211355096413f80a041d380c3e3bc70b5a93c7b10ec859edffc4f3d640
tools-iuc	0dfd993e151cb880bbef237ba3d316b4dcf7ffea	tools/bcftools/bcftools_plugin_setgt.xml	bcftools_plugin_setgt	ad96b1270b62c4073d1108c4584760f26f7f5b24298e4604f6f4a2d996ec1ca3
tools-iuc	0dfd993e151cb880bbef237ba3d316b4dcf7ffea	tools/bcftools/bcftools_plugin_split_vep.xml	bcftools_plugin_split_vep	5244dd9fd4d44cfa1b5a3ec851b55e553b73fe30dae8d46ae7c1e988063799a5
tools-iuc	0dfd993e151cb880bbef237ba3d316b4dcf7ffea	tools/bcftools/bcftools_plugin_tag2tag.xml	bcftools_plugin_tag2tag	74f1611d36dd192dd1d30efe905827b33c26105892edc9ad0cbc487a3241e382
tools-iuc	0dfd993e151cb880bbef237ba3d316b4dcf7ffea	tools/bcftools/bcftools_query.xml	bcftools_query	b606f663b7feed57ea76ee3b80240cffee8a9d6d11d92df0c3962af3107e64b5
tools-iuc	0dfd993e151cb880bbef237ba3d316b4dcf7ffea	tools/bcftools/bcftools_query_list_samples.xml	bcftools_query_list_samples	997780cf5d3af55c72983bbec457834d4368e4ae8303f1e547c4d50cf9ce4c27
tools-iuc	0dfd993e151cb880bbef237ba3d316b4dcf7ffea	tools/bcftools/bcftools_reheader.xml	bcftools_reheader	286c9a23794181de2110c6a388bef32fb533af6858388452a0c51747f1cc3349
tools-iuc	0dfd993e151cb880bbef237ba3d316b4dcf7ffea	tools/bcftools/bcftools_roh.xml	bcftools_roh	c31435a7812a2ecf817cf74b9d92ef9a59666e4a01c361c4f0fd400ebd5976e8
tools-iuc	0dfd993e151cb880bbef237ba3d316b4dcf7ffea	tools/bcftools/bcftools_stats.xml	bcftools_stats	9bd8f9f5beaa5a05d2d6dd6ea825bb4d29fc5c01d61a960252f58a281e5655b1
tools-iuc	0dfd993e151cb880bbef237ba3d316b4dcf7ffea	tools/bcftools/bcftools_view.xml	bcftools_view	93a117584b86a16906fa4fc8e414a63b2423b8100aca36f018e487f7470b9e10
tools-iuc	0dfd993e151cb880bbef237ba3d316b4dcf7ffea	tools/bctools/convert_bc_to_binary_RY.xml	bctools_convert_to_binary_barcode	0af5cc1eb9d095191d1e742447014d5e38baf0271702ba42dff346fbf2d1a5fe
tools-iuc	0dfd993e151cb880bbef237ba3d316b4dcf7ffea	tools/bctools/coords2clnt.xml	bctools_extract_crosslinked_nucleotides	3f2c8d8231cb7a9705acdb1d8752c0a77c280afa943e30815ef1bea4e0e6d9d4
tools-iuc	0dfd993e151cb880bbef237ba3d316b4dcf7ffea	tools/bctools/extract_aln_ends.xml	bctools_extract_alignment_ends	22166f4bcca43dbe51c25bada81fe25c3eff8beaf0aab50ce78f19e3dbcf786b
tools-iuc	0dfd993e151cb880bbef237ba3d316b4dcf7ffea	tools/bctools/extract_bcs.xml	bctools_extract_barcodes	8940ce3d3576055625b45f0b8408e42c7ee9d483c9c62795aeb4ffc3843456f8
tools-iuc	0dfd993e151cb880bbef237ba3d316b4dcf7ffea	tools/bctools/merge_pcr_duplicates.xml	bctools_merge_pcr_duplicates	7e74e71ce2d6b3ed9283bd8e49ac5bb1c9a97fec5661d955fb45098fb7b4492b
tools-iuc	0dfd993e151cb880bbef237ba3d316b4dcf7ffea	tools/bctools/remove_tail.xml	bctools_remove_tail	b2d03c065e4c20a02c42d3156a175e616e5c041d56bba584fe5f17fd425365c5
tools-iuc	0dfd993e151cb880bbef237ba3d316b4dcf7ffea	tools/bctools/rm_spurious_events.xml	bctools_remove_spurious_events	e0ed2d306ae9b26b786402c729bddc3ba59ef55d364a73bb21f263718785f129
tools-iuc	0dfd993e151cb880bbef237ba3d316b4dcf7ffea	tools/beacon2/csv2xlsx.xml	beacon2_csv2xlsx	67433bb59b1d36a10612b04ddd795652eeffd397731029ba679927186803d9c9
tools-iuc	0dfd993e151cb880bbef237ba3d316b4dcf7ffea	tools/beacon2/pxf2bff.xml	beacon2_pxf2bff	13277204658094624e9d7f79265475ec610e499d6d713a0e1eb1b99204c35c10
tools-iuc	0dfd993e151cb880bbef237ba3d316b4dcf7ffea	tools/beacon2/vcf2bff.xml	beacon2_vcf2bff	0fe40d690a91682906c298b7dc648f235cf789289381fe57d60759f1c8ef6b04
tools-iuc	0dfd993e151cb880bbef237ba3d316b4dcf7ffea	tools/beacon2-import/analyses.xml	beacon2_analyses	ea2dc45bf4c6a0f8acb6a86eb07a99da86b47291a2beeae53d3db5a7cef4a95b
tools-iuc	0dfd993e151cb880bbef237ba3d316b4dcf7ffea	tools/beacon2-import/biosamples.xml	beacon2_biosamples	16f96cd501de00ebe7712dc23c47414f75f2dfbc0ded3fe707eca5aa29d1ef30
tools-iuc	0dfd993e151cb880bbef237ba3d316b4dcf7ffea	tools/beacon2-import/bracket.xml	beacon2_bracket	b3a27e6f187d5f78f831c30e9e54d3d3c9fd6ab0a3572448c54ee1c85482df4a
tools-iuc	0dfd993e151cb880bbef237ba3d316b4dcf7ffea	tools/beacon2-import/cnv.xml	beacon2_cnv	752edb003cdf53fdfa16a814214b3b0bbc849e6564e30a578bfcb56bd4321b8e
tools-iuc	0dfd993e151cb880bbef237ba3d316b4dcf7ffea	tools/beacon2-import/cohorts.xml	beacon2_cohorts	f935e27a7bcb3a948e4d9330d2a07decd2f5f02f1b916dee784fe77aaa25a54a
tools-iuc	0dfd993e151cb880bbef237ba3d316b4dcf7ffea	tools/beacon2-import/datasets.xml	beacon2_datasets	870d80bd40bcb2354b622edd43c6239e9b961177774bf559e89825f6ecb5626e
tools-iuc	0dfd993e151cb880bbef237ba3d316b4dcf7ffea	tools/beacon2-import/gene.xml	beacon2_gene	4b14106b4de9512d06c43195387a9fb594ef90190cedae53cb523e53a8786b4f
tools-iuc	0dfd993e151cb880bbef237ba3d316b4dcf7ffea	tools/beacon2-import/import.xml	beacon2_import	150d9ba93ddc6dfb96c1c435c075dfdce78aaf77c8380eea0eb3fd14dc4aa108
tools-iuc	0dfd993e151cb880bbef237ba3d316b4dcf7ffea	tools/beacon2-import/individuals.xml	beacon2_individuals	e7830313670d9705234f7c0fdca6d25f99eeb81fde32dd5f7ee9d7296314b914
tools-iuc	0dfd993e151cb880bbef237ba3d316b4dcf7ffea	tools/beacon2-import/range.xml	beacon2_range	0ead2a2f64f3131d32f5c9d6c160716913f2fc008e863acdfab188f16ff99a24
tools-iuc	0dfd993e151cb880bbef237ba3d316b4dcf7ffea	tools/beacon2-import/runs.xml	beacon2_runs	bac14f3e497fa43ff2119ad7abf628e1a08e284391db02491b026840b82d89bf
tools-iuc	0dfd993e151cb880bbef237ba3d316b4dcf7ffea	tools/beacon2-import/sequence.xml	beacon2_sequence	a762a63b05bed479ff7bedd90a3f94d478ac83a8f0d55c2476be02fcb2ae1568
tools-iuc	0dfd993e151cb880bbef237ba3d316b4dcf7ffea	tools/beagle/beagle.xml	beagle	e970adccf2c6b05768f15dc8b0517244afee2708088fa2beea19c11cd75b2eee
tools-iuc	0dfd993e151cb880bbef237ba3d316b4dcf7ffea	tools/bedops/sort-bed.xml	bedops-sort-bed	8b12b232e04764edc3e5cfe93e42d4c313cdfc1986177af62e4c10a3e0631e38
tools-iuc	0dfd993e151cb880bbef237ba3d316b4dcf7ffea	tools/bedtools/annotateBed.xml	bedtools_annotatebed	47920d5a641357e31644965a1eb456fce43be5e52bc0dbe9f6ca074ff88054cf
tools-iuc	0dfd993e151cb880bbef237ba3d316b4dcf7ffea	tools/bedtools/bamToBed.xml	bedtools_bamtobed	7c48b065c8a23759f061cc9604554b1da35156c5978cb561ec1dd481ec32e17f
tools-iuc	0dfd993e151cb880bbef237ba3d316b4dcf7ffea	tools/bedtools/bed12ToBed6.xml	bedtools_bed12tobed6	43d21cb820fbee26d5bc26d8352a39e3b3332e389814687394d03814ae2bd74d
tools-iuc	0dfd993e151cb880bbef237ba3d316b4dcf7ffea	tools/bedtools/bedToBam.xml	bedtools_bedtobam	9fd10c8521b094ba1d20711f0b022c4ac43d931a2af5959b55c6cad29e1ae8e9
tools-iuc	0dfd993e151cb880bbef237ba3d316b4dcf7ffea	tools/bedtools/bedToIgv.xml	bedtools_bedtoigv	61e6b54f03e7e41f18eadf3040156682f79e6a65030f3d817dfa2bf6ecdc568f
tools-iuc	0dfd993e151cb880bbef237ba3d316b4dcf7ffea	tools/bedtools/bedpeToBam.xml	bedtools_bedpetobam	4db138c962d64723ad8a3b1c4adbe2582831420e3fbfe025d44c7bcae3ae70e2
tools-iuc	0dfd993e151cb880bbef237ba3d316b4dcf7ffea	tools/bedtools/closestBed.xml	bedtools_closestbed	54b373132f1c6f0729629077bc90039cd9fea0472f5f2e97d97e7c8117185893
tools-iuc	0dfd993e151cb880bbef237ba3d316b4dcf7ffea	tools/bedtools/clusterBed.xml	bedtools_clusterbed	a4ab046f15d6142df5365f5cd956720a94650e62725717b43ad7c3df02e89cac
tools-iuc	0dfd993e151cb880bbef237ba3d316b4dcf7ffea	tools/bedtools/complementBed.xml	bedtools_complementbed	a6459121008faa15a2d3fb662a13aa2b423d5ebf3ad8280faa286e2576510c68
tools-iuc	0dfd993e151cb880bbef237ba3d316b4dcf7ffea	tools/bedtools/coverageBed.xml	bedtools_coveragebed	0a15de1f8e785e8a3b5941f987c1a215b8ea00332af4602adaeeff52cabca2bf
tools-iuc	0dfd993e151cb880bbef237ba3d316b4dcf7ffea	tools/bedtools/expandBed.xml	bedtools_expandbed	d300ef77d20ae331bd01bcb27b6cb981d72a59a2140b5bc68d1bc22cece50de3
tools-iuc	0dfd993e151cb880bbef237ba3d316b4dcf7ffea	tools/bedtools/fisherBed.xml	bedtools_fisher	42bbe73001dcdb9c113694b19bea1ed3c3de7d44f7271c1fa36c6e8d52ae7bc6
tools-iuc	0dfd993e151cb880bbef237ba3d316b4dcf7ffea	tools/bedtools/flankBed.xml	bedtools_flankbed	f1e1b1e2ac62cbe1f57722e6a84d92c9adc0ec3e151d632d212ff863c39a5d04
tools-iuc	0dfd993e151cb880bbef237ba3d316b4dcf7ffea	tools/bedtools/genomeCoverageBed.xml	bedtools_genomecoveragebed	f7224ba2911616249f76016b80f27a4c4bdf65bc9cc75f6d1caa4ad7061657c8
tools-iuc	0dfd993e151cb880bbef237ba3d316b4dcf7ffea	tools/bedtools/getfastaBed.xml	bedtools_getfastabed	723a8dc5703b92e4b5d09e1698dbac6f6d6e9749d218cd73d6ba8e1961818dd3
tools-iuc	0dfd993e151cb880bbef237ba3d316b4dcf7ffea	tools/bedtools/groupbyBed.xml	bedtools_groupbybed	f6c4f73406673531f52f85aeea86af68883298299f4ad5ae34353d1fecc04504
tools-iuc	0dfd993e151cb880bbef237ba3d316b4dcf7ffea	tools/bedtools/intersectBed.xml	bedtools_intersectbed	a838245162ac1411a96071d9ad0d68935997cbf8979f765f5cd2af392a53cc9a
tools-iuc	0dfd993e151cb880bbef237ba3d316b4dcf7ffea	tools/bedtools/jaccardBed.xml	bedtools_jaccard	fe08984ed39eb4839bbd4ab143ceca74297bfb375b1a427fc7147f18439cc74d
tools-iuc	0dfd993e151cb880bbef237ba3d316b4dcf7ffea	tools/bedtools/linksBed.xml	bedtools_links	4bea6b243e90a28d786aa865c8ccd478c397b8c7c7944967eaa3593a18f13d8c
tools-iuc	0dfd993e151cb880bbef237ba3d316b4dcf7ffea	tools/bedtools/makeWindowsBed.xml	bedtools_makewindowsbed	a588b63d42525d1def4e9dbcf8445d4236adb5d7f5e40938b50b34e997977ada
tools-iuc	0dfd993e151cb880bbef237ba3d316b4dcf7ffea	tools/bedtools/mapBed.xml	bedtools_map	c93f642529c1eef43c2ab21b4aa83a854ffe1b3871aa3858fae4992282c74c3c
tools-iuc	0dfd993e151cb880bbef237ba3d316b4dcf7ffea	tools/bedtools/maskFastaBed.xml	bedtools_maskfastabed	7f64551cc4fd11e15573968801fa63aab3c962b3fc44bfff1e2b2d2ef40d6bf4
tools-iuc	0dfd993e151cb880bbef237ba3d316b4dcf7ffea	tools/bedtools/mergeBed.xml	bedtools_mergebed	a6d078c9e1f931452458da71b6d237b0a217f8ec8746b4153b32d54aa8cf2979
tools-iuc	0dfd993e151cb880bbef237ba3d316b4dcf7ffea	tools/bedtools/multiCov.xml	bedtools_multicovtbed	14753686e076cc29c7bf0f17c1d137af4cff97b5b75f76bac2504c22d338b54b
tools-iuc	0dfd993e151cb880bbef237ba3d316b4dcf7ffea	tools/bedtools/multiIntersectBed.xml	bedtools_multiintersectbed	1d5782234ebdb527b606451a103026687248a1bf94911b6fab89fb25ab32c87a
tools-iuc	0dfd993e151cb880bbef237ba3d316b4dcf7ffea	tools/bedtools/nucBed.xml	bedtools_nucbed	55508ec7f62c9d7d8967f15b532db773a06b955ea7405b5a64b170eeea7279c0
tools-iuc	0dfd993e151cb880bbef237ba3d316b4dcf7ffea	tools/bedtools/overlapBed.xml	bedtools_overlapbed	4ed1af0d7a6deb0da7337d914ff3147c270a638d1c167fde2a1e789b2f470f6f
tools-iuc	0dfd993e151cb880bbef237ba3d316b4dcf7ffea	tools/bedtools/randomBed.xml	bedtools_randombed	26839e68ab01cc98fcffc315c34c2821994883b1d4a8f44d7fcd41e8dd273dd3
tools-iuc	0dfd993e151cb880bbef237ba3d316b4dcf7ffea	tools/bedtools/reldist.xml	bedtools_reldistbed	f23df22ae1fed74e7a589d17d20baf2a911c9b00b045b2a886986cb585c36f7e
tools-iuc	0dfd993e151cb880bbef237ba3d316b4dcf7ffea	tools/bedtools/shuffleBed.xml	bedtools_shufflebed	415dbd7b2b25cdf6744a3bb94b32bb49ccb29def792283458198bab914cf7caa
tools-iuc	0dfd993e151cb880bbef237ba3d316b4dcf7ffea	tools/bedtools/slopBed.xml	bedtools_slopbed	d8fdbc1c9e75a77c00875cae3956ab49d6113f5c9f8f3632ce87d00f5dde0c6f
tools-iuc	0dfd993e151cb880bbef237ba3d316b4dcf7ffea	tools/bedtools/sortBed.xml	bedtools_sortbed	1bda35d854faddfc00280bd7e8d40809eb32c8b5be5b9010e3f3915365c9605f
tools-iuc	0dfd993e151cb880bbef237ba3d316b4dcf7ffea	tools/bedtools/spacingBed.xml	bedtools_spacingbed	8b4b3b23ca900e2ac2eb310296b1675ef9c1d7685af0d13a62c143dd772993bb
tools-iuc	0dfd993e151cb880bbef237ba3d316b4dcf7ffea	tools/bedtools/subtractBed.xml	bedtools_subtractbed	f815464775f8db0d181f90d5e60d27634ce5112161dfd2ad96f080c0a78c016a
tools-iuc	0dfd993e151cb880bbef237ba3d316b4dcf7ffea	tools/bedtools/tagBed.xml	bedtools_tagbed	5a7c3e1960256e70621cddb4eeba0133635a8eb944dd6da42f8e9f975e77b61f
tools-iuc	0dfd993e151cb880bbef237ba3d316b4dcf7ffea	tools/bedtools/unionBedGraphs.xml	bedtools_unionbedgraph	f4a8d14f886ca39b1e4292f0ab6d3bafc080f44d784f19c8024f9de09f40a93e
tools-iuc	0dfd993e151cb880bbef237ba3d316b4dcf7ffea	tools/bedtools/windowBed.xml	bedtools_windowbed	7979266db428ad0614472ddd54c14b6363986acf88ba9986b25bbb14a70a1690
tools-iuc	0dfd993e151cb880bbef237ba3d316b4dcf7ffea	tools/bellavista/bellavista_prepare.xml	bellavista_prepare	f6e8f836b7c53dd038db24d27457adac883b2951e57341aa6d4e70b667112142
tools-iuc	0dfd993e151cb880bbef237ba3d316b4dcf7ffea	tools/bellerophon/bellerophon.xml	bellerophon	193cd6f6a79bc5382659f83dbc5f5344aa213ddff5bf1933a9b5737edf54884d
tools-iuc	0dfd993e151cb880bbef237ba3d316b4dcf7ffea	tools/berokka/berokka.xml	berokka	4d6bc0746037d786cd0e7587a7f556e199f6eb528cb91b92d218221f72af6c36
tools-iuc	0dfd993e151cb880bbef237ba3d316b4dcf7ffea	tools/biapy/biapy.xml	biapy	7418d559a7f216fb9c8592960c596e0a0cd221430373b5aac6086232675417a5
tools-iuc	0dfd993e151cb880bbef237ba3d316b4dcf7ffea	tools/bigscape/bigscape.xml	bigscape	fbd3936e2b607b3677bd43729e029223e9b7841ccc6fb8e9e6071538cf02d984
tools-iuc	0dfd993e151cb880bbef237ba3d316b4dcf7ffea	tools/bigwig_outlier_bed/bigwig_outlier_bed.xml	bigwig_outlier_bed	64f7ad73bf314c47a3851c48adc61a0c5c70cb6c36f668f24e430cd4bb7e5b21
tools-iuc	0dfd993e151cb880bbef237ba3d316b4dcf7ffea	tools/binette/binette.xml	binette	bf07e1fcc8fc539c76acc200638535c722b825172e18923df144f114d0af4218
tools-iuc	0dfd993e151cb880bbef237ba3d316b4dcf7ffea	tools/binning_refiner/binning_refiner.xml	bin_refiner	d4673e0208ffd7b74897ba2904938e92a2af2a7dbb722e89e218cce701daf63e
tools-iuc	0dfd993e151cb880bbef237ba3d316b4dcf7ffea	tools/bioext/bam2msa.xml	bioext_bam2msa	79dcb912b37c6e6f7073bfca1f8114b74906ce7bda817c170091ef9618d77916
tools-iuc	0dfd993e151cb880bbef237ba3d316b4dcf7ffea	tools/bioext/bealign.xml	bioext_bealign	e42cffe31d1a1fddedbfd2395ecd35a648f8ccf53c31ef1e51cb1ce214503a18
tools-iuc	0dfd993e151cb880bbef237ba3d316b4dcf7ffea	tools/bioinformatics_cafe/fastaregexfinder.xml	fasta_regex_finder	7560d6102fe872d4fe00676010f9e91edd10dcf471613e4d9bc2c4c8630a25e4
tools-iuc	0dfd993e151cb880bbef237ba3d316b4dcf7ffea	tools/biom_format/biom_add_metadata.xml	biom_add_metadata	c3199728b1014b25c04a157ebf65da92f8ec7da84804a0fc806855504cd22653
tools-iuc	0dfd993e151cb880bbef237ba3d316b4dcf7ffea	tools/biom_format/biom_convert.xml	biom_convert	630fba6ef5ce24274ce0a776916e79bd530252f7577d060785e01d2265693f6d
tools-iuc	0dfd993e151cb880bbef237ba3d316b4dcf7ffea	tools/biom_format/biom_from_uc.xml	biom_from_uc	60998e3700326e7cd3240e8c6c073cd4222bb08d9e4555f14455aeae862a4548
tools-iuc	0dfd993e151cb880bbef237ba3d316b4dcf7ffea	tools/biom_format/biom_normalize_table.xml	biom_normalize_table	850c89622c4784db413f03422291758abd7adae6eb68e4db039fb82024772dbd
tools-iuc	0dfd993e151cb880bbef237ba3d316b4dcf7ffea	tools/biom_format/biom_subset_table.xml	biom_subset_table	bd7a799a71a018af13c90647563af1c715347d9bce157130e7d1f545aa8d9a0a
tools-iuc	0dfd993e151cb880bbef237ba3d316b4dcf7ffea	tools/biom_format/biom_summarize_table.xml	biom_summarize_table	e57543c81ccc10409b4cb1bfe1482195aeca730d281e62ca3311c14b9454eb95
tools-iuc	0dfd993e151cb880bbef237ba3d316b4dcf7ffea	tools/bioperl/bp_genbank2gff3.xml	bp_genbank2gff3	64b277e2dd14004d00d8dc5a3dd596d87c3714378a167f10bdbee013199f871c
tools-iuc	0dfd993e151cb880bbef237ba3d316b4dcf7ffea	tools/biscot/biscot.xml	biscot	c390190fa6ecda835b94dc2af8100ef2d96abe374d2d8c866f1612b42afdf4ab
tools-iuc	0dfd993e151cb880bbef237ba3d316b4dcf7ffea	tools/blast/magicblast.xml	magicblast	03c6a54db537aaef9c662ff7f2dede80d1cc31d32dbf9aa79c4c29e9d3116eae
tools-iuc	0dfd993e151cb880bbef237ba3d316b4dcf7ffea	tools/blastxml_to_gapped_gff3/blastxml_to_gapped_gff3.xml	blastxml_to_gapped_gff3	7e9b8565d4f20f6f9f30f2f141f4baed087fad645864f051d61d95b5c222ef54
tools-iuc	0dfd993e151cb880bbef237ba3d316b4dcf7ffea	tools/bmtagger/bmtagger.xml	bmtagger	db40f032bd2e084c7f2fd09ba0b7d8df7e4e9326e135a68001e6eeb6437da925
tools-iuc	0dfd993e151cb880bbef237ba3d316b4dcf7ffea	tools/bowtie2/bowtie2_wrapper.xml	bowtie2	04ac53eb221f0c0e8a78c9454f4a5109e7c25117a98c7ffb9bfff52088994d79
tools-iuc	0dfd993e151cb880bbef237ba3d316b4dcf7ffea	tools/bracken/est-abundance.xml	est_abundance	0a6e2319241c7ab0b2d34ece1550b96d6b152daf8574649f19c77ca2ec667eb9
tools-iuc	0dfd993e151cb880bbef237ba3d316b4dcf7ffea	tools/breseq/breseq.xml	breseq	e8db75189b3d0d416ef741b40f23b4cfbbfaed494a78b997c638fe1c97d8d971
tools-iuc	0dfd993e151cb880bbef237ba3d316b4dcf7ffea	tools/brew3r_r/brew3r_r.xml	brew3r_r	f72349c70eba7c68296c4b4a86351264dbdf23335db6780939130a0a94545096
tools-iuc	0dfd993e151cb880bbef237ba3d316b4dcf7ffea	tools/busco/busco.xml	busco	1e1d0fae524a45b1da98fbf566fd0f89283af3ba13957febe3efb94210a24302
tools-iuc	0dfd993e151cb880bbef237ba3d316b4dcf7ffea	tools/bwa/bwa-mem.xml	bwa_mem	4d1a35c4e477701092823afef444acb09227fc48b77df2ea9f5d439e9f86f74d
tools-iuc	0dfd993e151cb880bbef237ba3d316b4dcf7ffea	tools/bwa/bwa.xml	bwa	67b86672395658232c71620c9b9c9968cfff9b442a46d9a18060dd2af5297303
tools-iuc	0dfd993e151cb880bbef237ba3d316b4dcf7ffea	tools/bwa_mem2/bwa-mem2-idx.xml	bwa_mem2_idx	464362cdb882e8a739c543f9b5168070d06407ecf7414577db001b57d394b994
tools-iuc	0dfd993e151cb880bbef237ba3d316b4dcf7ffea	tools/bwa_mem2/bwa-mem2.xml	bwa_mem2	fd7250fd6fc98401f909d64c023abc43015512c72664f84c03382a458ec90d3a
tools-iuc	0dfd993e151cb880bbef237ba3d316b4dcf7ffea	tools/bwameth/bwameth.xml	bwameth	a743295897c9b4a99a517bddb4fc6bba21282f27894a09e64a7305b234e4e960
tools-iuc	0dfd993e151cb880bbef237ba3d316b4dcf7ffea	tools/cactus/cactus_cactus.xml	cactus_cactus	8797ca56b844b084ae12e562922d565f2bf633df9647777160485558f2310f82
tools-iuc	0dfd993e151cb880bbef237ba3d316b4dcf7ffea	tools/cactus/cactus_export.xml	cactus_export	d5cd9f9c87dabb6e416cc92febbb01dbf421ad4a9d8cc8afff109fb6f6436f49
tools-iuc	0dfd993e151cb880bbef237ba3d316b4dcf7ffea	tools/calculate_contrast_threshold/calculate_contrast_threshold.xml	calculate_contrast_threshold	f533f8b7c9fdcc8ecabc827af15d37dc993705f28c76d293115ed794b29da539
tools-iuc	0dfd993e151cb880bbef237ba3d316b4dcf7ffea	tools/calculate_numeric_param/calculate_numeric_param.xml	calculate_numeric_param	5a03ee38242dd31bf319a301a0c5df35a191004a816e5d4df8b28c9e81e1bd9c
tools-iuc	0dfd993e151cb880bbef237ba3d316b4dcf7ffea	tools/cami_amber/biobox_add_taxid.xml	biobox_add_taxid	528d3760f2fc16a41af27355e23a2f77bb4e2c9fdc715bbc50581bfc0243f142
tools-iuc	0dfd993e151cb880bbef237ba3d316b4dcf7ffea	tools/cami_amber/cami_amber.xml	cami_amber	4e9561e432af716499eb1d4b0e9329ac9168527ea9d55800614c4f832715aa05
tools-iuc	0dfd993e151cb880bbef237ba3d316b4dcf7ffea	tools/cami_amber/cami_amber_add_length.xml	cami_amber_add	5c049957c9bc0097ec650a66570030125aa2954483ff60587e535feed449b2c8
tools-iuc	0dfd993e151cb880bbef237ba3d316b4dcf7ffea	tools/cami_amber/cami_amber_convert_to_biobox.xml	cami_amber_convert	c6acc89cc48a66761c5b92b060d23a6fb69865ea8449b736a6d30f6d12acdb4f
tools-iuc	0dfd993e151cb880bbef237ba3d316b4dcf7ffea	tools/cat/cat_add_names.xml	cat_add_names	3e7b7bc4d7ac79b9a52fd51b3f961af13f15c2b1d73c891870a9c16b8c457b95
tools-iuc	0dfd993e151cb880bbef237ba3d316b4dcf7ffea	tools/cat/cat_bins.xml	cat_bins	e4f20813943816a75ffaa9c2ba1adfb76ad8a46b0ccb413ed45112068a46b541
tools-iuc	0dfd993e151cb880bbef237ba3d316b4dcf7ffea	tools/cat/cat_contigs.xml	cat_contigs	11fb535e390e1e5d743a1b83b5ef26eff9b66450f4401d6560e723665c7a3270
tools-iuc	0dfd993e151cb880bbef237ba3d316b4dcf7ffea	tools/cat/cat_prepare.xml	cat_prepare	f3e55daef1f8b115136e7c7fdaacdfd5ac1f6506992e7e0c729d15fdc0f06ff2
tools-iuc	0dfd993e151cb880bbef237ba3d316b4dcf7ffea	tools/cat/cat_summarise.xml	cat_summarise	c6210395b979b79d4c5079d1a38424edcee948b7480909e4508ffac85e582487
tools-iuc	0dfd993e151cb880bbef237ba3d316b4dcf7ffea	tools/cawlign/cawlign.xml	cawlign	fc0330e088e31ca29a4657f62dc47e084589d10d880db9d0f14496a9baf9e4a2
tools-iuc	0dfd993e151cb880bbef237ba3d316b4dcf7ffea	tools/cdhit/cd_hit.xml	cd_hit	200f02f346c98f2c2bb2317af9b34ce181bc7ccc0d8219a2e55dacd267c6552d
tools-iuc	0dfd993e151cb880bbef237ba3d316b4dcf7ffea	tools/celltypist/celltypist.xml	celltypist	5d63a8bc2b8e599335886b7174805215a5331835045c9d9861fdae72cdda6bbc
tools-iuc	0dfd993e151cb880bbef237ba3d316b4dcf7ffea	tools/cemitool/cemitool.xml	cemitool	7fe6eef93e787c074425b8b873c3f86992df697959dbb4b62e76bda4f80dd3b3
tools-iuc	0dfd993e151cb880bbef237ba3d316b4dcf7ffea	tools/charts/charts.xml	charts	26fb40d6f3ca5a3d41153fc47d94416609a887dc5a99cbf33b358f891a318b20
tools-iuc	0dfd993e151cb880bbef237ba3d316b4dcf7ffea	tools/checkm/analyze.xml	checkm_analyze	643e32191cca628f3dd60c82788ed350075bb9a4d40ceb7109b41ef7a6b9e3e2
tools-iuc	0dfd993e151cb880bbef237ba3d316b4dcf7ffea	tools/checkm/lineage_set.xml	checkm_lineage_set	09ce99703291802492a5d916f5678f23e55438ac5373dc014d74e039bebd82c9
tools-iuc	0dfd993e151cb880bbef237ba3d316b4dcf7ffea	tools/checkm/lineage_wf.xml	checkm_lineage_wf	bef62869eea8518a89030d8563bdc968c29e660872587ad1b5b02d404c5941d0
tools-iuc	0dfd993e151cb880bbef237ba3d316b4dcf7ffea	tools/checkm/plot.xml	checkm_plot	11cfd3eb61f39e562ea39659c6eb21af94ba452bbc45027fd0aac05153687f35
tools-iuc	0dfd993e151cb880bbef237ba3d316b4dcf7ffea	tools/checkm/qa.xml	checkm_qa	47cdb2cdd259f22c1e6671d6050e2ec8bf228d265696b179cab6de833d189677
tools-iuc	0dfd993e151cb880bbef237ba3d316b4dcf7ffea	tools/checkm/taxon_set.xml	checkm_taxon_set	db92cab8c05f5dcbaafa74a54674b038c4cc896ba737eeb5693b797746419163
tools-iuc	0dfd993e151cb880bbef237ba3d316b4dcf7ffea	tools/checkm/taxonomy_wf.xml	checkm_taxonomy_wf	cf33d1fae0005cb7bc1ddd4cd22d4ecfc281d23cc8be5dacef4d1768d41f0713
tools-iuc	0dfd993e151cb880bbef237ba3d316b4dcf7ffea	tools/checkm/tetra.xml	checkm_tetra	bf0dc71de812cd66c750adcb79389fc0db0088822bf79fb7043f747ed0a269b0
tools-iuc	0dfd993e151cb880bbef237ba3d316b4dcf7ffea	tools/checkm/tree.xml	checkm_tree	dd13ff3696970cb4d1c2b1d9faa80cb867c7aff20537db15487c581cd532b84c
tools-iuc	0dfd993e151cb880bbef237ba3d316b4dcf7ffea	tools/checkm/tree_qa.xml	checkm_tree_qa	651b69026544e8ea25de4fc0a38339e91f9787dba7fd64cbc922a3decd0752f7
tools-iuc	0dfd993e151cb880bbef237ba3d316b4dcf7ffea	tools/checkm2/checkm2.xml	checkm2	a9a2265daf9a3069d37fad6fe13bd0889136c3887fd3188e7a28b5ecaee6a3a5
tools-iuc	0dfd993e151cb880bbef237ba3d316b4dcf7ffea	tools/cherri/cherri_eval.xml	cherri_eval	60a94944d6ed069e74cda493463ac2f20e1896eeed9f356c08da436fdd88a0d7
tools-iuc	0dfd993e151cb880bbef237ba3d316b4dcf7ffea	tools/cherri/cherri_train.xml	cherri_train	5efe9cb8560591d53fee1495b82838516e8795f6aa48294f756ab4a8c046894c
tools-iuc	0dfd993e151cb880bbef237ba3d316b4dcf7ffea	tools/chewbbaca/AlleleCall.xml	chewbbaca_allelecall	9a491dd8bedec80e4ed0c72f578f50612a4f9614ac82c421a2a391f4360b115e
tools-iuc	0dfd993e151cb880bbef237ba3d316b4dcf7ffea	tools/chewbbaca/AlleleCallEvaluator.xml	chewbbaca_allelecallevaluator	c35de55be7470256f3ab122f51afe3a96f4a54f310edabb8f9a27be258262e55
tools-iuc	0dfd993e151cb880bbef237ba3d316b4dcf7ffea	tools/chewbbaca/CreateSchema.xml	chewbbaca_createschema	598771960eb1a881d91833ee89129dad21e948232e54dea7043359a509920472
tools-iuc	0dfd993e151cb880bbef237ba3d316b4dcf7ffea	tools/chewbbaca/DownloadSchema.xml	chewbbaca_downloadschema	868814c9902f65ea799c8656b3c8728b3705798e4247dc39d84d9d9b813aa7d3
tools-iuc	0dfd993e151cb880bbef237ba3d316b4dcf7ffea	tools/chewbbaca/ExtractCgMLST.xml	chewbbaca_extractcgmlst	b477c9186e3bb76a57453ab7bfdf972aaafff28312903e8d26e32d363b1e37f6
tools-iuc	0dfd993e151cb880bbef237ba3d316b4dcf7ffea	tools/chewbbaca/JoinProfiles.xml	chewbbaca_joinprofiles	e8262e291686466ccd3639fdc1d0f11ad58c60903d57bf9430b2377f65de8cfd
tools-iuc	0dfd993e151cb880bbef237ba3d316b4dcf7ffea	tools/chewbbaca/NSStats.xml	chewbbaca_nsstats	c4500b4f0f7e2b3dee4f9648bc833c398f4dc91958670803f4c71c4d895084fe
tools-iuc	0dfd993e151cb880bbef237ba3d316b4dcf7ffea	tools/chewbbaca/PrepExternalSchema.xml	chewbbaca_prepexternalschema	4b692a9f6d77cd9a6cdf3975b3088aceb599bf63f5116d61f3c7f591269d7eee
tools-iuc	0dfd993e151cb880bbef237ba3d316b4dcf7ffea	tools/chira/chira_collapse.xml	chira_collapse	513bb5fdf8dcbc0f547964f7cca33d2b7a2c35db507be829103682ee5addaa47
tools-iuc	0dfd993e151cb880bbef237ba3d316b4dcf7ffea	tools/chira/chira_extract.xml	chira_extract	c375b2f625cb71c64ace8688810d19fb92e1644e2c6ce28dfca0b821a8e4a9ce
tools-iuc	0dfd993e151cb880bbef237ba3d316b4dcf7ffea	tools/chira/chira_map.xml	chira_map	cd65eb5f2caaa937e2c7c542c4ddc8c6d67ed325f7faf08892a4382500f1f8b8
tools-iuc	0dfd993e151cb880bbef237ba3d316b4dcf7ffea	tools/chira/chira_merge.xml	chira_merge	88b8aeaf46677f2cfc346a738052bb5b0fc7165f8de084ce944f75b63ff7ac9f
tools-iuc	0dfd993e151cb880bbef237ba3d316b4dcf7ffea	tools/chira/chira_quantify.xml	chira_quantify	3d0f1c97ca132a8ea619436a544a0e14a58b2b7077708b108da4112ab41c1dcc
tools-iuc	0dfd993e151cb880bbef237ba3d316b4dcf7ffea	tools/chopin2/chopin2.xml	chopin2	99b327d76a3b3d6ea3fbc3dea0149cf5693bf9a503e223497c20627f53571ce7
tools-iuc	0dfd993e151cb880bbef237ba3d316b4dcf7ffea	tools/chopper/chopper.xml	chopper	676666e8197ab2a07a7f4e3c22e5a11ce36bc2d14a78c9260c307070091dfa83
tools-iuc	0dfd993e151cb880bbef237ba3d316b4dcf7ffea	tools/chromap/chromap.xml	chromap	a4b3aa9d0f1a0d56bf619abcf4cff316af68fa6f64f27d643748883850e64de2
tools-iuc	0dfd993e151cb880bbef237ba3d316b4dcf7ffea	tools/chromeister/chromeister.xml	chromeister	621b2da073bb71f4a9e5865b307df75f2661a0dc93d32eaf0da4a48ee4a6d1be
tools-iuc	0dfd993e151cb880bbef237ba3d316b4dcf7ffea	tools/cialign/cialign.xml	cialign	010a7fda77f37634e689000c30fcdef7b3617bd8d6aaac28c1b2e2f5ed0d01fa
tools-iuc	0dfd993e151cb880bbef237ba3d316b4dcf7ffea	tools/circexplorer2/circexplorer2.xml	circexplorer2	0de192aeb48b149e0495418a082b3e80dddcffe36ba8d8bc46e04adc5346ef69
tools-iuc	0dfd993e151cb880bbef237ba3d316b4dcf7ffea	tools/circos/alignments-to-links.xml	circos_aln_to_links	e6a70f7292e0a98dcdc4847210f0b6b06af6409cffc762ceab6e8e48e8010144
tools-iuc	0dfd993e151cb880bbef237ba3d316b4dcf7ffea	tools/circos/binlinks.xml	circos_binlinks	05395e6197a1f69c6d3911370c7d4684fe6ec03feb874763f6484a3e685ee80a
tools-iuc	0dfd993e151cb880bbef237ba3d316b4dcf7ffea	tools/circos/bundlelinks.xml	circos_bundlelinks	057d8b90af7889068ebf1b936da2db640a3d40f5db8eb7089b3294ee17d82fa9
tools-iuc	0dfd993e151cb880bbef237ba3d316b4dcf7ffea	tools/circos/circos.xml	circos	39e27b93986aabd8700b589bec840fbc9416e6ea33426238220891f02256afdf
tools-iuc	0dfd993e151cb880bbef237ba3d316b4dcf7ffea	tools/circos/gc_skew.xml	circos_gc_skew	bb1aaf119bd57bb966d2935145db7e4b8edf91dd0a2557a7d2f3a09a6e5725be
tools-iuc	0dfd993e151cb880bbef237ba3d316b4dcf7ffea	tools/circos/resample.xml	circos_resample	3654c5a6dfd40377c9fc5a9f214b42b2d970be7e097bbfcc37a5eb2910e9db88
tools-iuc	0dfd993e151cb880bbef237ba3d316b4dcf7ffea	tools/circos/scatter-from-wiggle.xml	circos_wiggle_to_scatter	1cd7db5b63e873dd364f60cbb7d949dbc1eeace9d521e1ea1eef6ba8d4f4a75d
tools-iuc	0dfd993e151cb880bbef237ba3d316b4dcf7ffea	tools/circos/stack-histogram.xml	circos_wiggle_to_stacked	4af054dd7339b59dc46f4e026656113e0d522a9f5c3b3cdbcc60df6f2cba36d7
tools-iuc	0dfd993e151cb880bbef237ba3d316b4dcf7ffea	tools/circos/tableviewer.xml	circos_tableviewer	3c8a18643618110291391766f99b35ec398c1db296d7e802e65e48576c2635bc
tools-iuc	0dfd993e151cb880bbef237ba3d316b4dcf7ffea	tools/circos/text-from-interval.xml	circos_interval_to_text	42122285af038b68a8d88b91c35099b9b58d1bf6a6fc2d1a13eb42a5c5e56252
tools-iuc	0dfd993e151cb880bbef237ba3d316b4dcf7ffea	tools/circos/tiles-from-interval.xml	circos_interval_to_tile	44fc88a8ca357189f198b9ff8b725c415ee984d698880ebd8244c7f351cf109a
tools-iuc	0dfd993e151cb880bbef237ba3d316b4dcf7ffea	tools/cite_seq_count/cite_seq_count.xml	cite_seq_count	1be0b1b9aace757def5ff1432c0e9385a0e371d256472890ab10c6207540932a
tools-iuc	0dfd993e151cb880bbef237ba3d316b4dcf7ffea	tools/clair3/clair3.xml	clair3	08d3ab7b630c65ff57c2849943694ac28eb093410ad2b554b3f74e4f8d4c58f7
tools-iuc	0dfd993e151cb880bbef237ba3d316b4dcf7ffea	tools/clustalw/rgClustalw.xml	clustalw	2890fee5d3c8de7e8a2e8414bd47df0ff853b8e7025890b446d6fee1495dec0d
tools-iuc	0dfd993e151cb880bbef237ba3d316b4dcf7ffea	tools/clustering_from_distmat/clustering_from_distmat.xml	clustering_from_distmat	c91ff6118881552e56f77bcc3643607a9f21554c09795e06c173642a635ad52a
tools-iuc	0dfd993e151cb880bbef237ba3d316b4dcf7ffea	tools/cnv-phenopacket/cnv-phenopacket.xml	cnv_phenopacket	a61afb2bdb3b83641f256d434b4e3cdb0c9f566b70e3c366254711a17a74eb8d
tools-iuc	0dfd993e151cb880bbef237ba3d316b4dcf7ffea	tools/cnv-vcf2json/cnv-vcf2json.xml	cnv_vcf2json	7deba4b08769cc996b6663869b0cea528a279035afe6e980067c915583b22fbc
tools-iuc	0dfd993e151cb880bbef237ba3d316b4dcf7ffea	tools/cnvkit/access.xml	cnvkit_access	53fe9f6a4f455460584edfb70dc8c8adebe30c075ed3eacd31dc9b44b92a835e
tools-iuc	0dfd993e151cb880bbef237ba3d316b4dcf7ffea	tools/cnvkit/antitarget.xml	cnvkit_antitarget	a09cdb7f1424038928decdaf1763a9a64f84c6c7b6e888e583dd52ece928ab74
tools-iuc	0dfd993e151cb880bbef237ba3d316b4dcf7ffea	tools/cnvkit/autobin.xml	cnvkit_autobin	1e8021caa4c42aa0e271bdc06a8a217f5760bb9e446b525b8937e7d85fe303e5
tools-iuc	0dfd993e151cb880bbef237ba3d316b4dcf7ffea	tools/cnvkit/batch.xml	cnvkit_batch	e5a8dd7ebdd1dd75f3fd39ba6fc43a6dda179ef7fde9ca1a8ec21a101ad052fa
tools-iuc	0dfd993e151cb880bbef237ba3d316b4dcf7ffea	tools/cnvkit/bed.xml	cnvkit_export_bed	dbdce20e0408c6b11e15c1876a73e91ab752698a77cb17463739d69a887708ff
tools-iuc	0dfd993e151cb880bbef237ba3d316b4dcf7ffea	tools/cnvkit/breaks.xml	cnvkit_breaks	9573d09224456fa7135641032a6c189c0b4b25e7f1aab259f85eca71aa7e62a6
tools-iuc	0dfd993e151cb880bbef237ba3d316b4dcf7ffea	tools/cnvkit/call.xml	cnvkit_call	e632cdf39af98d4b5731b4b925367f3a745906c24c91e4f73d5d8e1f3e997152
tools-iuc	0dfd993e151cb880bbef237ba3d316b4dcf7ffea	tools/cnvkit/cdt.xml	cnvkit_export_cdt	65e235322c77e31922f02021aaede78295e62e7acf8def28a1228b5ad6877f36
tools-iuc	0dfd993e151cb880bbef237ba3d316b4dcf7ffea	tools/cnvkit/coverage.xml	cnvkit_coverage	ec7bcff3129d27d54a96211ee4f857b66ae2a36a72cc77d4747a65abd46990e2
tools-iuc	0dfd993e151cb880bbef237ba3d316b4dcf7ffea	tools/cnvkit/diagram.xml	cnvkit_diagram	8a8ea29c13019cf29bfdc73aaa2c965cbe63b2c1711d15a7dece3d4d2d3b0bb6
tools-iuc	0dfd993e151cb880bbef237ba3d316b4dcf7ffea	tools/cnvkit/fix.xml	cnvkit_fix	f5b9a8971945d56f61d436bd1ab88734657de617092b7cb97e03d515cfcc2b3e
tools-iuc	0dfd993e151cb880bbef237ba3d316b4dcf7ffea	tools/cnvkit/genemetrics.xml	cnvkit_genemetrics	55a3a5f3c7c13f663c3b0c2296d0d98fb5f09f967c2c6f60cadecc68db9cd4a1
tools-iuc	0dfd993e151cb880bbef237ba3d316b4dcf7ffea	tools/cnvkit/heatmap.xml	cnvkit_heatmap	feb486e64bb7c33718f26634f0b073d92d1618687f0afd3c8e027ea95108a672
tools-iuc	0dfd993e151cb880bbef237ba3d316b4dcf7ffea	tools/cnvkit/jtv.xml	cnvkit_export_jtv	6e868614fb4abd8bebf4ac7b392d6beb3a633e78335f97a34ee30d633368192a
tools-iuc	0dfd993e151cb880bbef237ba3d316b4dcf7ffea	tools/cnvkit/nexus_basic.xml	cnvkit_export_nexus_basic	d8c385d26ff6f9beb08890018963fb5dd2454e5ca17586789ee063f2083d1487
tools-iuc	0dfd993e151cb880bbef237ba3d316b4dcf7ffea	tools/cnvkit/nexus_ogt.xml	cnvkit_export_nexus_ogt	ca10a2993e2b88bd981cafb5a85ec59b0efdf511dc8606420d3711859a2380eb
tools-iuc	0dfd993e151cb880bbef237ba3d316b4dcf7ffea	tools/cnvkit/reference.xml	cnvkit_reference	e8aab8cb8f0fa3ba7718ed9cdde7cac6bcb7c943406eea353c96960545f91482
tools-iuc	0dfd993e151cb880bbef237ba3d316b4dcf7ffea	tools/cnvkit/scatter.xml	cnvkit_scatter	7cb9536257c1787dea39c491992e6000f7a67e01a64b7b0ee974b00fc971b31f
tools-iuc	0dfd993e151cb880bbef237ba3d316b4dcf7ffea	tools/cnvkit/seg.xml	cnvkit_export_seg	e50f746d7e75bdea3af768025daf168242db73678e3980f88b73d3094f3dd883
tools-iuc	0dfd993e151cb880bbef237ba3d316b4dcf7ffea	tools/cnvkit/segment.xml	cnvkit_segment	d065b5f028300b0ea978b498b97ab3303fc7e983b04b8183ca0c0e50567b4ea5
tools-iuc	0dfd993e151cb880bbef237ba3d316b4dcf7ffea	tools/cnvkit/segmetrics.xml	cnvkit_segmetrics	3ab00402504b07a668703f1a295791d4295b6d6df730bf5429ed43e7c11f2d6a
tools-iuc	0dfd993e151cb880bbef237ba3d316b4dcf7ffea	tools/cnvkit/sex.xml	cnvkit_sex	03dcd6197b3979fb8044567fe3e45350d4c2085b60853681fef8104f25c9020d
tools-iuc	0dfd993e151cb880bbef237ba3d316b4dcf7ffea	tools/cnvkit/target.xml	cnvkit_target	5ce8464dae0ae83630284eac6d1740bf540ca4a7ddbb10e342f96388507d40bf
tools-iuc	0dfd993e151cb880bbef237ba3d316b4dcf7ffea	tools/cnvkit/theta.xml	cnvkit_theta	2f0efc3b16ee558000e339653c61cc0ddd966ddad7cab9030a20c0a927c1117c
tools-iuc	0dfd993e151cb880bbef237ba3d316b4dcf7ffea	tools/cnvkit/vcf.xml	cnvkit_export_vcf	220e492ad36d98bde4dc4c88bf7a6b5a2c650b2c1a5c101f922cc8b143a03d99
tools-iuc	0dfd993e151cb880bbef237ba3d316b4dcf7ffea	tools/codeml/codeml.xml	codeml	9158e967e8267872642a142f11164dec32892c544ab0da2d16cae32b950b6318
tools-iuc	0dfd993e151cb880bbef237ba3d316b4dcf7ffea	tools/cojac/cooc_mutbamscan.xml	cooc_mutbamscan	e5602052d8b01b936af6d42a19a92e500b5d1f3505f8956a77193d15650665a2
tools-iuc	0dfd993e151cb880bbef237ba3d316b4dcf7ffea	tools/cojac/cooc_pubmut.xml	cooc_pubmut	cf47c0e084c22ccd5e50cbec03b5d12317ef5d2176c186cb018b2415aea0c930
tools-iuc	0dfd993e151cb880bbef237ba3d316b4dcf7ffea	tools/cojac/cooc_tabmut.xml	cooc_tabmut	eca1bd05dcd7722d0d7a3ed32378123477dfd1ca51ab446515db74ee654e0f4f
tools-iuc	0dfd993e151cb880bbef237ba3d316b4dcf7ffea	tools/colabfold/colabfold_alphafold.xml	colabfold_alphafold	8de18c86789e1b94c370c1732d3fb92a6e49180ffc3e257729db205d943a3db2
tools-iuc	0dfd993e151cb880bbef237ba3d316b4dcf7ffea	tools/colabfold/colabfold_msa.xml	colabfold_msa	53e204162f05bc1e7dce354f08bc2be58083dfca28a97a740ccb29ecc3ce766a
tools-iuc	0dfd993e151cb880bbef237ba3d316b4dcf7ffea	tools/colibread/commet.xml	commet	93f498c5acbede0fe48c8d722a5f2fdb841dc1dc750b048a79229609b8eeeb40
tools-iuc	0dfd993e151cb880bbef237ba3d316b4dcf7ffea	tools/colibread/discosnp_RAD.xml	discosnp_rad	baf19312ff6f94d02abe66fb009e99592850cbb856af02ccbc11f6edea5a9d38
tools-iuc	0dfd993e151cb880bbef237ba3d316b4dcf7ffea	tools/colibread/discosnp_pp.xml	discosnp_pp	aae7dc1a28c8dc0f479f0309b7b511b63a3b344348891a2ecc1d83b741ce3706
tools-iuc	0dfd993e151cb880bbef237ba3d316b4dcf7ffea	tools/colibread/kissplice.xml	kissplice	b90209d67bdfe0a8d2b59a8aeac6bde7f62573c7e2c2f20643bb738b6955f396
tools-iuc	0dfd993e151cb880bbef237ba3d316b4dcf7ffea	tools/colibread/lordec.xml	lordec	7f1466d93313c46318702590b6d3fa095290856491fdcd89cfb7628e7709af77
tools-iuc	0dfd993e151cb880bbef237ba3d316b4dcf7ffea	tools/colibread/mapsembler2.xml	mapsembler2	e73d16d33ba7a8e858498e261203fcac82b4ba41ac7087cfb217981c36cacc68
tools-iuc	0dfd993e151cb880bbef237ba3d316b4dcf7ffea	tools/colibread/takeabreak.xml	takeabreak	854829a98753b4f88001b4db182ca9965bee4a5a6137929b81eadaabbe588b9e
tools-iuc	0dfd993e151cb880bbef237ba3d316b4dcf7ffea	tools/collection_column_join/collection_column_join.xml	collection_column_join	b67c42291439cb0a6d940e8dd4d2c8bb39a49f07551f8cd34d268f40ec12afb3
tools-iuc	0dfd993e151cb880bbef237ba3d316b4dcf7ffea	tools/collection_element_identifiers/collection_element_identifiers.xml	collection_element_identifiers	5bcdb3175418cdc7ad5c1f03b34f3d50dfebd55e870a0a072dd7cdd0c2aee775
tools-iuc	0dfd993e151cb880bbef237ba3d316b4dcf7ffea	tools/column_maker/column_maker.xml	Add_a_column1	ee07bf271271d32d44600a2fb7b50336a515f271cf2cea2d4e0f750aeee01836
tools-iuc	0dfd993e151cb880bbef237ba3d316b4dcf7ffea	tools/column_order_header_sort/column_order_header_sort.xml	column_order_header_sort	760ffd1883c30323c2e1ab547344daaf1403c5ca43fe076e19622860f74ce9b9
tools-iuc	0dfd993e151cb880bbef237ba3d316b4dcf7ffea	tools/column_remove_by_header/column_remove_by_header.xml	column_remove_by_header	d11fc93ae45347f5f6ff017361a3e4d6978888ea337c2aeded2d1282781652ce
tools-iuc	0dfd993e151cb880bbef237ba3d316b4dcf7ffea	tools/comebin/comebin.xml	comebin	4158629aa5662f1872d7e145ed408f18fe06e555f3c2d54add73a0d68cb7d505
tools-iuc	0dfd993e151cb880bbef237ba3d316b4dcf7ffea	tools/comebin_bam/comebin_bam.xml	comebin_bam	950cb4fec41d9394f21ea6a1fe57f8673c3f92fac26d8430ca60a25a47bdafc6
tools-iuc	0dfd993e151cb880bbef237ba3d316b4dcf7ffea	tools/compleasm/compleasm.xml	compleasm	fbf697bc3bce0bc6295d0791e8b2229744469f1d3979e5b9905f7f2655f947d3
tools-iuc	0dfd993e151cb880bbef237ba3d316b4dcf7ffea	tools/compose_text_param/compose_text_param.xml	compose_text_param	e9cae8eadd8a4775d560b0e90bc8d267f3c4505955c4eef4bc02abd9b839e2d8
tools-iuc	0dfd993e151cb880bbef237ba3d316b4dcf7ffea	tools/compress_file/compress_file.xml	compress_file	92c8bb3c5b52beb5f3864377401caeb7483d309d8e759e16f4531cd16d0a01d3
tools-iuc	0dfd993e151cb880bbef237ba3d316b4dcf7ffea	tools/concoct/concoct.xml	concoct	a227c887621962644b162ea567f345ff75b05ed60264fda2b9d4895c60eb4677
tools-iuc	0dfd993e151cb880bbef237ba3d316b4dcf7ffea	tools/concoct/concoct_coverage_table.xml	concoct_coverage_table	5390ffb6a6387ae85ccfe3b87a05221028b2b26c3ba6baa906993e294d871dc7
tools-iuc	0dfd993e151cb880bbef237ba3d316b4dcf7ffea	tools/concoct/cut_up_fasta.xml	concoct_cut_up_fasta	30233ceb3726f90631c2dccbf1119fa4e545b3b920a9e1ce8cfd92d42ad899f4
tools-iuc	0dfd993e151cb880bbef237ba3d316b4dcf7ffea	tools/concoct/extract_fasta_bins.xml	concoct_extract_fasta_bins	4efecc372ea27df20c51a70ca215faf63d7c29b2623ed708c21c6a8091039847
tools-iuc	0dfd993e151cb880bbef237ba3d316b4dcf7ffea	tools/concoct/merge_cut_up_clustering.xml	concoct_merge_cut_up_clustering	720e831eaade17c772ff3c348c9cec499faebd93af648f3b599a4e01693262c1
tools-iuc	0dfd993e151cb880bbef237ba3d316b4dcf7ffea	tools/constava/constava.xml	constava	711115b9159d6a4f254cd7622531bdd86dc48580d90753018f34fc27d88685d5
tools-iuc	0dfd993e151cb880bbef237ba3d316b4dcf7ffea	tools/coreprofiler/coreprofiler_allele_calling.xml	coreprofiler_allele_calling	b5928f264d41d9dca5042891c05b2e975c45394ab96fcbb6f594349b7c61ec3d
tools-iuc	0dfd993e151cb880bbef237ba3d316b4dcf7ffea	tools/cosg/cosg.xml	cosg	4991f3270784213e49c7955df0e177811cc1d450d07a2d0dd48044e752bff560
tools-iuc	0dfd993e151cb880bbef237ba3d316b4dcf7ffea	tools/coverage_report/CoverageReport.xml	CoverageReport2	580b9c202b6097dae97b73a35a33ea780d7d386a67bdaabaa9a897d8eec6a8dc
tools-iuc	0dfd993e151cb880bbef237ba3d316b4dcf7ffea	tools/coverm/coverm_contig.xml	coverm_contig	86fa936a6ac8a2ecdc9cdf033629ed81d7bc649844a450c349cd7bde78670060
tools-iuc	0dfd993e151cb880bbef237ba3d316b4dcf7ffea	tools/coverm/coverm_genome.xml	coverm_genome	4f1926975b59a30b098c750baafcb6db8d8e942d6d76592ada46b46757f385ad
tools-iuc	0dfd993e151cb880bbef237ba3d316b4dcf7ffea	tools/cramino/cramino.xml	cramino	34f70839174aa3c1054b32a4a18a3879f0e5ba7151083937f3acc0a95c735c72
tools-iuc	0dfd993e151cb880bbef237ba3d316b4dcf7ffea	tools/craq/craq.xml	craq	b12122db376b72d55c0c459d7a084ac589029d42c9902713d145ef5f5fcb92c4
tools-iuc	0dfd993e151cb880bbef237ba3d316b4dcf7ffea	tools/crispr_studio/crispr_studio.xml	crispr_studio	e1453ab6f5fcd207329fcd8b5af2574a359a3875c161b56f57d09c48c8f3d2ae
tools-iuc	0dfd993e151cb880bbef237ba3d316b4dcf7ffea	tools/crosscontamination_barcode_filter/crosscontamination_barcode_filter.xml	crosscontamination_barcode_filter	87e947e5ac72fac2090ea5e1b31333fabddf69fdb05aabde330f66ed6f5d0212
tools-iuc	0dfd993e151cb880bbef237ba3d316b4dcf7ffea	tools/crossmap/crossmap_bam.xml	crossmap_bam	2c0be4ab088f5558de0d556a41ff2aa0f874efa1fa1772e4155ae38b929b6fb9
tools-iuc	0dfd993e151cb880bbef237ba3d316b4dcf7ffea	tools/crossmap/crossmap_bed.xml	crossmap_bed	5b05beaebf4fd83cb97eddfc589c3eb968e78a02e8857fd58d38ebee7e1b0bd7
tools-iuc	0dfd993e151cb880bbef237ba3d316b4dcf7ffea	tools/crossmap/crossmap_bigwig.xml	crossmap_bw	f470f64e13bfa679c0d61cc42cc2860304eb9a15b1ec2ad39ae603baca8d2639
tools-iuc	0dfd993e151cb880bbef237ba3d316b4dcf7ffea	tools/crossmap/crossmap_gff.xml	crossmap_gff	24607ea575af9962875920baa307934447355de06ba7fb92809536f697299021
tools-iuc	0dfd993e151cb880bbef237ba3d316b4dcf7ffea	tools/crossmap/crossmap_region.xml	crossmap_region	088a10198278487df2c0af3b52e97d82436bba39efbd08ffc5112de936d2907b
tools-iuc	0dfd993e151cb880bbef237ba3d316b4dcf7ffea	tools/crossmap/crossmap_vcf.xml	crossmap_vcf	a5dd57b28f54610897aa417478eabe9fee4617f33a1941159bbfe68f3e1ceb65
tools-iuc	0dfd993e151cb880bbef237ba3d316b4dcf7ffea	tools/crossmap/crossmap_wig.xml	crossmap_wig	4128bedb727bb483b2fc31ebcf20d8621520d5a4efdb7d350b16414c5effd814
tools-iuc	0dfd993e151cb880bbef237ba3d316b4dcf7ffea	tools/cutadapt/cutadapt.xml	cutadapt	b0ef5d6285f49b063790b03b7f4733c2734970ad964673e763e6a655d1cbbc2c
tools-iuc	0dfd993e151cb880bbef237ba3d316b4dcf7ffea	tools/cutesv/cutesv.xml	cutesv	b36ce8580f96b5b3f757871e09ac5d9255ff2ab4564438166a6a06505ece6271
tools-iuc	0dfd993e151cb880bbef237ba3d316b4dcf7ffea	tools/cwpair2/cwpair2.xml	cwpair2	e0e4064c3c66e3fa26654fc40e7081ac97160d03d3bfb4c375793b7486883cee
tools-iuc	0dfd993e151cb880bbef237ba3d316b4dcf7ffea	tools/dada2/dada2_assignTaxonomyAddspecies.xml	dada2_assignTaxonomyAddspecies	573e74334d90bb4b9fe1ff22070615c6cb31ce4d7dfe0d34de9bba826cb7743b
tools-iuc	0dfd993e151cb880bbef237ba3d316b4dcf7ffea	tools/dada2/dada2_dada.xml	dada2_dada	1088e8796ab9d9e436eeb86e8b9587ee9bc03906f4e3209d81e0145483d7e43a
tools-iuc	0dfd993e151cb880bbef237ba3d316b4dcf7ffea	tools/dada2/dada2_filterAndTrim.xml	dada2_filterAndTrim	76d64016b45a480314f6758be607b8fa0ff402d4b3e9a7c6247eaa9c1916511b
tools-iuc	0dfd993e151cb880bbef237ba3d316b4dcf7ffea	tools/dada2/dada2_learnErrors.xml	dada2_learnErrors	0b64cd38b109c939715adbc65da71563f39fb82c84d209b6e8b44c3c9f453efc
tools-iuc	0dfd993e151cb880bbef237ba3d316b4dcf7ffea	tools/dada2/dada2_makeSequenceTable.xml	dada2_makeSequenceTable	eb0c32150799698e4d31cdedc08bb16b91222911a5707eec29f03bb06cc15333
tools-iuc	0dfd993e151cb880bbef237ba3d316b4dcf7ffea	tools/dada2/dada2_mergePairs.xml	dada2_mergePairs	079259710e987ccafce37bf722ab7d825c3a4fb378b63358952667b0660a2428
tools-iuc	0dfd993e151cb880bbef237ba3d316b4dcf7ffea	tools/dada2/dada2_plotComplexity.xml	dada2_plotComplexity	b66d563fb6d42c735dc243d1df1a4dcdfc760d1be51c892dbbb7589938a71fc1
tools-iuc	0dfd993e151cb880bbef237ba3d316b4dcf7ffea	tools/dada2/dada2_plotQualityProfile.xml	dada2_plotQualityProfile	8bc9a70852fa0b3aa57d25b6e808bab9e0d5186eb706229c62bd85bd538c1af6
tools-iuc	0dfd993e151cb880bbef237ba3d316b4dcf7ffea	tools/dada2/dada2_primercheck.xml	dada2_primerCheck	a9f9988f1186f8614b779e94ca48b77a70209ded573423be047d4cb2e4efe48d
tools-iuc	0dfd993e151cb880bbef237ba3d316b4dcf7ffea	tools/dada2/dada2_removeBimeraDenovo.xml	dada2_removeBimeraDenovo	31343290de0c1933661d61792b921991726290dd97a3d526922772a4e475de00
tools-iuc	0dfd993e151cb880bbef237ba3d316b4dcf7ffea	tools/dada2/dada2_seqCounts.xml	dada2_seqCounts	498ff8ef8f63668862581f0a580f85a736ad010c6bd8fe4deafec4f56e55193b
tools-iuc	0dfd993e151cb880bbef237ba3d316b4dcf7ffea	tools/das_tool/Fasta_to_Contig2Bin.xml	Fasta_to_Contig2Bin	692e5a5d7a9f76ffa9d9316d7ccfca6561dea9b9838b79a5eb1cd96695f65702
tools-iuc	0dfd993e151cb880bbef237ba3d316b4dcf7ffea	tools/das_tool/das_tool.xml	das_tool	dbd448e64a031b1e1612a74c254e768ab17ef6008c8608fc84bb286560aa7fe0
tools-iuc	0dfd993e151cb880bbef237ba3d316b4dcf7ffea	tools/data_source_iris_tcga/iris_tcga.xml	data_source_iris_tcga	3cc62a994f608b90f6845a24462d791cb8f982f677bbb81a68125a4b1734c09d
tools-iuc	0dfd993e151cb880bbef237ba3d316b4dcf7ffea	tools/datamash/datamash-ops.xml	datamash_ops	c59f5b3d485ac6c82c4b4c5be7818fd66479bd9e24339007890456136766c5dc
tools-iuc	0dfd993e151cb880bbef237ba3d316b4dcf7ffea	tools/datamash/datamash-reverse.xml	datamash_reverse	772dce43c551dc25a8f370a5b62d8eb65ff576dd107f1b6dc19e3c97c6b547c9
tools-iuc	0dfd993e151cb880bbef237ba3d316b4dcf7ffea	tools/datamash/datamash-transpose.xml	datamash_transpose	0395cb9bf476a896b0e683086ea6d89818db1c2a3ffcf1b3fbcfa8135f76d030
tools-iuc	0dfd993e151cb880bbef237ba3d316b4dcf7ffea	tools/decontam/decontam.xml	decontam	3ad838cc89472b145c1ba279f4bcaa775ab3f1e765a3880f4d7af4be2515efb6
tools-iuc	0dfd993e151cb880bbef237ba3d316b4dcf7ffea	tools/decontaminator/decontaminator.xml	decontaminator	7e11dc8e84181304b266fa69d71f68b54e7f9538c5b5e70682aeb790c5c0f0ae
tools-iuc	0dfd993e151cb880bbef237ba3d316b4dcf7ffea	tools/deeparg/deeparg_predict.xml	deeparg_predict	abc37fe85752350b33f24cbaae86da987c23e80409de1465a434cefecee3327c
tools-iuc	0dfd993e151cb880bbef237ba3d316b4dcf7ffea	tools/deeparg/deeparg_short_reads.xml	deeparg_short_reads	0f06d89f9f59f56f4a927af8a4ae514a7054f018b6c3df3ee431e41578b17494
tools-iuc	0dfd993e151cb880bbef237ba3d316b4dcf7ffea	tools/deepmicro/deepmicro.xml	deepmicro	1ac19b653b3ae5fb6a0538f57d53ec1707ea5741ba42cf17944d2c66753db833
tools-iuc	0dfd993e151cb880bbef237ba3d316b4dcf7ffea	tools/deepsig/deepsig.xml	deepsig	f93dcf05acbb49d64b6fb126ec5c2e28a2ec4cf84ec4f535b46650327bff3dfd
tools-iuc	0dfd993e151cb880bbef237ba3d316b4dcf7ffea	tools/deepvariant/deepvariant.xml	deepvariant	ad85804123751a330cebfdcb01ab5b2f43efc1fc8c3f3d23c6d90eb751d9f9f9
tools-iuc	0dfd993e151cb880bbef237ba3d316b4dcf7ffea	tools/deg_annotate/deg_annotate.xml	deg_annotate	79df039fa6d4b6b21ae2e95c051c617e5fc1a7975a26f3cb46f5f11b8a8e8404
tools-iuc	0dfd993e151cb880bbef237ba3d316b4dcf7ffea	tools/delly/call.xml	delly_call	a76fef56107ee07fadb218edb79ed4940634f9c427dcbc1bad49268b2d3be713
tools-iuc	0dfd993e151cb880bbef237ba3d316b4dcf7ffea	tools/delly/classify.xml	delly_classify	6365fb3bb783b6bf753896c28ebb5f08c9bb19ea5d3f26a115e8f5732e756a6e
tools-iuc	0dfd993e151cb880bbef237ba3d316b4dcf7ffea	tools/delly/cnv.xml	delly_cnv	e4d9aab45033d6f8ec24f166fc2882a261b327bf79b5fbbe44f1f0f3e5458cd5
tools-iuc	0dfd993e151cb880bbef237ba3d316b4dcf7ffea	tools/delly/filter.xml	delly_filter	d7793168ebd813f47bc7258a3151ff3efccd28b02673a9c21bfca1b3fbd5d4fc
tools-iuc	0dfd993e151cb880bbef237ba3d316b4dcf7ffea	tools/delly/lr.xml	delly_lr	690f3697ae1decfa1788938b23a40bf9d560e9341cc2579d3b5dfce660e8fcbb
tools-iuc	0dfd993e151cb880bbef237ba3d316b4dcf7ffea	tools/delly/merge.xml	delly_merge	67360f4c412d47d9652d7db01137c890da9abb05b8f7b4ebade7cc5bc5c12b9e
tools-iuc	0dfd993e151cb880bbef237ba3d316b4dcf7ffea	tools/deseq2/deseq2.xml	deseq2	6c59f085b6c98ee5faf750fa18119e69247616f6cfe8bd0ccce6a1c74ba3a58a
tools-iuc	0dfd993e151cb880bbef237ba3d316b4dcf7ffea	tools/detect_circular_sequences/detect_circular_sequences.xml	detect_circular_sequences	5d189a58c3b8de6dfd14d394ef9181a09bb895964e4d5a0af8b768e81d535777
tools-iuc	0dfd993e151cb880bbef237ba3d316b4dcf7ffea	tools/dexseq/dexseq.xml	dexseq	3c16cc9a42099d39a6e1566915af862d48e38d914c58c2ea94489d9155a7d85e
tools-iuc	0dfd993e151cb880bbef237ba3d316b4dcf7ffea	tools/dexseq/dexseq_count.xml	dexseq_count	ac534dfa5611436a63273e50d283ff8e6aa2c1a6a80887c50883142a73740dd6
tools-iuc	0dfd993e151cb880bbef237ba3d316b4dcf7ffea	tools/dexseq/plotdexseq.xml	plotdexseq	1a751033abb9f6f54500a1bcb33520248579520496bd74ca92533731936aed1b
tools-iuc	0dfd993e151cb880bbef237ba3d316b4dcf7ffea	tools/diamond/diamond.xml	bg_diamond	3ad7edd4312a0c53581204a5a5db50a7ae46ae558dc62eec9e64fe6897077d57
tools-iuc	0dfd993e151cb880bbef237ba3d316b4dcf7ffea	tools/diamond/diamond_makedb.xml	bg_diamond_makedb	d70f4cd20039a1466c86109601574eebe2bd33409ae2b626959fd87bd56812cd
tools-iuc	0dfd993e151cb880bbef237ba3d316b4dcf7ffea	tools/diamond/diamond_view.xml	bg_diamond_view	87fc4b8800880c35a84c5d37ca2b720f371ceda3600f86e0c53b23969fa4e714
tools-iuc	0dfd993e151cb880bbef237ba3d316b4dcf7ffea	tools/diffbind/diffbind.xml	diffbind	71badbb8735c1001045f9ac7f46caf035e84cd4b35619ade4866ab60b317f13b
tools-iuc	0dfd993e151cb880bbef237ba3d316b4dcf7ffea	tools/diffdock/diffdock.xml	diffdock	77dbf4f6193736007f562910da5f52bd6a22ffe944df3b086599aa76f46aac8d
tools-iuc	0dfd993e151cb880bbef237ba3d316b4dcf7ffea	tools/dimet/dimet_abundance_plot.xml	dimet_abundance_plot	4275b7b1c77f9bf08e6857a49a0a01409525f46c15a8d22dc6637d7a2664a304
tools-iuc	0dfd993e151cb880bbef237ba3d316b4dcf7ffea	tools/dimet/dimet_bivariate_analysis.xml	dimet_bivariate_analysis	8fa9342b4d4391f915f4bfec1e62f46f675d2ffd794e16b0ec449b09787f76e6
tools-iuc	0dfd993e151cb880bbef237ba3d316b4dcf7ffea	tools/dimet/dimet_differential_analysis.xml	dimet_differential_analysis	9525bff244504ac8975221a7a8db9b3ecc74c3fc4b774d312d9cf646b7af9398
tools-iuc	0dfd993e151cb880bbef237ba3d316b4dcf7ffea	tools/dimet/dimet_differential_multigroup_analysis.xml	dimet_differential_multigroup_analysis	802e1864be6f86145a93c8fb787104449bb753e5aa503bac9af5722defdbbc76
tools-iuc	0dfd993e151cb880bbef237ba3d316b4dcf7ffea	tools/dimet/dimet_enrichment_plot.xml	dimet_enrichment_plot	66ae31b46b0e015f0c2509e4fcb603761fc5307af3207ef83acaa7f74e8f5c6d
tools-iuc	0dfd993e151cb880bbef237ba3d316b4dcf7ffea	tools/dimet/dimet_isotopologues_plot.xml	dimet_isotopologues_plot	f44fee8940fd0af5c66119fe54e273623553f79576f69fadeff3290237ba6ca2
tools-iuc	0dfd993e151cb880bbef237ba3d316b4dcf7ffea	tools/dimet/dimet_metabologram.xml	dimet_metabologram	806311cf6188bb7c8558106ad3487dd7ff52424e042405d44a43e27ed1e8b8af
tools-iuc	0dfd993e151cb880bbef237ba3d316b4dcf7ffea	tools/dimet/dimet_pca_analysis.xml	dimet_pca_analysis	329930e60c81729deff35498206f0b3b1b0aae649082dfc9e32ed8c4f108cf48
tools-iuc	0dfd993e151cb880bbef237ba3d316b4dcf7ffea	tools/dimet/dimet_pca_plot.xml	dimet_pca_plot	fa172423c5673225a21431895693dca2ca5b702a86d07f0e93acd3c37aabac55
tools-iuc	0dfd993e151cb880bbef237ba3d316b4dcf7ffea	tools/dimet/dimet_timecourse_analysis.xml	dimet_timecourse_analysis	bff2ecdebb6145eb6eb101cb72defbc43704dad87110fac32b83e199bc482018
tools-iuc	0dfd993e151cb880bbef237ba3d316b4dcf7ffea	tools/disco/disco.xml	disco	458257d8abcec5c280003d96dc562be852a79cace8c9eb8b5d9de67838c18954
tools-iuc	0dfd993e151cb880bbef237ba3d316b4dcf7ffea	tools/dnabot/dnabot.xml	dnabot	affa06fa25c740488d524f90cd2bf00bc1eb61a82416492f5dd83cd227076ee7
tools-iuc	0dfd993e151cb880bbef237ba3d316b4dcf7ffea	tools/dnaweaver/dnaweaver.xml	dnaweaver	8e26d14c4aa51d6fe2605cd9255dfdc02d8c08de9e2b9377d9fda17f0d4a7c46
tools-iuc	0dfd993e151cb880bbef237ba3d316b4dcf7ffea	tools/dos2unix/dos2unix.xml	dos2unix	56744119b591ee1838e0f1a1da341b30c2886217c23cfbfb3130eabf8d184f19
tools-iuc	0dfd993e151cb880bbef237ba3d316b4dcf7ffea	tools/dram/dram_annotate.xml	dram_annotate	0b6f542b46ee4c0203b9f0489b82977bc16cd5ec21addb34df8e16bb68eb4263
tools-iuc	0dfd993e151cb880bbef237ba3d316b4dcf7ffea	tools/dram/dram_distill.xml	dram_distill	51721d93ad9ca7861acd21db79da6b6476bf36f145269545775ed3621921696c
tools-iuc	0dfd993e151cb880bbef237ba3d316b4dcf7ffea	tools/dram/dram_merge_annotations.xml	dram_merge_annotations	5179898187d9187c2e48bef7460fef935bc81cd71cef0b56975abd4fa7eda509
tools-iuc	0dfd993e151cb880bbef237ba3d316b4dcf7ffea	tools/dram/dram_neighborhoods.xml	dram_neighborhoods	12825b04c7684853d8a55fa4321ac07bef4797f64cf5ea6e6090b37027f98e3a
tools-iuc	0dfd993e151cb880bbef237ba3d316b4dcf7ffea	tools/dram/dram_strainer.xml	dram_strainer	50d60eb16d2885418cb5d49ffc8d7b6a3f9008f1f0af97b48fa3c5ac3a32ccac
tools-iuc	0dfd993e151cb880bbef237ba3d316b4dcf7ffea	tools/drep/drep_compare.xml	drep_compare	c0c09828de2168e4b6872aa126d8a5c2d978c4c669c57008a2f59a5c08375459
tools-iuc	0dfd993e151cb880bbef237ba3d316b4dcf7ffea	tools/drep/drep_dereplicate.xml	drep_dereplicate	b7f839a7b95f86bf1e37e4c890b2681fea06d0ce8f1b0e0b6f29319bcb10d4cd
tools-iuc	0dfd993e151cb880bbef237ba3d316b4dcf7ffea	tools/drhip/drhip.xml	drhip	fb68f9b63f0030cb526d7e9ba1f1bafa9269363a66111315803fa007e9fae853
tools-iuc	0dfd993e151cb880bbef237ba3d316b4dcf7ffea	tools/dropletutils/dropletutils.xml	dropletutils	e1457eb02b435f6d8da0da27eb7ce45965a3b2b733864c853f2bb8544afce184
tools-iuc	0dfd993e151cb880bbef237ba3d316b4dcf7ffea	tools/drug2cell/drug2cell.xml	drug2cell	60b71561dce1215fae0c173fdf7b4bafb9a63763209057b35b3b524dd73ee021
tools-iuc	0dfd993e151cb880bbef237ba3d316b4dcf7ffea	tools/ebi_tools/ebi_search_rest_results.xml	ebi_search_rest_results	64d8a519f84973579e71bbd87ec4b396813584f8cdd43ccc3afd74cde74b26f3
tools-iuc	0dfd993e151cb880bbef237ba3d316b4dcf7ffea	tools/edger/edger.xml	edger	661568d1df93637d6b4bda499b16a4810bdbccd02ebef353424d604a898e3aac
tools-iuc	0dfd993e151cb880bbef237ba3d316b4dcf7ffea	tools/egsea/egsea.xml	egsea	a8d62000fbcb44f244d5d5a3d1ec69e98114e2ebbe4dc0f9c9f86eb5ffbebf35
tools-iuc	0dfd993e151cb880bbef237ba3d316b4dcf7ffea	tools/emboss/emboss_needle.xml	emboss_needle	a32bc7bd0b1845ad12092b15bd74e1716afa091d3f1b87a14a294777057cb117
tools-iuc	0dfd993e151cb880bbef237ba3d316b4dcf7ffea	tools/emboss/emboss_needleall.xml	emboss_needleall	b450b7908dc0aa6e1cefd6ecf79cf2052cd951ced1a3372e4a6c5598eb285359
tools-iuc	0dfd993e151cb880bbef237ba3d316b4dcf7ffea	tools/emboss_5/emboss_antigenic.xml	EMBOSS: antigenic1	31dd19bf4ae0210a66d9cca9ac7e90cd66794dce33a303a13c1c1a9028e86986
tools-iuc	0dfd993e151cb880bbef237ba3d316b4dcf7ffea	tools/emboss_5/emboss_backtranseq.xml	EMBOSS: backtranseq2	ba4e4981ed3e789a1d111a1cbe447acf294675279e8d647588fe7ea6e0099fc3
tools-iuc	0dfd993e151cb880bbef237ba3d316b4dcf7ffea	tools/emboss_5/emboss_banana.xml	EMBOSS: banana3	70d45a14afe1e049c817c734d9ab0a1c2a6bc7c748cb5ed222f6aa8bceaeca24
tools-iuc	0dfd993e151cb880bbef237ba3d316b4dcf7ffea	tools/emboss_5/emboss_biosed.xml	EMBOSS: biosed4	71cac8336b5402e8d64046ae7296a3df912f28dd3990760f89849cdfa87ded96
tools-iuc	0dfd993e151cb880bbef237ba3d316b4dcf7ffea	tools/emboss_5/emboss_btwisted.xml	EMBOSS: btwisted5	9a5e21945176a9a9052b2df2505f6fd4ad220e76074e871a167eafdd06128021
tools-iuc	0dfd993e151cb880bbef237ba3d316b4dcf7ffea	tools/emboss_5/emboss_cai.xml	EMBOSS: cai6	bb9759d797ace55c0e952ec5e2c3a9584027314b9b32618d8b977f9e5d86b561
tools-iuc	0dfd993e151cb880bbef237ba3d316b4dcf7ffea	tools/emboss_5/emboss_cai_custom.xml	EMBOSS: cai_custom6	41a9d8dcb7bfb941045ee916719a48cac1a74bdb052c336979400c2fd4fa1653
tools-iuc	0dfd993e151cb880bbef237ba3d316b4dcf7ffea	tools/emboss_5/emboss_chaos.xml	EMBOSS: chaos7	58def1b0970c0fe0b21957ac65cad1b885ce14442e8cc31de1bbabf1b199605b
tools-iuc	0dfd993e151cb880bbef237ba3d316b4dcf7ffea	tools/emboss_5/emboss_charge.xml	EMBOSS: charge8	58dc5f253187673a315f17f92ed086d275251610a085acbad26b304c1f138268
tools-iuc	0dfd993e151cb880bbef237ba3d316b4dcf7ffea	tools/emboss_5/emboss_checktrans.xml	EMBOSS: checktrans9	1bba49b74f7517bd61d280e867816c428ed37a675b4f5041a6ea0ff774d39028
tools-iuc	0dfd993e151cb880bbef237ba3d316b4dcf7ffea	tools/emboss_5/emboss_chips.xml	EMBOSS: chips10	530da95b0daa164cdb07322c6b8e0793ef0d7396d82521f1bd067174c4863b96
tools-iuc	0dfd993e151cb880bbef237ba3d316b4dcf7ffea	tools/emboss_5/emboss_cirdna.xml	EMBOSS: cirdna11	328024ebdd546258cd9cb91e7742045edb7b917d4e871084e09b7982fadd19ba
tools-iuc	0dfd993e151cb880bbef237ba3d316b4dcf7ffea	tools/emboss_5/emboss_codcmp.xml	EMBOSS: codcmp12	26794051e8376d557a140a455d85eafdf91a34318cbb6652d8710274eb829129
tools-iuc	0dfd993e151cb880bbef237ba3d316b4dcf7ffea	tools/emboss_5/emboss_coderet.xml	EMBOSS: coderet13	faf4bc4e43b1030624687e3e09472730e0089306959d148dc926c3b50abb31c1
tools-iuc	0dfd993e151cb880bbef237ba3d316b4dcf7ffea	tools/emboss_5/emboss_compseq.xml	EMBOSS: compseq14	0a1b01a7b7633b0cee6e62a33bd33ce98a987ae5f5d81e355d1d764973b0904b
tools-iuc	0dfd993e151cb880bbef237ba3d316b4dcf7ffea	tools/emboss_5/emboss_cpgplot.xml	EMBOSS: cpgplot15	42a8be465a255536014ee4e23421a51438f4f9520dba3f6e3a524cbb9d248b25
tools-iuc	0dfd993e151cb880bbef237ba3d316b4dcf7ffea	tools/emboss_5/emboss_cpgreport.xml	EMBOSS: cpgreport16	82bb2aa0862798f80cbee23c62647445c25cb936b462baabacf12b721147036b
tools-iuc	0dfd993e151cb880bbef237ba3d316b4dcf7ffea	tools/emboss_5/emboss_cusp.xml	EMBOSS: cusp17	22ef877f9401bbe297d6f60a421b0f160a220a97d2599fce52d51ab6d2b95515
tools-iuc	0dfd993e151cb880bbef237ba3d316b4dcf7ffea	tools/emboss_5/emboss_cutseq.xml	EMBOSS: cutseq18	c2e63f14bfcc6cfbb1a9f41094174e09ce5c14dff3fd28323bf30a20fe00d814
tools-iuc	0dfd993e151cb880bbef237ba3d316b4dcf7ffea	tools/emboss_5/emboss_dan.xml	EMBOSS: dan19	85eb7702258b60f025117cfe3003b157acd577f44155cd0bf94c97559595cc82
tools-iuc	0dfd993e151cb880bbef237ba3d316b4dcf7ffea	tools/emboss_5/emboss_degapseq.xml	EMBOSS: degapseq20	eac98fca364d767648c7cc1441288c62ad20b41a59851dd7f15e5e1c0e677801
tools-iuc	0dfd993e151cb880bbef237ba3d316b4dcf7ffea	tools/emboss_5/emboss_descseq.xml	EMBOSS: descseq21	d9ef7a834444b6f1688aa4b7ccf1b57657c6bf5d67eaa74f0734e3ee4cca53bf
tools-iuc	0dfd993e151cb880bbef237ba3d316b4dcf7ffea	tools/emboss_5/emboss_diffseq.xml	EMBOSS: diffseq22	77c93323cbcb63cc810ee84eab2aa325785238a2e68284b23c4f0ba744d45a0f
tools-iuc	0dfd993e151cb880bbef237ba3d316b4dcf7ffea	tools/emboss_5/emboss_digest.xml	EMBOSS: digest23	d8508c1de07b9da46f06f034083b818f8c88212b5201aa9922eb57252f5b7e79
tools-iuc	0dfd993e151cb880bbef237ba3d316b4dcf7ffea	tools/emboss_5/emboss_dotmatcher.xml	EMBOSS: dotmatcher24	6f2dcf4e51f00da55047de79255f4cbff631e80a995498778b52ce3f9b1ddd5f
tools-iuc	0dfd993e151cb880bbef237ba3d316b4dcf7ffea	tools/emboss_5/emboss_dotpath.xml	EMBOSS: dotpath25	59910133753e177165fd8d25d9e0b6a7b944326382cb982a2f7cb3f0d495631e
tools-iuc	0dfd993e151cb880bbef237ba3d316b4dcf7ffea	tools/emboss_5/emboss_dottup.xml	EMBOSS: dottup26	05b2f93710efa7814ec42bee8a4f6009d9d7585d048442ecbd375fce88921991
tools-iuc	0dfd993e151cb880bbef237ba3d316b4dcf7ffea	tools/emboss_5/emboss_dreg.xml	EMBOSS: dreg27	e64e77bc5efc3980147ea308e86831b1a73d60d0695aef8dc194e39d9d87a7de
tools-iuc	0dfd993e151cb880bbef237ba3d316b4dcf7ffea	tools/emboss_5/emboss_einverted.xml	EMBOSS: einverted28	14a3c92f8cafebf91e18be57737cad4c32642608735d3c342a62d9c3cabc5a91
tools-iuc	0dfd993e151cb880bbef237ba3d316b4dcf7ffea	tools/emboss_5/emboss_epestfind.xml	EMBOSS: epestfind29	1a833fc263356a09502bdbe02b5c2ab9da6efac731ed31eca12560aeff41c6b0
tools-iuc	0dfd993e151cb880bbef237ba3d316b4dcf7ffea	tools/emboss_5/emboss_equicktandem.xml	EMBOSS: equicktandem31	9e7d69b4baaa8938063aa7ac293e6cbe5dca563883e630767d3a912d6331461b
tools-iuc	0dfd993e151cb880bbef237ba3d316b4dcf7ffea	tools/emboss_5/emboss_est2genome.xml	EMBOSS: est2genome32	ac09f64c85dda34d08ab2278456fa047b292ad0b75a3a246a32ba34a62b3c9a2
tools-iuc	0dfd993e151cb880bbef237ba3d316b4dcf7ffea	tools/emboss_5/emboss_etandem.xml	EMBOSS: etandem33	91c0f1d05d9310b00548a466405b42cc8c01a4c6fffa3b769402aa3639e6ba15
tools-iuc	0dfd993e151cb880bbef237ba3d316b4dcf7ffea	tools/emboss_5/emboss_extractfeat.xml	EMBOSS: extractfeat34	82974d5ba1c9c9f832300f582aad54ac7e0595248d267f9be8745e3ff95fcc35
tools-iuc	0dfd993e151cb880bbef237ba3d316b4dcf7ffea	tools/emboss_5/emboss_extractseq.xml	EMBOSS: extractseq35	72371432c3eb2506d1681634178232dfb10b0ac074b094622609d7b8cbf56566
tools-iuc	0dfd993e151cb880bbef237ba3d316b4dcf7ffea	tools/emboss_5/emboss_freak.xml	EMBOSS: freak36	3405f3753699cd4f562dd894eb7f4226717aba850f5f63ee8fe23bfdf0d9931d
tools-iuc	0dfd993e151cb880bbef237ba3d316b4dcf7ffea	tools/emboss_5/emboss_fuzznuc.xml	EMBOSS: fuzznuc37	bb254e5065fcd02ce94065cb2e18c10f991ec563a5d39ddfd5cd4d0a073ec304
tools-iuc	0dfd993e151cb880bbef237ba3d316b4dcf7ffea	tools/emboss_5/emboss_fuzzpro.xml	EMBOSS: fuzzpro38	d059a7dd335845f36337dd3e53af356052192ac0c96f3335735c246cb4a12a6c
tools-iuc	0dfd993e151cb880bbef237ba3d316b4dcf7ffea	tools/emboss_5/emboss_fuzztran.xml	EMBOSS: fuzztran39	7ad7ee751234df6c08bbab78f618b6ae1a7eaf479d4632a8c979cc281827a774
tools-iuc	0dfd993e151cb880bbef237ba3d316b4dcf7ffea	tools/emboss_5/emboss_garnier.xml	EMBOSS: garnier40	7bc4558e5bfef6dfb48cd475618bd1cbc247d428254d559f81fd4d042ea53c00
tools-iuc	0dfd993e151cb880bbef237ba3d316b4dcf7ffea	tools/emboss_5/emboss_geecee.xml	EMBOSS: geecee41	9c8ba63237f2abe306ca8603376b335fd5fb47f9bba838e8a41fb71fecfeb827
tools-iuc	0dfd993e151cb880bbef237ba3d316b4dcf7ffea	tools/emboss_5/emboss_getorf.xml	EMBOSS: getorf42	73204a673bd15e4dd9721bbfc5dd57cd19d001f007fe00946591270b83fc41fa
tools-iuc	0dfd993e151cb880bbef237ba3d316b4dcf7ffea	tools/emboss_5/emboss_helixturnhelix.xml	EMBOSS: helixturnhelix43	d588e93a7cd60d90a6ce459d4827fa4a91e168a41ed1fee4bc9f67686c696960
tools-iuc	0dfd993e151cb880bbef237ba3d316b4dcf7ffea	tools/emboss_5/emboss_hmoment.xml	EMBOSS: hmoment44	e1ccf1b6fffabfb6ba3a26c352789f7ab1d8c491857eb11e3c5577c75dba45f6
tools-iuc	0dfd993e151cb880bbef237ba3d316b4dcf7ffea	tools/emboss_5/emboss_iep.xml	EMBOSS: iep45	6a8a5408afef58f053f587a990d6486d0a27b0b602bb5d313b79ffbc52c31d8a
tools-iuc	0dfd993e151cb880bbef237ba3d316b4dcf7ffea	tools/emboss_5/emboss_infoseq.xml	EMBOSS: infoseq46	85d23ad7ec142fb9061a477edd8876ab28cb8369be887f21457326defb39434a
tools-iuc	0dfd993e151cb880bbef237ba3d316b4dcf7ffea	tools/emboss_5/emboss_isochore.xml	EMBOSS: isochore47	f519c55f4f006e21c467db44a9a060bae4259ea27d80ac6e6d52dcecfb2543c6
tools-iuc	0dfd993e151cb880bbef237ba3d316b4dcf7ffea	tools/emboss_5/emboss_lindna.xml	EMBOSS: lindna48	cc8aeb60c9f99aa757eb453482fe35c293dac79f348450c2f6091f885a72a029
tools-iuc	0dfd993e151cb880bbef237ba3d316b4dcf7ffea	tools/emboss_5/emboss_marscan.xml	EMBOSS: marscan49	0f739030a95a120b7222a221f3d3c3d6e32de45c57e773ba417dc8349619f32b
tools-iuc	0dfd993e151cb880bbef237ba3d316b4dcf7ffea	tools/emboss_5/emboss_maskfeat.xml	EMBOSS: maskfeat50	c83fa21f1e09c5cc55bef70dd807b4e74ea80de026c2d8286a046573eb0aacb0
tools-iuc	0dfd993e151cb880bbef237ba3d316b4dcf7ffea	tools/emboss_5/emboss_maskseq.xml	EMBOSS: maskseq51	ddaf6038e448763696c3c6da04fdefffe9d50323204eba15c332cda31ceb46f4
tools-iuc	0dfd993e151cb880bbef237ba3d316b4dcf7ffea	tools/emboss_5/emboss_matcher.xml	EMBOSS: matcher52	e4cb7d5b69897f78d2d1079d73638be3f0fda857ddcf35973e7c8af31f2d8346
tools-iuc	0dfd993e151cb880bbef237ba3d316b4dcf7ffea	tools/emboss_5/emboss_megamerger.xml	EMBOSS: megamerger53	70490445eaa408026c42c2ad83efd5b1f10cdafaea3885860e22c50337015453
tools-iuc	0dfd993e151cb880bbef237ba3d316b4dcf7ffea	tools/emboss_5/emboss_merger.xml	EMBOSS: merger54	706e919938603da7e079e150cf5d78571a9afdcb79b8719838b51b6cf254ff97
tools-iuc	0dfd993e151cb880bbef237ba3d316b4dcf7ffea	tools/emboss_5/emboss_msbar.xml	EMBOSS: msbar55	4d5687cb29d4591068b543d1692bfc35e25ea21f13dd0c68c241700d6e2b82b4
tools-iuc	0dfd993e151cb880bbef237ba3d316b4dcf7ffea	tools/emboss_5/emboss_needle.xml	EMBOSS: needle56	8b70af2fea38bf99b9bbd16b8d56f74694ec8adf21ce63ef69a1f38240befdc5
tools-iuc	0dfd993e151cb880bbef237ba3d316b4dcf7ffea	tools/emboss_5/emboss_newcpgreport.xml	EMBOSS: newcpgreport57	256e427ae1629a54014f1ea3adfdff43b29dc54364f2bf5a5f9c6328c6ee8c1c
tools-iuc	0dfd993e151cb880bbef237ba3d316b4dcf7ffea	tools/emboss_5/emboss_newcpgseek.xml	EMBOSS: newcpgseek58	ce9d69a8bc76f3322cfedd4d48a33c35efffd4a19514b97b478ef0d6f3221201
tools-iuc	0dfd993e151cb880bbef237ba3d316b4dcf7ffea	tools/emboss_5/emboss_newseq.xml	EMBOSS: newseq59	cd5ae9172bd7f27455e9e37fd8c446feb8ff979841b6a6757b43c8c9675e507e
tools-iuc	0dfd993e151cb880bbef237ba3d316b4dcf7ffea	tools/emboss_5/emboss_noreturn.xml	EMBOSS: noreturn60	6c9e25ac0e3c58d8a5a3df6c9f9ecaf682da6957ab0407855401c277122a9e27
tools-iuc	0dfd993e151cb880bbef237ba3d316b4dcf7ffea	tools/emboss_5/emboss_notseq.xml	EMBOSS: notseq61	ae4798dfba0abeced559b811f63b3204506358003b96464bf032117de21bfab0
tools-iuc	0dfd993e151cb880bbef237ba3d316b4dcf7ffea	tools/emboss_5/emboss_nthseq.xml	EMBOSS: nthseq62	61122df0b52ef7d66e82745752013a4722013445d4fa7a29b834794391b7b4a0
tools-iuc	0dfd993e151cb880bbef237ba3d316b4dcf7ffea	tools/emboss_5/emboss_octanol.xml	EMBOSS: octanol63	8cceeffab8fd44e0b9972c66aed224cec733dffca6c780688d81cc2a48acbb62
tools-iuc	0dfd993e151cb880bbef237ba3d316b4dcf7ffea	tools/emboss_5/emboss_oddcomp.xml	EMBOSS: oddcomp64	e8ad950428dae03f590a0de7c9c7855a3aa36ebbc7746829573e3b066f7c9ead
tools-iuc	0dfd993e151cb880bbef237ba3d316b4dcf7ffea	tools/emboss_5/emboss_palindrome.xml	EMBOSS: palindrome65	cb96636cd0241e4f44412fa83cd4501221c8f9b7be8c9a56e04fd87c44d4cde1
tools-iuc	0dfd993e151cb880bbef237ba3d316b4dcf7ffea	tools/emboss_5/emboss_pasteseq.xml	EMBOSS: pasteseq66	08c90270adc325cc67108e9cb7b7606b20aa044005ed9d6992255617c2e4f4f1
tools-iuc	0dfd993e151cb880bbef237ba3d316b4dcf7ffea	tools/emboss_5/emboss_patmatdb.xml	EMBOSS: patmatdb67	9decb668a8b28edd6baef9495b4171594b0d7dbb4cbe99f809769909b8e62531
tools-iuc	0dfd993e151cb880bbef237ba3d316b4dcf7ffea	tools/emboss_5/emboss_pepcoil.xml	EMBOSS: pepcoil68	ee13d8a78c46991ef3b8498d994664f94621f34f3dab442bebf388d6d0316986
tools-iuc	0dfd993e151cb880bbef237ba3d316b4dcf7ffea	tools/emboss_5/emboss_pepinfo.xml	EMBOSS: pepinfo69	2053fc95bbdd2297395300a619ed6502d96ca980ed36663bd6f262feba4de5ac
tools-iuc	0dfd993e151cb880bbef237ba3d316b4dcf7ffea	tools/emboss_5/emboss_pepnet.xml	EMBOSS: pepnet70	f7dae7f79fa861d3cc5cf8c9320e6299ea5adcf1800a3f7df72b34d248e9f258
tools-iuc	0dfd993e151cb880bbef237ba3d316b4dcf7ffea	tools/emboss_5/emboss_pepstats.xml	EMBOSS: pepstats71	9b6afed310e1e47d3fbf5f62eed75b48be65a5c41cf3c2fe3309675cb966056e
tools-iuc	0dfd993e151cb880bbef237ba3d316b4dcf7ffea	tools/emboss_5/emboss_pepwheel.xml	EMBOSS: pepwheel72	ff2e95c2f4ac966ede9112a6ec0ef005532605dda8d0e75fe35853c9b6397425
tools-iuc	0dfd993e151cb880bbef237ba3d316b4dcf7ffea	tools/emboss_5/emboss_pepwindow.xml	EMBOSS: pepwindow73	ea567488489b8ca215a0e5f2b700ba2c9f882a710b83b2950259b52bb103738e
tools-iuc	0dfd993e151cb880bbef237ba3d316b4dcf7ffea	tools/emboss_5/emboss_pepwindowall.xml	EMBOSS: pepwindowall74	89eedccb91e312d3632c8b823d7d9386227c86530fa05d980204e90a1933b8d5
tools-iuc	0dfd993e151cb880bbef237ba3d316b4dcf7ffea	tools/emboss_5/emboss_plotcon.xml	EMBOSS: plotcon75	5f5b59273c20575f62ad97c21dff75e551e11ed3e5a3e86cb1abd104f265d4b7
tools-iuc	0dfd993e151cb880bbef237ba3d316b4dcf7ffea	tools/emboss_5/emboss_plotorf.xml	EMBOSS: plotorf76	3cad0b04b54d9c66cf623c273180c16fb15fc6c4e8783b570d916ad032f03d18
tools-iuc	0dfd993e151cb880bbef237ba3d316b4dcf7ffea	tools/emboss_5/emboss_polydot.xml	EMBOSS: polydot77	8d64d62310d0afaf473a64528dac8297d09b9a1c6473514dfd6a82ad6719b1ba
tools-iuc	0dfd993e151cb880bbef237ba3d316b4dcf7ffea	tools/emboss_5/emboss_preg.xml	EMBOSS: preg78	9141c91d3ef129c1a5d60a3bcc3866c20e2d67fd2be2235e9368e9f4c479ff50
tools-iuc	0dfd993e151cb880bbef237ba3d316b4dcf7ffea	tools/emboss_5/emboss_prettyplot.xml	EMBOSS: prettyplot79	17ee7b7365a4f1cde346016a23c6ec1fb42abf3f1de29326e0cb7d05af0f37da
tools-iuc	0dfd993e151cb880bbef237ba3d316b4dcf7ffea	tools/emboss_5/emboss_prettyseq.xml	EMBOSS: prettyseq80	8757498205f74f05d8a78f9e747dc85e302015efd455c04f9a28e3bb25382614
tools-iuc	0dfd993e151cb880bbef237ba3d316b4dcf7ffea	tools/emboss_5/emboss_primersearch.xml	EMBOSS: primersearch81	18d3e1c2e0ab500984bcd851a685638abe513a8c046fd04cdb25c882cc7ba5ec
tools-iuc	0dfd993e151cb880bbef237ba3d316b4dcf7ffea	tools/emboss_5/emboss_revseq.xml	EMBOSS: revseq82	e9feeddda6b5da45c4fde6ce1b1700abd63bcb417e8b7c374ea9cf558865b047
tools-iuc	0dfd993e151cb880bbef237ba3d316b4dcf7ffea	tools/emboss_5/emboss_seqmatchall.xml	EMBOSS: seqmatchall83	d13c99f1675f5e0d43b8eda4a7b1a9379fbcae661a8ae6691904c579b84269cc
tools-iuc	0dfd993e151cb880bbef237ba3d316b4dcf7ffea	tools/emboss_5/emboss_seqret.xml	EMBOSS: seqret84	cb84b93f7c4840d84724a916781d4df3c01bf0354727b4c9c92b6d31a24f6e7e
tools-iuc	0dfd993e151cb880bbef237ba3d316b4dcf7ffea	tools/emboss_5/emboss_showfeat.xml	EMBOSS: showfeat85	22e590b592f9647f64197d743f444a84d3bc0c3f4c05ff65392dbdafd2fc96b9
tools-iuc	0dfd993e151cb880bbef237ba3d316b4dcf7ffea	tools/emboss_5/emboss_shuffleseq.xml	EMBOSS: shuffleseq87	79ee3128429fe2550361ea9e1a5f4e735f85946b64857101b96ab269ad30faca
tools-iuc	0dfd993e151cb880bbef237ba3d316b4dcf7ffea	tools/emboss_5/emboss_sigcleave.xml	EMBOSS: sigcleave88	e44884d737ad644f723e57a33c2352c2e2cc03229f389b178818287404346c2e
tools-iuc	0dfd993e151cb880bbef237ba3d316b4dcf7ffea	tools/emboss_5/emboss_sirna.xml	EMBOSS: sirna89	bf152280b32e1e91b5dc273abcfa263b4d3ba2e11cbc1ea875d26ed6ebcdcbbb
tools-iuc	0dfd993e151cb880bbef237ba3d316b4dcf7ffea	tools/emboss_5/emboss_sixpack.xml	EMBOSS: sixpack90	def3d9daf1040cfc62bd1793b8fe91e5b9a3c0768ba0a12129f64789521211cd
tools-iuc	0dfd993e151cb880bbef237ba3d316b4dcf7ffea	tools/emboss_5/emboss_skipseq.xml	EMBOSS: skipseq91	c124736c125b74e79f17bedda9495af29a440e097b6f66615460d6bb483939b4
tools-iuc	0dfd993e151cb880bbef237ba3d316b4dcf7ffea	tools/emboss_5/emboss_splitter.xml	EMBOSS: splitter92	497a980850196707f18abbdb163424621f06eba0e59977b81339d8c01398b040
tools-iuc	0dfd993e151cb880bbef237ba3d316b4dcf7ffea	tools/emboss_5/emboss_supermatcher.xml	EMBOSS: supermatcher95	484a492642ec89a62e9cef13fa8af713ae86dac8e8fee4c8a9b50072c0b2e68d
tools-iuc	0dfd993e151cb880bbef237ba3d316b4dcf7ffea	tools/emboss_5/emboss_syco.xml	EMBOSS: syco96	1c5e5cc595ef31ed51f27dd36ddf27d5f2134e9f6a9cba895bd6561db58fcbad
tools-iuc	0dfd993e151cb880bbef237ba3d316b4dcf7ffea	tools/emboss_5/emboss_tcode.xml	EMBOSS: tcode97	43a853495b477a429bf4a7fc238a4c0133304b65e1655ab706f47c1d9202b7b8
tools-iuc	0dfd993e151cb880bbef237ba3d316b4dcf7ffea	tools/emboss_5/emboss_textsearch.xml	EMBOSS: textsearch98	ce59c87eb013b42c74dbb07496ce8ab9565a0a43ea5ad2dcb274164265eb870c
tools-iuc	0dfd993e151cb880bbef237ba3d316b4dcf7ffea	tools/emboss_5/emboss_tmap.xml	EMBOSS: tmap99	50bd8297dc0f1ef537e4113986f2fc816e3e477e356f0c2285fe6c7f35671000
tools-iuc	0dfd993e151cb880bbef237ba3d316b4dcf7ffea	tools/emboss_5/emboss_tranalign.xml	EMBOSS: tranalign100	04273d0631cfd3fdc999e0b37f35a28c2901591582b75213479215123dec394f
tools-iuc	0dfd993e151cb880bbef237ba3d316b4dcf7ffea	tools/emboss_5/emboss_transeq.xml	EMBOSS: transeq101	137448fb0cb9087fcd854201d76b38aa553fe1c9b3b9b31cf4e05e4530f06de8
tools-iuc	0dfd993e151cb880bbef237ba3d316b4dcf7ffea	tools/emboss_5/emboss_trimest.xml	EMBOSS: trimest102	c690af54aa7bf5104f46b08179ecf389d152eed41674f09668900d0cdc02a58d
tools-iuc	0dfd993e151cb880bbef237ba3d316b4dcf7ffea	tools/emboss_5/emboss_trimseq.xml	EMBOSS: trimseq103	7237ef613013c385c768fd1e986facfea39bbb0be75bde7f5f8e54e4f5dd35c6
tools-iuc	0dfd993e151cb880bbef237ba3d316b4dcf7ffea	tools/emboss_5/emboss_twofeat.xml	EMBOSS: twofeat104	465a49c4077ef648503b24fe46130b91e4535a17741427b730ab54b231a6d88e
tools-iuc	0dfd993e151cb880bbef237ba3d316b4dcf7ffea	tools/emboss_5/emboss_union.xml	EMBOSS: union105	c8e14081027df44c0685420d80fdbe77d86d7498e15a706fb15592609fe92d03
tools-iuc	0dfd993e151cb880bbef237ba3d316b4dcf7ffea	tools/emboss_5/emboss_vectorstrip.xml	EMBOSS: vectorstrip106	9904bceb4ecd1409efd853b34905a1c08ae2915197e0812b0189ed02fe751ced
tools-iuc	0dfd993e151cb880bbef237ba3d316b4dcf7ffea	tools/emboss_5/emboss_water.xml	EMBOSS: water107	f12d3355c2bc6556aef824bc9ed8d194bd8226fa4e94e86279366077bb2b7090
tools-iuc	0dfd993e151cb880bbef237ba3d316b4dcf7ffea	tools/emboss_5/emboss_wobble.xml	EMBOSS: wobble108	587d1688be9fc1e0d52021e7de07765b2954af9279b07206879d57e99844feb6
tools-iuc	0dfd993e151cb880bbef237ba3d316b4dcf7ffea	tools/emboss_5/emboss_wordcount.xml	EMBOSS: wordcount109	46f86d2b6490e57c5600cab39337937ba7b0f438bd3aef002cc47efcacf34e59
tools-iuc	0dfd993e151cb880bbef237ba3d316b4dcf7ffea	tools/emboss_5/emboss_wordmatch.xml	EMBOSS: wordmatch110	46cbacd7102d08525fd4206814d1c8e3444aa4dfa8510a9e4b0b4ee29868af58
tools-iuc	0dfd993e151cb880bbef237ba3d316b4dcf7ffea	tools/ena_upload/ena_upload.xml	ena_upload	8fc123c31eecbf98750d6e28382e963b2edad227273661fa709bf982ff67fef8
tools-iuc	0dfd993e151cb880bbef237ba3d316b4dcf7ffea	tools/ena_webin_cli/ena_webin_cli.xml	ena_webin_cli	84a219ac81092550172e6558bd45894887845e4bcacce956abdb2cfb31bbda2c
tools-iuc	0dfd993e151cb880bbef237ba3d316b4dcf7ffea	tools/enasearch/enasearch_retrieve_analysis_report.xml	enasearch_retrieve_analysis_report	0b0c75e5579cdb6723ae1fc5cefbcd175dbe2894e610a1b19d3153001e3ef02b
tools-iuc	0dfd993e151cb880bbef237ba3d316b4dcf7ffea	tools/enasearch/enasearch_retrieve_data.xml	enasearch_retrieve_data	665dcb10a428174af121d0c89a83ad36a8a64ec680f0c1d6b2ba316beefc0b83
tools-iuc	0dfd993e151cb880bbef237ba3d316b4dcf7ffea	tools/enasearch/enasearch_retrieve_run_report.xml	enasearch_retrieve_run_report	3f11899b512c227724438373705eca526ef55400cd936a6dfb3eb03679f91852
tools-iuc	0dfd993e151cb880bbef237ba3d316b4dcf7ffea	tools/enasearch/enasearch_retrieve_taxons.xml	enasearch_retrieve_taxons	57a5f892ea2facd4a3eeedcc34ad2d8506f9539d41c11951d41a5cb70425d8f9
tools-iuc	0dfd993e151cb880bbef237ba3d316b4dcf7ffea	tools/enasearch/enasearch_search_data.xml	enasearch_search_data	078eb40c9b6d5e7ba810228193fd353206d3c18df6656deacf29dc4fe98a9e84
tools-iuc	0dfd993e151cb880bbef237ba3d316b4dcf7ffea	tools/endorspy/endorspy.xml	endorspy	2fae40bffbb8ae4683670a5d8f20efb60d0ebe49ce417cd1c0d77292e29cce10
tools-iuc	0dfd993e151cb880bbef237ba3d316b4dcf7ffea	tools/ensembl_vep/ensembl_vep.xml	ensembl_vep	04f07f9084206917c7e950661e65158a23b58a5c00cd368a786438d1ef9ca6d6
tools-iuc	0dfd993e151cb880bbef237ba3d316b4dcf7ffea	tools/episcanpy/build_matrix.xml	episcanpy_build_matrix	2c700e97a239d85ec3ea7292149acee5fd8c7fa3fb3abf32799ada3f6310c231
tools-iuc	0dfd993e151cb880bbef237ba3d316b4dcf7ffea	tools/episcanpy/cluster_embed.xml	episcanpy_cluster_embed	171ef9ecf7cb3efa162455fa33d65f7876a06609bec7c557511a21b7d8774ac4
tools-iuc	0dfd993e151cb880bbef237ba3d316b4dcf7ffea	tools/episcanpy/preprocess.xml	episcanpy_preprocess	24c4b63eeae2bbe3d952b5e1b4ce0075f9cbfd082c2616cbb8f81995dcd3b682
tools-iuc	0dfd993e151cb880bbef237ba3d316b4dcf7ffea	tools/ete-toolkit/ete-treeviewer.xml	ete_treeviewer	c446b13c5ba939be64811dadeda329794f3532dcbc83c5db68ae84e6c0ec0573
tools-iuc	0dfd993e151cb880bbef237ba3d316b4dcf7ffea	tools/eukrep/eukrep.xml	eukrep	a0ece7f127c938096744e6094053e1c47d1b0db3c69f9b4ad9ca0f54065be21b
tools-iuc	0dfd993e151cb880bbef237ba3d316b4dcf7ffea	tools/evidencemodeler/evidencemodeler.xml	evidencemodeler	6c17ec9246c586a3e4cda058011bc6cebc51614fa027135e3001c30e9274c8b3
tools-iuc	0dfd993e151cb880bbef237ba3d316b4dcf7ffea	tools/exomedepth/exomedepth.xml	exomedepth	87aa2e64e11291f0849930cc9e8fdee222add73266dad48307e1054dd3e4fbe5
tools-iuc	0dfd993e151cb880bbef237ba3d316b4dcf7ffea	tools/exonerate/exonerate.xml	exonerate	fe6358690756953eff96f0ae7bdd1a0deaad30791d63302c8e9cc0cb9d1457b5
tools-iuc	0dfd993e151cb880bbef237ba3d316b4dcf7ffea	tools/export2graphlan/export2graphlan.xml	export2graphlan	162464bcabbff0c55b8cfbc38597dcbf44b4e6c503ee8ba9818ad4c07ccca37b
tools-iuc	0dfd993e151cb880bbef237ba3d316b4dcf7ffea	tools/extract_genomic_dna/extract_genomic_dna.xml	Extract genomic DNA 1	ead4ff3f59addc3d9c29d75b930b0876bebe150e0aca7fe2bb4a6ad74c7832fd
tools-iuc	0dfd993e151cb880bbef237ba3d316b4dcf7ffea	tools/faffy/faffy_chunk.xml	faffy_chunk	5e65b04d8a6df765bdcc076133f30e39ed66c2de1f1297f54f57e9a760b79215
tools-iuc	0dfd993e151cb880bbef237ba3d316b4dcf7ffea	tools/faffy/faffy_extract.xml	faffy_extract	b055e95299532908aac91b875898afefa06d5bf997bcd22931ae6b46d3fd355d
tools-iuc	0dfd993e151cb880bbef237ba3d316b4dcf7ffea	tools/faffy/faffy_merge.xml	faffy_merge	a9f9187c8e97bc7f51070c73e86f06e39bdd7b6c10f653a572b08e77ae4230e8
tools-iuc	0dfd993e151cb880bbef237ba3d316b4dcf7ffea	tools/fairy/fairy_cov.xml	fairy_cov	fba4414881b7cb8f177664d38ac54c2b618bec39bfbda2391272de7d16843af7
tools-iuc	0dfd993e151cb880bbef237ba3d316b4dcf7ffea	tools/fairy/fairy_sketch.xml	fairy_sketch	132d9350fc1f1bbb2731a462ccbf61c478f383c3ec7e7ddf06bee3b273862506
tools-iuc	0dfd993e151cb880bbef237ba3d316b4dcf7ffea	tools/falco/falco.xml	falco	9f9907bdb3634310b65c11520b9b6ae14506d6fd9c913295dda225b4ddaf25b1
tools-iuc	0dfd993e151cb880bbef237ba3d316b4dcf7ffea	tools/fargene/fargene.xml	fargene	fd5273704b0f8b32128429f13d1b555500186155222867722bf01d90aa170cd2
tools-iuc	0dfd993e151cb880bbef237ba3d316b4dcf7ffea	tools/fasta_nucleotide_color_plot/fasta_nucleotide_color_plot.xml	fasta_nucleotide_color_plot	297bc118dc3361abc98080a8afccba90a6e5b7ae08c81959ef250fa083c714f5
tools-iuc	0dfd993e151cb880bbef237ba3d316b4dcf7ffea	tools/fasta_stats/fasta-stats.xml	fasta-stats	6b0b6dbeccf27765912958e557b88fb7f86a8d6cce9de6ddd964a9c19adc5b9d
tools-iuc	0dfd993e151cb880bbef237ba3d316b4dcf7ffea	tools/fastani/fastani.xml	fastani	e7e090d859878fcff0706c646b2389d2e6f1c0f163c17444259a0b7e51e32ec9
tools-iuc	0dfd993e151cb880bbef237ba3d316b4dcf7ffea	tools/fastga/alnchain.xml	alnchain	43ff90f04b025867f6cae0230529fdafd48a42905b251061e553f00afd8141da
tools-iuc	0dfd993e151cb880bbef237ba3d316b4dcf7ffea	tools/fastga/fastga.xml	fastga	9f53fa95a737a986e53bee27eb1d3772f3a00a0efedf2dd445bb47830d5c3aa8
tools-iuc	0dfd993e151cb880bbef237ba3d316b4dcf7ffea	tools/fastk/fastk.xml	fastk_fastk	f25c9e46bf31b903957d8e1d7b0e93c28df4c86db6a95231070043111430b027
tools-iuc	0dfd993e151cb880bbef237ba3d316b4dcf7ffea	tools/fastk/histex.xml	fastk_histex	fa9e485ec0e5c72a7ab3d2fb5cc8fd6688e5f80ef62fe23227822ed2bb1a5ada
tools-iuc	0dfd993e151cb880bbef237ba3d316b4dcf7ffea	tools/fastk/logex.xml	fastk_logex	692bc59ed55f62916aa37ccb890ccdd9dbbe5501f26c7beda03efccea93e82aa
tools-iuc	0dfd993e151cb880bbef237ba3d316b4dcf7ffea	tools/fastoma/fastoma.xml	fastoma	fb2e56008a0a50c85dc2af56c6e203f8040145e3c288aa7635a3dccbb78ef5ea
tools-iuc	0dfd993e151cb880bbef237ba3d316b4dcf7ffea	tools/fastp/fastp.xml	fastp	2c02ee70c2f7088858684fba2556937eda5daae62138b16378e99196e4e6ffb1
tools-iuc	0dfd993e151cb880bbef237ba3d316b4dcf7ffea	tools/fastplong/fastplong.xml	fastplong	88ba97b716beacf11394727fe6f99a7d83bbcf08157080f53154e35e5ff76f95
tools-iuc	0dfd993e151cb880bbef237ba3d316b4dcf7ffea	tools/fastq_dl/fastq_dl.xml	fastq_dl	523a69066750e7b9d67cfdf24e83e0bfb613531e45cca244816128d5c86f55d2
tools-iuc	0dfd993e151cb880bbef237ba3d316b4dcf7ffea	tools/fastq_groupmerge/fastq_groupmerge.xml	fastq_groupmerge	cb5358fb68aadb7f86537d555e5aea7ce019bf6592d923523ee9819815096d8f
tools-iuc	0dfd993e151cb880bbef237ba3d316b4dcf7ffea	tools/fastqc/rgFastQC.xml	fastqc	4f3c71de28e04ccfff5bdf0fa94b800a28195818fdc27f24fa5d8c0a2c4097aa
tools-iuc	0dfd993e151cb880bbef237ba3d316b4dcf7ffea	tools/fastqe/fastqe.xml	fastqe	e2f4a58fa3d5e1256be3dc14a22ead51f1a5a960f03bc00ccb9903d92c0c4a4d
tools-iuc	0dfd993e151cb880bbef237ba3d316b4dcf7ffea	tools/fastreer/fastreer_dist2tree.xml	fastreer_dist2tree	2b5147426cdf77c25cc04a260a2ea1b803b59a2097e923e7227e41887251f9c3
tools-iuc	0dfd993e151cb880bbef237ba3d316b4dcf7ffea	tools/fastreer/fastreer_fasta2dist.xml	fastreer_fasta2dist	b8512f47f39ff0e3dbf2613cf4cab23273843b11b68de0e9122d7f3500ecf970
tools-iuc	0dfd993e151cb880bbef237ba3d316b4dcf7ffea	tools/fastreer/fastreer_vcf2dist.xml	fastreer_vcf2dist	fbac7e2efe8bc541687409779be16eab415d2683a4c94de560dad220f4d71daa
tools-iuc	0dfd993e151cb880bbef237ba3d316b4dcf7ffea	tools/fastreer/fastreer_vcf2tree.xml	fastreer_vcf2tree	f0f12037df5ec1369b0e59b1fb964bdc43abc92b347ffa3cdc248df70f6a8ac5
tools-iuc	0dfd993e151cb880bbef237ba3d316b4dcf7ffea	tools/fastspar/fastspar.xml	fastspar	f32c2c43d56653c8b64217d261b576b39107c4b63e0be403d4f78514bab40263
tools-iuc	0dfd993e151cb880bbef237ba3d316b4dcf7ffea	tools/fastspar/fastspar_pvalues.xml	fastspar_pvalues	c567145c22f59e0962df474e7f9eae10c2dcb3186ddc3a3ae9a57e3597502d48
tools-iuc	0dfd993e151cb880bbef237ba3d316b4dcf7ffea	tools/fastspar/fastspar_reduce.xml	fastspar_reduce	3f65319545610a53dd88b86b48bead955fb42003dbc61e7f33af74dc2ad7e699
tools-iuc	0dfd993e151cb880bbef237ba3d316b4dcf7ffea	tools/fasttree/fasttree.xml	fasttree	0373fa9d2cc15dbb3b335d63ed6b90f434f02532147a35f99d882bbc4971ef98
tools-iuc	0dfd993e151cb880bbef237ba3d316b4dcf7ffea	tools/featurecounts/featurecounts.xml	featurecounts	e0c63eda80837e77df144484637261d96a8fe6f0b11dd055c5f4e32db7b821dd
tools-iuc	0dfd993e151cb880bbef237ba3d316b4dcf7ffea	tools/feelnc/feelnc_wrapper.xml	feelnc	6540fdf94aa3c0a15552f05f51dc12bda3e39128ce13f82c2a33b8ea7f7d2d9d
tools-iuc	0dfd993e151cb880bbef237ba3d316b4dcf7ffea	tools/fermikit/fermi2.xml	fermi2	b0ef3b3d8f07dce64b1ca5f8da29026a793cefa99d04852918b86ea39e313b4e
tools-iuc	0dfd993e151cb880bbef237ba3d316b4dcf7ffea	tools/fermikit/fermikit_run_calling.xml	fermikit_variants	c6932dbe744663ff7fd25163b72b89336a951fe8a7eb349655ca2770fa09c812
tools-iuc	0dfd993e151cb880bbef237ba3d316b4dcf7ffea	tools/fgsea/fgsea.xml	fgsea	e5425d4ec3dce360ec03f7244530f723bdd12451cd00fb4d822b5aa7399ab9ba
tools-iuc	0dfd993e151cb880bbef237ba3d316b4dcf7ffea	tools/fileidentification/fileidentification.xml	fileidentification	7e19959fd00e62df00f8a5ff6f86f980f046995cfe1b2cc5ae27287b8466bab1
tools-iuc	0dfd993e151cb880bbef237ba3d316b4dcf7ffea	tools/filtlong/filtlong.xml	filtlong	a1babc24fd5aa9eecb8fbbf8c7a1cc0b6bf8e5904d9d2d15f2ddecd65c69365f
tools-iuc	0dfd993e151cb880bbef237ba3d316b4dcf7ffea	tools/flair/flair_collapse.xml	flair_collapse	dca4178e29ec275199da23791f9d930a408e047df26661cbecf17edce9c23476
tools-iuc	0dfd993e151cb880bbef237ba3d316b4dcf7ffea	tools/flair/flair_correct.xml	flair_correct	0d581ebc24b5bc753930ec838e2f9e7eb46b3e3bf989708c5053fa65c945d93c
tools-iuc	0dfd993e151cb880bbef237ba3d316b4dcf7ffea	tools/flash/flash.xml	flash	022ad1d6c740f12f1a63efd39ee37b0633cb89a178d5d28285826807effa5996
tools-iuc	0dfd993e151cb880bbef237ba3d316b4dcf7ffea	tools/fraggenescan/fraggenescan.xml	fraggenescan	8089ed296369d71ded81a36dc9bd25a93a9d5d8de96418180591fc8e4f51672d
tools-iuc	0dfd993e151cb880bbef237ba3d316b4dcf7ffea	tools/freebayes/freebayes.xml	freebayes	241a30ce46e8b764b563b7392f64e4a9d1fe36730cbd214257bacdcc05f20880
tools-iuc	0dfd993e151cb880bbef237ba3d316b4dcf7ffea	tools/freebayes/leftalign.xml	bamleftalign	0145de29fe1d58ec8f8a176d8e39fcdb5e7703f5917d0a08e8d33008f499cf6a
tools-iuc	0dfd993e151cb880bbef237ba3d316b4dcf7ffea	tools/freec/control_freec.xml	control_freec	0835a960d516f64f9f386ba1d9f49fb2671f3ac06365365021595d977c847af4
tools-iuc	0dfd993e151cb880bbef237ba3d316b4dcf7ffea	tools/freyja/freyja_aggregate_plot.xml	freyja_aggregate_plot	67eea3955baac2224591ba32646520825d7f15e558cff60261fce77c0691b7e9
tools-iuc	0dfd993e151cb880bbef237ba3d316b4dcf7ffea	tools/freyja/freyja_boot.xml	freyja_boot	f5d7f4020665ef884d65034ae8df0d0e79c35f6018fd8ee25bfdc821e80ed69e
tools-iuc	0dfd993e151cb880bbef237ba3d316b4dcf7ffea	tools/freyja/freyja_demix.xml	freyja_demix	9e3d7a653eb9ff4af55c90b2f980585d57162745e0e3a3cd3afbcd41dfb92044
tools-iuc	0dfd993e151cb880bbef237ba3d316b4dcf7ffea	tools/freyja/freyja_variants.xml	freyja_variants	4e42425333aa0aa87226fe9754f99533fdd6df4eeb3e53de179f1727441a6a10
tools-iuc	0dfd993e151cb880bbef237ba3d316b4dcf7ffea	tools/fsd/fsd.xml	fsd	edd9148055d7dcb95c35fad026401b46eecb5e11fba20dd48abd424d434ffcf4
tools-iuc	0dfd993e151cb880bbef237ba3d316b4dcf7ffea	tools/fsd/fsd_beforevsafter.xml	fsd_beforevsafter	4dce92bbbb374793f8253c750efbc14a91a3ddb39f6a7a346243c73e57a10b63
tools-iuc	0dfd993e151cb880bbef237ba3d316b4dcf7ffea	tools/fsd/fsd_regions.xml	fsd_regions	65563af794aebff37096e9100e57d6b94876ea55443e495f33d8b16d77439b1b
tools-iuc	0dfd993e151cb880bbef237ba3d316b4dcf7ffea	tools/fsd/td.xml	td	73853507af38db9f099513cdd67b0ab3e64e47d64c5d824a6a262c1ed2f23bd5
tools-iuc	0dfd993e151cb880bbef237ba3d316b4dcf7ffea	tools/funannotate/funannotate_annotate.xml	funannotate_annotate	606cda6676128ba52b95675c824f06c5b967b8fb6d8898473b4633a975fa890e
tools-iuc	0dfd993e151cb880bbef237ba3d316b4dcf7ffea	tools/funannotate/funannotate_clean.xml	funannotate_clean	3305b59aea3816d6b9d5777a08f447f1e634a2e65158d8750ae2d08557a25446
tools-iuc	0dfd993e151cb880bbef237ba3d316b4dcf7ffea	tools/funannotate/funannotate_compare.xml	funannotate_compare	19f5be6194047d9b592db4094d5659af4438dda1416b9def1c473c323cc1e36b
tools-iuc	0dfd993e151cb880bbef237ba3d316b4dcf7ffea	tools/funannotate/funannotate_predict.xml	funannotate_predict	bb1865c48e228e8c866725401495d71f17bd9d8bbf1c368bb46e9f58b0212490
tools-iuc	0dfd993e151cb880bbef237ba3d316b4dcf7ffea	tools/funannotate/funannotate_sort.xml	funannotate_sort	6f77624578e5cd2b44e9e8d4abfa5fad5a98c95c5be8504cb3547a399fc6948f
tools-iuc	0dfd993e151cb880bbef237ba3d316b4dcf7ffea	tools/fur/fur.xml	fur	f6f46ef950f85ea373063904e2a2d8291645ad60889fd2c788e10deac9cb1225
tools-iuc	0dfd993e151cb880bbef237ba3d316b4dcf7ffea	tools/gamma/gamma-s.xml	gamma_s	049c20728f868df476a82d8ade4a15ce71d3798f09343fdb515ff13339796f08
tools-iuc	0dfd993e151cb880bbef237ba3d316b4dcf7ffea	tools/gamma/gamma.xml	gamma	7663f16bf6b9a0157db71be05fa5a79036a109547f45f36ea615aeb275da6668
tools-iuc	0dfd993e151cb880bbef237ba3d316b4dcf7ffea	tools/gatk4/gatk4_Mutect2.xml	gatk4_mutect2	a723dc284fd437818f2d200dd01e2bad0562b3e8351be8f15039a8b5c2045af3
tools-iuc	0dfd993e151cb880bbef237ba3d316b4dcf7ffea	tools/gatk4/gatk4_applybqsr.xml	gatk4_applybqsr	33cc256e80f4eca2575eda906314d73fac2116bf17c64e2f52596507ded2fd34
tools-iuc	0dfd993e151cb880bbef237ba3d316b4dcf7ffea	tools/gatk4/gatk4_base_recalibrator.xml	gatk4_base_recalibrator	68da3028884a263ee49fb6c9e7bd3cd9288da77c733613f55f1f17e49a35a054
tools-iuc	0dfd993e151cb880bbef237ba3d316b4dcf7ffea	tools/gatk4/gatk4_haplotype_caller.xml	gatk4_haplotype_caller	03c58f6db8c61cb632c48950b7ae85100967b7b874cb994b0e605617ef4e563e
tools-iuc	0dfd993e151cb880bbef237ba3d316b4dcf7ffea	tools/gatk4/gatk4_split_n_cigar_reads.xml	gatk4_split_n_cigar_reads	4e41fc862cb0bea1ead8c5b02cff45f81d96b2904d7a0d11a020d1dc80555fe1
tools-iuc	0dfd993e151cb880bbef237ba3d316b4dcf7ffea	tools/gdcwebapp/gdcwebapp.xml	data_source_gdcwebapp	1a546f749afd93ea0b02e0cedbf6ca4c48feec540ec6aca0e20d5989b976eab0
tools-iuc	0dfd993e151cb880bbef237ba3d316b4dcf7ffea	tools/gecko/gecko.xml	gecko	440064e312a5059d8edf51bfb330b1a60839c1e07f20aa8fa8fd83db34d17e27
tools-iuc	0dfd993e151cb880bbef237ba3d316b4dcf7ffea	tools/gem_tools/gem_check_memote.xml	gem_check_memote	a6c45b8edbc2788e9f63a29a0fd3b466e29422ffc230010207ad5994310510cb
tools-iuc	0dfd993e151cb880bbef237ba3d316b4dcf7ffea	tools/gem_tools/gem_escher_visualization.xml	gem_escher_visualization	38e425f0fab39a5a951c4811c30f2ed6b2df29d1e61d18d9285237789ca181a7
tools-iuc	0dfd993e151cb880bbef237ba3d316b4dcf7ffea	tools/gem_tools/gem_extract_exchange.xml	gem_extract_exchange	e8a63de15e12c26b3b4c2f9ee797a65c7fe60fa7e755d4ef28f28766bbb85710
tools-iuc	0dfd993e151cb880bbef237ba3d316b4dcf7ffea	tools/gem_tools/gem_flux_distribution.xml	gem_flux_distribution	4ac77bc9b7186cd4eee579f32c95a72a4a907d6dd9d3e2b741fc065c47c2a14d
tools-iuc	0dfd993e151cb880bbef237ba3d316b4dcf7ffea	tools/gem_tools/gem_flux_variability_analysis.xml	gem_flux_variability_analysis	81a6f38dedf11e7ddf72a5c7d4bdebbe83e611e2024eb2194c725920b28b24df
tools-iuc	0dfd993e151cb880bbef237ba3d316b4dcf7ffea	tools/gem_tools/gem_knockout.xml	gem_knockout	04bc2418f7729006c2eb338dc4f3a4fee19dda4f193c2749daf25c0d706b3646
tools-iuc	0dfd993e151cb880bbef237ba3d316b4dcf7ffea	tools/gem_tools/gem_phenotype_phase_plane.xml	gem_phenotype_phase_plane	4901139e839457266cb7befedf9369e24390a0da6a34b5cda71b06d449273b4c
tools-iuc	0dfd993e151cb880bbef237ba3d316b4dcf7ffea	tools/gemini/gemini_actionable_mutations.xml	gemini_actionable_mutations	3798f13422a76cb93b4ee2bddea32d2186733147c958cb42a05bb64fa4577f02
tools-iuc	0dfd993e151cb880bbef237ba3d316b4dcf7ffea	tools/gemini/gemini_amend.xml	gemini_amend	3a0890d4ab4d67680d745023611c1e98021448139393ad37b728e15bd2eced60
tools-iuc	0dfd993e151cb880bbef237ba3d316b4dcf7ffea	tools/gemini/gemini_annotate.xml	gemini_annotate	6baedc1276bbe05016b362de0e6494160bbc05a346286c0c3f841f9605ad5286
tools-iuc	0dfd993e151cb880bbef237ba3d316b4dcf7ffea	tools/gemini/gemini_burden.xml	gemini_burden	589193757de158852831c3a23ad87905300a1fb90760cdc171b3133a92d6e64e
tools-iuc	0dfd993e151cb880bbef237ba3d316b4dcf7ffea	tools/gemini/gemini_db_info.xml	gemini_db_info	300d53e358e683368150394d17635c62a4d212dfeef24c47914acd5bfadb2bf5
tools-iuc	0dfd993e151cb880bbef237ba3d316b4dcf7ffea	tools/gemini/gemini_fusions.xml	gemini_fusions	9f073e51c8f0329de52c86325e2e41f1e44728bcdbef579ea5b763372da7f284
tools-iuc	0dfd993e151cb880bbef237ba3d316b4dcf7ffea	tools/gemini/gemini_gene_wise.xml	gemini_gene_wise	d9ae3321c62d5fb773ba57b6680da5d8ce32ec5c8b2a69442d5c4c88d80a0db1
tools-iuc	0dfd993e151cb880bbef237ba3d316b4dcf7ffea	tools/gemini/gemini_inheritance.xml	gemini_inheritance	b63088dd0c2777b8738a8b0819f85e29a660ba0b2c089850d8fcce5978b69d73
tools-iuc	0dfd993e151cb880bbef237ba3d316b4dcf7ffea	tools/gemini/gemini_interactions.xml	gemini_interactions	55c4ed56b52236f934da8c640e91e6d36ba509f5f84f935677a4c072f1d3105f
tools-iuc	0dfd993e151cb880bbef237ba3d316b4dcf7ffea	tools/gemini/gemini_load.xml	gemini_load	a6f48860981e073d84ff1596267f43df1a3f0c216b15be49b47874e2b5a1fcf7
tools-iuc	0dfd993e151cb880bbef237ba3d316b4dcf7ffea	tools/gemini/gemini_lof_sieve.xml	gemini_lof_sieve	cdcb0d6290c7c7a19e2e62d771469a55dce7f0a4c0277b1f418227ec9191f27b
tools-iuc	0dfd993e151cb880bbef237ba3d316b4dcf7ffea	tools/gemini/gemini_pathways.xml	gemini_pathways	64b19b9e995e9c3f7c61ccaf57a0f18ed66d1c5ab132509b6bce09f1de3ff5d8
tools-iuc	0dfd993e151cb880bbef237ba3d316b4dcf7ffea	tools/gemini/gemini_qc.xml	gemini_qc	5800116877a50ae145c400c111d0fee937c196a2d28cfb8b308df6d47dc2360c
tools-iuc	0dfd993e151cb880bbef237ba3d316b4dcf7ffea	tools/gemini/gemini_query.xml	gemini_query	66df175b4a9b9fab7cda33c2eb67fd10bc039b7a7079db3aa6dbba1eb1d1ce2e
tools-iuc	0dfd993e151cb880bbef237ba3d316b4dcf7ffea	tools/gemini/gemini_roh.xml	gemini_roh	61db110625e0a689bdd520051a17d4dfb6f5cfbcb281b54f82dbbcfd5cda4c39
tools-iuc	0dfd993e151cb880bbef237ba3d316b4dcf7ffea	tools/gemini/gemini_set_somatic.xml	gemini_set_somatic	9d1b98ca765d04afe2b145bcb8ce03fcff70f656b7a9ee713135efc804b77653
tools-iuc	0dfd993e151cb880bbef237ba3d316b4dcf7ffea	tools/gemini/gemini_stats.xml	gemini_stats	64966fdf2fe8b2a3d0344f735d9615abc4293645ec0cb9117286110bf77fbbb5
tools-iuc	0dfd993e151cb880bbef237ba3d316b4dcf7ffea	tools/gemini/gemini_windower.xml	gemini_windower	7f1e3ffeedc2f0640542ceb404b81d94d60694f43f7e65014ae6a84899fa7223
tools-iuc	0dfd993e151cb880bbef237ba3d316b4dcf7ffea	tools/gemma/gemma.xml	gemma	00398c46a7f52bdd2ee70e086b217bbfd01d6423ab5735cf38650cb35d5e729d
tools-iuc	0dfd993e151cb880bbef237ba3d316b4dcf7ffea	tools/genebed_maf_to_fasta/genebed_maf_to_fasta.xml	GeneBed_Maf_Fasta2	d38fd3f6eb425b2006fa1fc6d0e653ac89bb7b35e17beb7e3d06b03d8020d814
tools-iuc	0dfd993e151cb880bbef237ba3d316b4dcf7ffea	tools/genehunter_modscore/genehunter_modscore.xml	genehunter_modscore	5790510fa08c95434833abae3082171541fdedf1fecb5f5faa07fc78ea81acff
tools-iuc	0dfd993e151cb880bbef237ba3d316b4dcf7ffea	tools/geneiobio/geneiobio-iframe.xml	gene_iobio_display_generation_iframe	987ce426992fa447cb1aa87ac6014770af3fcdea5cc562aed293aca1c6a62ec1
tools-iuc	0dfd993e151cb880bbef237ba3d316b4dcf7ffea	tools/genetrack/genetrack.xml	genetrack	b0574848b5bad19840311af854e61fcb55df47bf428ee6ea0a347caf3dfe55b7
tools-iuc	0dfd993e151cb880bbef237ba3d316b4dcf7ffea	tools/genomescope/genomescope.xml	genomescope	d795ea98212db0005a3333ec9d04eeb16b646d333d1c6aaef3bb2fdd703cd7bd
tools-iuc	0dfd993e151cb880bbef237ba3d316b4dcf7ffea	tools/genomic_super_signature/genomic_super_signature.xml	genomic_super_signature	25699ccd39f4784ac142f42de2e9c45a641641186bf7efd4b614b9fb551319a4
tools-iuc	0dfd993e151cb880bbef237ba3d316b4dcf7ffea	tools/genrich/genrich.xml	genrich	2aeaf41706c46a199550a81aa2338f8361378e520d33d1e1751dff2e5c910c1c
tools-iuc	0dfd993e151cb880bbef237ba3d316b4dcf7ffea	tools/geopandas/table2geojson.xml	geopandas_table2geojson	256d4f37b3eb12a10d4882bbacf978a48cc6bde15f98bb7822ef4e86c026892a
tools-iuc	0dfd993e151cb880bbef237ba3d316b4dcf7ffea	tools/get_hrun/get_hrun.xml	get_hrun	24518310ad23249956af0a0c2cd8b067339f996d76f0624247f3deadc7d48f42
tools-iuc	0dfd993e151cb880bbef237ba3d316b4dcf7ffea	tools/getorganelle/get_annotated_regions_from_gb.xml	get_annotated_regions_from_gb	9be26533e73d40cb50697cffaa3c9861fdcd65ead4698b2e1c642c1170865a5c
tools-iuc	0dfd993e151cb880bbef237ba3d316b4dcf7ffea	tools/getorganelle/get_organelle_from_reads.xml	get_organelle_from_reads	a70f9c4a53198f88fd1ea58830d158ff57a4928f51dd9ca65140a468cf4d2333
tools-iuc	0dfd993e151cb880bbef237ba3d316b4dcf7ffea	tools/gfa_to_fa/gfa_to_fa.xml	gfa_to_fa	df2fe140447c2537fdb07d54ce93616adb09a00bb3dda5ab37165e91431b9374
tools-iuc	0dfd993e151cb880bbef237ba3d316b4dcf7ffea	tools/gff3_rebase/gff3_rebase.xml	gff3.rebase	285ae2ac50e091d82eb276820b3da2df44df01763458b2884f5d9667c520b6ae
tools-iuc	0dfd993e151cb880bbef237ba3d316b4dcf7ffea	tools/gffcompare/gffcompare.xml	gffcompare	23b81ae0ef4b939309a890851d40c90d636c5434f422c1cad7301399e468a055
tools-iuc	0dfd993e151cb880bbef237ba3d316b4dcf7ffea	tools/gffread/gffread.xml	gffread	7941aac680491624b08e744e22fc1cdcb5529ec3696cb35a16300b92b6cb61b7
tools-iuc	0dfd993e151cb880bbef237ba3d316b4dcf7ffea	tools/ggplot2/ggplot2_barplot.xml	ggplot2_barplot	5ff343430c015eb66fd7bd0ef69d674513e2d40b0cf77fcc7498c90b14655aa3
tools-iuc	0dfd993e151cb880bbef237ba3d316b4dcf7ffea	tools/ggplot2/ggplot2_boxplot.xml	ggplot2_boxplot	abe5f96ebf100ca68f61b847cd7728a9fbac3209480aa2c89702137c1f53f1d8
tools-iuc	0dfd993e151cb880bbef237ba3d316b4dcf7ffea	tools/ggplot2/ggplot2_heatmap.xml	ggplot2_heatmap	a16d8ed292fce7603a1d8014f7042f037577ae84fc021a54adfa787ba4fcdd38
tools-iuc	0dfd993e151cb880bbef237ba3d316b4dcf7ffea	tools/ggplot2/ggplot2_pca.xml	ggplot2_pca	070650a0651efb3c2c8d929e8b8577bab36bb61ad5537fb536f03b6ce6c70001
tools-iuc	0dfd993e151cb880bbef237ba3d316b4dcf7ffea	tools/ggplot2/ggplot_histogram.xml	ggplot2_histogram	e3ee47f99f31863048d0726240aceed9842056036e7e255fe7f6062481771401
tools-iuc	0dfd993e151cb880bbef237ba3d316b4dcf7ffea	tools/ggplot2/ggplot_point.xml	ggplot2_point	f9d1dc3843564fb0462e8a5ad3a5de8a9dbf2f4c55dcf5c7530dfd556e228b7f
tools-iuc	0dfd993e151cb880bbef237ba3d316b4dcf7ffea	tools/ggplot2/ggplot_violin.xml	ggplot2_violin	2212a701f9cf5a7e69fcb2e74edb15c361bac91faaa4ba5b9b848d5206d5715e
tools-iuc	0dfd993e151cb880bbef237ba3d316b4dcf7ffea	tools/ggupset/ggupset.xml	emc-ggupset	ff074f226957de73eeb0da4fd3b23c081850d7b9178641a005e1dfd083d3222a
tools-iuc	0dfd993e151cb880bbef237ba3d316b4dcf7ffea	tools/glimmer/glimmer_acgt_content.xml	glimmer_acgt_content	c5d7bd92b70c74ea99b9d9e28cf4d0fd531bffdfe82d33cd5bd6d06dd7965944
tools-iuc	0dfd993e151cb880bbef237ba3d316b4dcf7ffea	tools/glimmer/glimmer_build_icm.xml	glimmer_build_icm	d09974d1b1b0a53dcdfd69fa6f02be2c54e40ff74887f07a95fb664052453dd3
tools-iuc	0dfd993e151cb880bbef237ba3d316b4dcf7ffea	tools/glimmer/glimmer_extract.xml	glimmer_extract	74c355cbafbf9e8b48d46289264bf923199d4421b0bc4f766aa0b8ca796ef189
tools-iuc	0dfd993e151cb880bbef237ba3d316b4dcf7ffea	tools/glimmer/glimmer_gbk_to_orf.xml	glimmer_gbk_to_orf	0e2c96930f23e7f755cdfc97dfef23e274bc5e331a9a6fa64bea462d440ddfa7
tools-iuc	0dfd993e151cb880bbef237ba3d316b4dcf7ffea	tools/glimmer/glimmer_glimmer_to_gff.xml	glimmer_glimmer_to_gff	774ac8397dcb1733479d99c0ac9b1e00db1f939ac5133ea9a3b7ca186ccd81fe
tools-iuc	0dfd993e151cb880bbef237ba3d316b4dcf7ffea	tools/glimmer/glimmer_long_orfs.xml	glimmer_long_orfs	494f14ce52e7bcc22f2f1f17d23e35d9052ab0f83477127527063863fd1f8d19
tools-iuc	0dfd993e151cb880bbef237ba3d316b4dcf7ffea	tools/glimmer/glimmer_w_icm.xml	glimmer_knowledge_based	73a3f029c6e6ec47f4837aeca9d647ba741aeb167b78f47fe8e1f4883798515c
tools-iuc	0dfd993e151cb880bbef237ba3d316b4dcf7ffea	tools/glimmer/glimmer_wo_icm.xml	glimmer_not_knowledge_based	dfda5762f224070d7c28d2c48301621469e8064201ae238a161d4dcd45314b66
tools-iuc	0dfd993e151cb880bbef237ba3d316b4dcf7ffea	tools/goenrichment/goenrichment.xml	goenrichment	cb6ef7d1833e8805575e8383ee77b379a33c18ad694415a962083bdc615f7c2b
tools-iuc	0dfd993e151cb880bbef237ba3d316b4dcf7ffea	tools/goenrichment/goslimmer.xml	goslimmer	178ee9402119793933144432d68b7cd2e8726fe0b5658cdf064543494162bd6b
tools-iuc	0dfd993e151cb880bbef237ba3d316b4dcf7ffea	tools/goseq/goseq.xml	goseq	d9685ca9ba5cb437f17daa722397e11685c337b94b73225221205b30b700a8f0
tools-iuc	0dfd993e151cb880bbef237ba3d316b4dcf7ffea	tools/gprofiler/gprofiler_convert.xml	gprofiler_convert	757802f86272b5d0db30f6627ea4d7c728002a8c662b03a30cbb3576e220d7cc
tools-iuc	0dfd993e151cb880bbef237ba3d316b4dcf7ffea	tools/gprofiler/gprofiler_gost.xml	gprofiler_gost	ea6bded077bfe8b122ff7cee2e61bdeecf39b99b09625f7706dd79015a68d2d9
tools-iuc	0dfd993e151cb880bbef237ba3d316b4dcf7ffea	tools/gprofiler/gprofiler_orth.xml	gprofiler_orth	14cd217386f9d71890de1a4954ebb2d38fa6ad22bb8ea90d0ce8ef7c3e0b8c72
tools-iuc	0dfd993e151cb880bbef237ba3d316b4dcf7ffea	tools/gprofiler/gprofiler_random.xml	gprofiler_random	a9758ff99b31c355432bb32abae690c75fb436a73aa4fef97155b60fced9f46f
tools-iuc	0dfd993e151cb880bbef237ba3d316b4dcf7ffea	tools/gprofiler/gprofiler_snpense.xml	gprofiler_snpense	2d89543d0c38639f24ce970f75a41891d5f9bab558153bd7c74232ac493010e1
tools-iuc	0dfd993e151cb880bbef237ba3d316b4dcf7ffea	tools/graphembed/graphembed.xml	graphembed	13bfbf32e14dd09a3287c5256bdb28082fd851be3121b11b48813194e6da8ee5
tools-iuc	0dfd993e151cb880bbef237ba3d316b4dcf7ffea	tools/graphlan/graphlan.xml	graphlan	b283a71f519e4a07b5683b942a6893ee456c5291f77a217c0689cab4c0c6d096
tools-iuc	0dfd993e151cb880bbef237ba3d316b4dcf7ffea	tools/graphlan/graphlan_annotate.xml	graphlan_annotate	7590e83d51296a6e91aaa9d5bd5e83a912cb71a45af6c8c5467f1a612c4dd543
tools-iuc	0dfd993e151cb880bbef237ba3d316b4dcf7ffea	tools/groot/groot.xml	groot	90e52289cf47edc45badf6f554f49d72cc679ea58877ba9c868958712d555c65
tools-iuc	0dfd993e151cb880bbef237ba3d316b4dcf7ffea	tools/gtdb_to_taxdump/ncbi-gtdb_map.xml	gtdb_to_taxdump	ab246a1d409bcac82f3824abca8c661b7079eb457346579653ee443505ec2bf2
tools-iuc	0dfd993e151cb880bbef237ba3d316b4dcf7ffea	tools/gtdbtk/gtdbtk_classify_wf.xml	gtdbtk_classify_wf	aff4bc55707317820d7d5128b64422d37d0df907fea703f1c29bfdfc679224fb
tools-iuc	0dfd993e151cb880bbef237ba3d316b4dcf7ffea	tools/gtfToBed12/gtfToBed12.xml	gtftobed12	f9c84345b6ef906b71e3d965f5915b9cd9ebc72ff366d465bd6134f205d906ad
tools-iuc	0dfd993e151cb880bbef237ba3d316b4dcf7ffea	tools/gubbins/gubbins.xml	gubbins	d776e97f7fe96f5a862cca1783397caae6cd9376fa0dd3b6e3611741db499fe9
tools-iuc	0dfd993e151cb880bbef237ba3d316b4dcf7ffea	tools/gvcftools/extract_variants.xml	gvcftools_extract_variants	99b92669f3d04d50b94720f136a149871055401cb1eb321bbb8b2e092dd20ce2
tools-iuc	0dfd993e151cb880bbef237ba3d316b4dcf7ffea	tools/gwastools/manhattan_plot.xml	gwastools_manhattan_plot	eca07526de26180a523579fb0066878114f6bf6b16efc2c056b6b8c6827f0e5b
tools-iuc	0dfd993e151cb880bbef237ba3d316b4dcf7ffea	tools/gwtc_analysis/gwtc_analysis.xml	gwtc_analysis	eddba7f1df5e0fc11ac4fb4b2bdbe9111c49c9a88b44e2176488c383885a0847
tools-iuc	0dfd993e151cb880bbef237ba3d316b4dcf7ffea	tools/halfdeep/halfdeep.xml	halfdeep	47ef07db95caa208271d40e03944a8951a4c8eb7cd071781752a0b12d755d538
tools-iuc	0dfd993e151cb880bbef237ba3d316b4dcf7ffea	tools/halla/halla.xml	halla	fd24781c366b88332685fac98f644a1d242df774784de3b2498c9e4ade1c9934
tools-iuc	0dfd993e151cb880bbef237ba3d316b4dcf7ffea	tools/haltools/hal_hal2fasta.xml	hal_hal2fasta	48b5d98bdf825bd419ea599e11c2f904820670c0e0a00afa8ba7ec0f98c6d152
tools-iuc	0dfd993e151cb880bbef237ba3d316b4dcf7ffea	tools/haltools/hal_hal2maf.xml	hal_hal2maf	c9256e664a0d99226cfc1765d435668efa4baf52fb035f1e996b0c6546791b84
tools-iuc	0dfd993e151cb880bbef237ba3d316b4dcf7ffea	tools/haltools/hal_hal2paf.xml	hal_hal2paf	a1655ecbbab242e9a5a4cd51d9b59a787f657c71dfac0ea00771bc571584887a
tools-iuc	0dfd993e151cb880bbef237ba3d316b4dcf7ffea	tools/haltools/hal_hal2vg.xml	hal_hal2vg	ab993dd9b67bf6eb66a79ad0feab8556571f1317ff9d38f9b3f54725906c7db1
tools-iuc	0dfd993e151cb880bbef237ba3d316b4dcf7ffea	tools/haltools/hal_halAddToBranch.xml	hal_haladdtobranch	2d563f9efa383d34b7d82791c2e98ba4bd9cf3949e0a2a1c0972a3b9f9344e3e
tools-iuc	0dfd993e151cb880bbef237ba3d316b4dcf7ffea	tools/haltools/hal_halAlignedExtract.xml	hal_halalignedextract	02e1d4e9060ae2e58f65d69e0729986636674b35cf90c434b8839511e2a2112d
tools-iuc	0dfd993e151cb880bbef237ba3d316b4dcf7ffea	tools/haltools/hal_halAlignmentDepth.xml	hal_halalignmentdepth	166e06d9721c834eb6d290fd8d6402ea3ab1ce40584653dab8c767dd757ae0fc
tools-iuc	0dfd993e151cb880bbef237ba3d316b4dcf7ffea	tools/haltools/hal_halBranchMutations.xml	hal_halbranchmutations	f67d0130dafdf5e667c1a9f70f3c8577a46d6a072a4034fb07ca44e9728f235c
tools-iuc	0dfd993e151cb880bbef237ba3d316b4dcf7ffea	tools/haltools/hal_halCoverage.xml	hal_halcoverage	98e942fdd7803c2d36bbc603bc6e25e18b0016d5235e0c7da3e6a6a6a2546f85
tools-iuc	0dfd993e151cb880bbef237ba3d316b4dcf7ffea	tools/haltools/hal_halExtract.xml	hal_halextract	a4bed59da06abfaf493afcc59bb18c42428cdb7a7d274e8504009e4a4ff41f42
tools-iuc	0dfd993e151cb880bbef237ba3d316b4dcf7ffea	tools/haltools/hal_halIndels.xml	hal_halindels	54e3e257420323c763802f78ba2deb5e9e7f2882eb2fe38ee4bd0c4e38382447
tools-iuc	0dfd993e151cb880bbef237ba3d316b4dcf7ffea	tools/haltools/hal_halLiftover.xml	hal_halliftover	14d07e0e64fd6691715912028248e83d6d09c95030a2144359a4f716fffc40a2
tools-iuc	0dfd993e151cb880bbef237ba3d316b4dcf7ffea	tools/haltools/hal_halLodExtract.xml	hal_hallodextract	964eca7dc8bfeab61d8dcc22344a93b7e69c35751873d75bb00d32f819af59fa
tools-iuc	0dfd993e151cb880bbef237ba3d316b4dcf7ffea	tools/haltools/hal_halMaskExtract.xml	hal_halmaskextract	cddc67ee44607045bcb0d65059e00e6282c021ea9afdf6f83168f348570672c5
tools-iuc	0dfd993e151cb880bbef237ba3d316b4dcf7ffea	tools/haltools/hal_halPctId.xml	hal_halpctid	dd31733f26ef7dcb619c9a3e71d35b47fad3c0ad319854fd8e689e720f038215
tools-iuc	0dfd993e151cb880bbef237ba3d316b4dcf7ffea	tools/haltools/hal_halRemoveGenome.xml	hal_halremovegenome	91d37ac7bf578a0fe7f872dda37417b33c8efe773e3d683c1ccb5ba26f04ba28
tools-iuc	0dfd993e151cb880bbef237ba3d316b4dcf7ffea	tools/haltools/hal_halRemoveSubtree.xml	hal_halremovesubtree	356b0ddd22f69ed7350c749d1f3b7a47a0d122a236a343846a1ad5a074c437a5
tools-iuc	0dfd993e151cb880bbef237ba3d316b4dcf7ffea	tools/haltools/hal_halRenameGenomes.xml	hal_halrenamegenomes	9b40be44ca8d2f30321da2be65b69df2baacc493aa4572990449bacb4616989e
tools-iuc	0dfd993e151cb880bbef237ba3d316b4dcf7ffea	tools/haltools/hal_halRenameSequences.xml	hal_halrenamesequences	d769f2eb3b12b53e15a1917267e036bb32a52b5fd4062576491399334f9bcb43
tools-iuc	0dfd993e151cb880bbef237ba3d316b4dcf7ffea	tools/haltools/hal_halReplaceGenome.xml	hal_halreplacegenome	413c3639884f908eed3cb2a120bba7e3b93eb935e7ea7ac3e3e4c629cdbc664a
tools-iuc	0dfd993e151cb880bbef237ba3d316b4dcf7ffea	tools/haltools/hal_halSnps.xml	hal_halsnps	05059f13bdb56e626f8ae7613695cb9e3ed89a5721d5c4e7b66a3a6ecc8ebe14
tools-iuc	0dfd993e151cb880bbef237ba3d316b4dcf7ffea	tools/haltools/hal_halStats.xml	hal_halstats	27219481b70c16cb11e69f5cb2677c27530c9fd88ac6d297dfed68c97a97face
tools-iuc	0dfd993e151cb880bbef237ba3d316b4dcf7ffea	tools/haltools/hal_halSummarizeMutations.xml	hal_halsummarizemutations	38a526bbe601a18bb69e6c0f198dd1e97e40a108e109bf5d339d32d7de224f35
tools-iuc	0dfd993e151cb880bbef237ba3d316b4dcf7ffea	tools/haltools/hal_halSynteny.xml	hal_halsynteny	77a724e274c067a0f088fd875465fbe8c528ff194d79a8100468eb1d722c668d
tools-iuc	0dfd993e151cb880bbef237ba3d316b4dcf7ffea	tools/haltools/hal_halUpdateBranchLengths.xml	hal_halupdatebranchlengths	ee9626924b423889adf1e3747dd1eabb02f803cb19073070afbf9654b22ea621
tools-iuc	0dfd993e151cb880bbef237ba3d316b4dcf7ffea	tools/haltools/hal_halValidate.xml	hal_halvalidate	9dbe6ef90a0cba478232da00deb6244f2cab430cdb1d41d75fa9bcfa7483a1bc
tools-iuc	0dfd993e151cb880bbef237ba3d316b4dcf7ffea	tools/haltools/hal_halWiggleLiftover.xml	hal_halwiggleliftover	8088d2adea387f48631837e6257a17c75b2f9461d3818c2ea0d8f492c6b96e0c
tools-iuc	0dfd993e151cb880bbef237ba3d316b4dcf7ffea	tools/haltools/hal_maf2hal.xml	hal_maf2hal	6fed7f1bf37732d54827e07f48f93e017008c2273e487b581c8773540f485c13
tools-iuc	0dfd993e151cb880bbef237ba3d316b4dcf7ffea	tools/hamronization/hamronize_summarize.xml	hamronize_summarize	0e2a7cd4c5aa2e0817b3560ee652270ecc591be5accc829c7b99dae17480d0d5
tools-iuc	0dfd993e151cb880bbef237ba3d316b4dcf7ffea	tools/hamronization/hamronize_tool.xml	hamronize_tool	96478fd38f4ad09a21215b811f9128227f0ec6d2f52cff3e0e6366fb1423a459
tools-iuc	0dfd993e151cb880bbef237ba3d316b4dcf7ffea	tools/hansel/bio_hansel.xml	bio_hansel	3eb80b11ba86386aa44c9044f8e7526d9531c902d61d8898788bc2556f8e8691
tools-iuc	0dfd993e151cb880bbef237ba3d316b4dcf7ffea	tools/hapcut2/hapcut2.xml	hapcut2	2391e6ab18abe4d2dfb32dcafa40b7e489b82a16788be3467f0f66257772cdd3
tools-iuc	0dfd993e151cb880bbef237ba3d316b4dcf7ffea	tools/hapog/hapog.xml	hapog	09c6541b5d826df06137ebebadfb72b302a8dbe5566365aef5912e78ff7a7239
tools-iuc	0dfd993e151cb880bbef237ba3d316b4dcf7ffea	tools/happy/hap.py.xml	som.py	b6c3bc5a13e4354f5387920c578bd3a0147718d3beebcf37df39e8b66c6141d6
tools-iuc	0dfd993e151cb880bbef237ba3d316b4dcf7ffea	tools/heatmap2/heatmap2.xml	ggplot2_heatmap2	91e9fb93cfd9783d909a6c9ccc02dafe98d55db3f11ea6bf92f6d7bd0a1fdf84
tools-iuc	0dfd993e151cb880bbef237ba3d316b4dcf7ffea	tools/heinz/bum.xml	heinz_bum	7e56de9bbce597db1fe7a874df7c4931faae92806b2af18c9b5255cb96098c7a
tools-iuc	0dfd993e151cb880bbef237ba3d316b4dcf7ffea	tools/heinz/heinz.xml	heinz	67a2cb8e2c42fd1d2ee2cef445c8ddca7d050260f3c5755f6ffdc158e1c344c8
tools-iuc	0dfd993e151cb880bbef237ba3d316b4dcf7ffea	tools/heinz/heinz_scoring.xml	heinz_scoring	2b61576864c943f389fb9e127f71c87c111be5b7c0a0f996635c6239afb94d9e
tools-iuc	0dfd993e151cb880bbef237ba3d316b4dcf7ffea	tools/heinz/visualization.xml	heinz_visualization	ad132f8110ddde78d6679fd4f9feda3a42d49cef98428ec3fa53ba89a2e14ca7
tools-iuc	0dfd993e151cb880bbef237ba3d316b4dcf7ffea	tools/hgvsparser/hgvsparser.xml	hgvsparser	792f40b92167f0e06b83c64fc5774f87d9870bfdd7b04271a4117a8e73f5fd2a
tools-iuc	0dfd993e151cb880bbef237ba3d316b4dcf7ffea	tools/hicap/hicap.xml	hicap	9d0b0bbf720e171795728020b59b2c765e8d4e871b8a45348f11a0a7fd9a353b
tools-iuc	0dfd993e151cb880bbef237ba3d316b4dcf7ffea	tools/hicexplorer/chicAggregateStatistic.xml	hicexplorer_chicaggregatestatistic	1aaeb00fbd4670642264853602bfc7e23b550a0bfd194471d571131a3f0962d7
tools-iuc	0dfd993e151cb880bbef237ba3d316b4dcf7ffea	tools/hicexplorer/chicDifferentialTest.xml	hicexplorer_chicdifferentialtest	170d1b01c545f76088c00370a653e3226b0d9eaf36764efa9cdc5fd178483569
tools-iuc	0dfd993e151cb880bbef237ba3d316b4dcf7ffea	tools/hicexplorer/chicExportData.xml	hicexplorer_chicexportdata	e2f7ff459e8be999a6741888c96f7f7bd6aefeec3985684a47f717810493c4cd
tools-iuc	0dfd993e151cb880bbef237ba3d316b4dcf7ffea	tools/hicexplorer/chicPlotViewpoint.xml	hicexplorer_chicplotviewpoint	96cd5224e40db6b49d44b382aa2f60555cef1a4bb43298485ab420a1bac25025
tools-iuc	0dfd993e151cb880bbef237ba3d316b4dcf7ffea	tools/hicexplorer/chicQualityControl.xml	hicexplorer_chicqualitycontrol	66e46f69d7ecd769c1b81d62434014796910b0812646e7059d3700d1c723bd10
tools-iuc	0dfd993e151cb880bbef237ba3d316b4dcf7ffea	tools/hicexplorer/chicSignificantInteractions.xml	hicexplorer_chicsignificantinteractions	b5e956a98dcfb8881c32fcf7fc474b1d8566ee0f508526a7b8edf6db380d94f0
tools-iuc	0dfd993e151cb880bbef237ba3d316b4dcf7ffea	tools/hicexplorer/chicViewpoint.xml	hicexplorer_chicviewpoint	42d06b5a5a44b6465cc3ce5124fa286324fe965b132aaf4df4ac949c3d6ec06f
tools-iuc	0dfd993e151cb880bbef237ba3d316b4dcf7ffea	tools/hicexplorer/chicViewpointBackgroundModel.xml	hicexplorer_chicviewpointbackgroundmodel	2409430f54f3b78612cb2ad4b6e34af5fa62f655440f926ecc7e280dc6152d3b
tools-iuc	0dfd993e151cb880bbef237ba3d316b4dcf7ffea	tools/hicexplorer/hicAdjustMatrix.xml	hicexplorer_hicadjustmatrix	a24a63fb826d935a3a09f520c7378f1c2d1b0f655b1b6af83e7140c519ecca68
tools-iuc	0dfd993e151cb880bbef237ba3d316b4dcf7ffea	tools/hicexplorer/hicAggregateContacts.xml	hicexplorer_hicaggregatecontacts	51bfcbffa9aa8deb7e677951aabff7b05757ecbdacbd094a8ff6a7e1a06aec47
tools-iuc	0dfd993e151cb880bbef237ba3d316b4dcf7ffea	tools/hicexplorer/hicAverageRegions.xml	hicexplorer_hicaverageregions	0b3af4249e8ce5389b42a27f6d4a460f63217b680d6fe87cb7cc869435ad2b39
tools-iuc	0dfd993e151cb880bbef237ba3d316b4dcf7ffea	tools/hicexplorer/hicBuildMatrix.xml	hicexplorer_hicbuildmatrix	43dfa33800e716ef0b2fdefbcf4d6c538d15db48d0cc0d281053dce392b785d2
tools-iuc	0dfd993e151cb880bbef237ba3d316b4dcf7ffea	tools/hicexplorer/hicBuildMatrixMicroC.xml	hicexplorer_hicbuildmatrixmicroc	d65210f7a963603f07db5950bf0738de6fb5988e7314a5eee343bbe11351a8d3
tools-iuc	0dfd993e151cb880bbef237ba3d316b4dcf7ffea	tools/hicexplorer/hicCompareMatrices.xml	hicexplorer_hiccomparematrices	1de6c07c7bd9c6a945482326505901970fc5901b93a4cc94aa8e657b78569a3a
tools-iuc	0dfd993e151cb880bbef237ba3d316b4dcf7ffea	tools/hicexplorer/hicCompartmentalization.xml	hicexplorer_hiccompartmentspolarization	d174592388ec744f4f36dd53753701f38c4eb8952c20285eea7344478a2fb069
tools-iuc	0dfd993e151cb880bbef237ba3d316b4dcf7ffea	tools/hicexplorer/hicConvertFormat.xml	hicexplorer_hicconvertformat	5f39b37929031c866bf6c1ac09f840f5a33cce2a1e661945dd633d6572cc16b4
tools-iuc	0dfd993e151cb880bbef237ba3d316b4dcf7ffea	tools/hicexplorer/hicCorrectMatrix.xml	hicexplorer_hiccorrectmatrix	996766b764251c896d35d551263be67f560dc33a13ef7d90971c975ce1447da9
tools-iuc	0dfd993e151cb880bbef237ba3d316b4dcf7ffea	tools/hicexplorer/hicCorrelate.xml	hicexplorer_hiccorrelate	db93fca101f1040c8d44177df240fc63b6ac283b0b1035839639508195eccdc1
tools-iuc	0dfd993e151cb880bbef237ba3d316b4dcf7ffea	tools/hicexplorer/hicDetectLoops.xml	hicexplorer_hicdetectloops	992ed11faabddaf9567be3de04392e90a8358a64e4c799bd3607089930b121b5
tools-iuc	0dfd993e151cb880bbef237ba3d316b4dcf7ffea	tools/hicexplorer/hicDifferentialTAD.xml	hicexplorer_hicdifferentialtad	cd6bd48f4d6f916939c618c99fc536630229fc6825c15b3e30dd7f9d35daa375
tools-iuc	0dfd993e151cb880bbef237ba3d316b4dcf7ffea	tools/hicexplorer/hicFindRestrictionSites.xml	hicexplorer_hicfindrestrictionsites	d43fecf3fd1055db15b74f3d1a3ab27ae0e6d6248a74ee3a50fda421360ed886
tools-iuc	0dfd993e151cb880bbef237ba3d316b4dcf7ffea	tools/hicexplorer/hicFindTADs.xml	hicexplorer_hicfindtads	6e35d61db1a8c387b376a5e3f5c0850a594f09d12a508f67a0e4ca068e7dc4aa
tools-iuc	0dfd993e151cb880bbef237ba3d316b4dcf7ffea	tools/hicexplorer/hicHyperoptDetectLoops.xml	hicexplorer_hichyperoptDetectLoops	792b4d774c03c2e4568f91cd722ba9a498d6cdfefc564fca4535d6042df31ca0
tools-iuc	0dfd993e151cb880bbef237ba3d316b4dcf7ffea	tools/hicexplorer/hicInfo.xml	hicexplorer_hicinfo	6e01bca96e71d6b6d231f5d4dfdb2614a528b120f0ae6d95eb5b044a2c6bc781
tools-iuc	0dfd993e151cb880bbef237ba3d316b4dcf7ffea	tools/hicexplorer/hicInterIntraTAD.xml	hicexplorer_hicinterintratad	83611daa763d722ad8c55339cc5ae152fc4443002b548d633aeaa5d13c0f0c0a
tools-iuc	0dfd993e151cb880bbef237ba3d316b4dcf7ffea	tools/hicexplorer/hicMergeDomains.xml	hicexplorer_hicmergedomains	2384a351e114c9147ffda6cbe8f33c396f27757bee4a05797b2188c3b3d4331b
tools-iuc	0dfd993e151cb880bbef237ba3d316b4dcf7ffea	tools/hicexplorer/hicMergeLoops.xml	hicexplorer_hicmergeloops	5b2f879d77bae2c0185f59f5ad4ef05240faba7b9719c67aae497f58ac576cac
tools-iuc	0dfd993e151cb880bbef237ba3d316b4dcf7ffea	tools/hicexplorer/hicMergeMatrixBins.xml	hicexplorer_hicmergematrixbins	af006da487312b43acaff004ac24987c5edc63a935fa6a7c26018c1e7236d028
tools-iuc	0dfd993e151cb880bbef237ba3d316b4dcf7ffea	tools/hicexplorer/hicNormalize.xml	hicexplorer_hicnormalize	951a2dd3e3215226c4eb230fa281d6ac975645f3d3b61e91ba3fc42d6a603b1d
tools-iuc	0dfd993e151cb880bbef237ba3d316b4dcf7ffea	tools/hicexplorer/hicPCA.xml	hicexplorer_hicpca	ab4a6b4d78350b16cab0bd42da441907f7422a80f46b039f2b6fb61c3d3598df
tools-iuc	0dfd993e151cb880bbef237ba3d316b4dcf7ffea	tools/hicexplorer/hicPlotAverageRegions.xml	hicexplorer_hicplotaverageregions	9cff4de16eeb67767fded90cd5e62cf9df60bbeaa89f4de6f1d75516aee1aec1
tools-iuc	0dfd993e151cb880bbef237ba3d316b4dcf7ffea	tools/hicexplorer/hicPlotDistVsCounts.xml	hicexplorer_hicplotdistvscounts	915c5e8a5e30aac6f132aef6a4411a5191df8fe1cb5dca5dea09b8380317fcf7
tools-iuc	0dfd993e151cb880bbef237ba3d316b4dcf7ffea	tools/hicexplorer/hicPlotMatrix.xml	hicexplorer_hicplotmatrix	23df85aad15986e47e70db074c56f788551e29b60431b331dc01b0d26deb82d7
tools-iuc	0dfd993e151cb880bbef237ba3d316b4dcf7ffea	tools/hicexplorer/hicPlotSVL.xml	hicexplorer_hicplotsvl	3c029bdab606e13be2f9434634fb169c9cfb34c5d67022f69816bc31f51c322c
tools-iuc	0dfd993e151cb880bbef237ba3d316b4dcf7ffea	tools/hicexplorer/hicPlotViewpoint.xml	hicexplorer_hicplotviewpoint	a582adca26977b2978613f6656760337f50b24e981ff063c0ad5e25d4edce115
tools-iuc	0dfd993e151cb880bbef237ba3d316b4dcf7ffea	tools/hicexplorer/hicQuickQC.xml	hicexplorer_hicquickqc	1cbc936a1b1533098b06dbc8e6dede46f306746abd2ddbf1890a6ed69b20da15
tools-iuc	0dfd993e151cb880bbef237ba3d316b4dcf7ffea	tools/hicexplorer/hicSumMatrices.xml	hicexplorer_hicsummatrices	70fafa1335bc5e9a155fdbe903387ac4f672f2e50f25b6af735d6834faa5075c
tools-iuc	0dfd993e151cb880bbef237ba3d316b4dcf7ffea	tools/hicexplorer/hicTransform.xml	hicexplorer_hictransform	a99834b3ac271a3eb6a522cd1fa636ea197658863911db0ae61a659eabacfa88
tools-iuc	0dfd993e151cb880bbef237ba3d316b4dcf7ffea	tools/hicexplorer/hicValidateLocations.xml	hicexplorer_hicvalidatelocations	57ebc7411c310f12d870d689900496108e602ec82193b73aaf4d530514805f0c
tools-iuc	0dfd993e151cb880bbef237ba3d316b4dcf7ffea	tools/hicstuff/hicstuff_pipeline.xml	hicstuff_pipeline	2717363c90196544ed34b8543e0edb9bef0a8c0748c1f4c4889387c51e81b62f
tools-iuc	0dfd993e151cb880bbef237ba3d316b4dcf7ffea	tools/hifiasm/hifiasm.xml	hifiasm	3a35ddeaf662548a7eef50dabc6b723e16a9c9a9ab70ec279d54454a06d7666a
tools-iuc	0dfd993e151cb880bbef237ba3d316b4dcf7ffea	tools/hifiasm_meta/hifiasm_meta.xml	hifiasm_meta	6df74be47a0abd2c194be8b40a2a0b9a128df901a51da71ca09373918484b4ea
tools-iuc	0dfd993e151cb880bbef237ba3d316b4dcf7ffea	tools/hisat2/hisat2.xml	hisat2	dc5208a357d293fd43ba46e9fff52bd7150b647b890f1f25e5edbb3e83675e85
tools-iuc	0dfd993e151cb880bbef237ba3d316b4dcf7ffea	tools/hivclustering/hivclustering.xml	hivclustering	b18fbe956ec3fceec94bad58d6d4fdff6d7c0ea15a5cdcf78b6999b61e5b88ae
tools-iuc	0dfd993e151cb880bbef237ba3d316b4dcf7ffea	tools/hmmer3/alimask.xml	hmmer_alimask	7821185f4f6c3a6a3e5f0e9853aeb2edc3ed0da7302863b0a2566adeb7233ee2
tools-iuc	0dfd993e151cb880bbef237ba3d316b4dcf7ffea	tools/hmmer3/hmmalign.xml	hmmer_hmmalign	4a0a078fc7d3a227761ce2d7cbff2fcaea952571e2910fe5f526a35fb9f3f710
tools-iuc	0dfd993e151cb880bbef237ba3d316b4dcf7ffea	tools/hmmer3/hmmbuild.xml	hmmer_hmmbuild	140475631fd6a6a42bc72fbec84669e697486345fedce83cc70c9af5d9fd79c9
tools-iuc	0dfd993e151cb880bbef237ba3d316b4dcf7ffea	tools/hmmer3/hmmconvert.xml	hmmer_hmmconvert	01b5d0dbfc2811eeef989c11eb8eaf0032be04aa5280d3311f6ed27cb21262cd
tools-iuc	0dfd993e151cb880bbef237ba3d316b4dcf7ffea	tools/hmmer3/hmmemit.xml	hmmer_hmmemit	6dac09b8dab07f8dc0b156d83af8e40500f61b1d8c02181c4fe5e7b112e03bba
tools-iuc	0dfd993e151cb880bbef237ba3d316b4dcf7ffea	tools/hmmer3/hmmfetch.xml	hmmer_hmmfetch	28869e13bffdfaa5fbe3348b8afa708d4b9d83ab940312ed1ad22b89eb34f8d7
tools-iuc	0dfd993e151cb880bbef237ba3d316b4dcf7ffea	tools/hmmer3/hmmscan.xml	hmmer_hmmscan	d5195bb35e54fb49781c3b7c0cb21c9d1f3639e9dcee56879e31a9c88f0eeaa1
tools-iuc	0dfd993e151cb880bbef237ba3d316b4dcf7ffea	tools/hmmer3/hmmsearch.xml	hmmer_hmmsearch	592c806e340c14cb9ed4c1f5c433c41129d7f82d9e0bbcb6c9971b743b7f5a4d
tools-iuc	0dfd993e151cb880bbef237ba3d316b4dcf7ffea	tools/hmmer3/jackhmmer.xml	hmmer_jackhmmer	28d283da16ba9f3356a73d856ea049602afa9961f307135bd4b49a833b93853e
tools-iuc	0dfd993e151cb880bbef237ba3d316b4dcf7ffea	tools/hmmer3/nhmmer.xml	hmmer_nhmmer	96ee12eeb79c826e30b58f1f1e7d55d0c7899d2b173ca32a2f7f2163c3543804
tools-iuc	0dfd993e151cb880bbef237ba3d316b4dcf7ffea	tools/hmmer3/nhmmscan.xml	hmmer_nhmmscan	12a35b12aedb0a96f49a20ce92cc77f68f80289776839c7e68a0b2f8a576a9b6
tools-iuc	0dfd993e151cb880bbef237ba3d316b4dcf7ffea	tools/hmmer3/phmmer.xml	hmmer_phmmer	964d7d7a2865b7ec8da962149f706e44e675f6aad254de0baf372ed08d010a88
tools-iuc	0dfd993e151cb880bbef237ba3d316b4dcf7ffea	tools/homer/homer_annotatePeaks.xml	homer_annotatePeaks	864520cf4ef0d341f8ff2db06179fc055a845d4d44be9104822d75c11808f7a0
tools-iuc	0dfd993e151cb880bbef237ba3d316b4dcf7ffea	tools/homer/homer_findMotifs.xml	homer_findMotifs	3022f7e234a92671d247452134e14ca5eb06f71e70ba856e720b3e5643a2629a
tools-iuc	0dfd993e151cb880bbef237ba3d316b4dcf7ffea	tools/homer/homer_findMotifsGenome.xml	homer_findMotifsGenome	99583849a2f355ac6f0f1fac2c0fed96c5d5f1cfa283c7eb0d0ed9c4d4b76eff
tools-iuc	0dfd993e151cb880bbef237ba3d316b4dcf7ffea	tools/homer/homer_gtf_to_annotation.xml	homer_gtf_to_annotations	7f666070425df37e932563aee83ff0edd49c2b343ad757fb29a0dbabc3704ec4
tools-iuc	0dfd993e151cb880bbef237ba3d316b4dcf7ffea	tools/homer/homer_scanMotifGenomeWide.xml	homer_scanMotifGenomeWide	e5f567ccc0f68af66961b9f4f8bfccaea0a0d55c79572953015c411c97b813f8
tools-iuc	0dfd993e151cb880bbef237ba3d316b4dcf7ffea	tools/htseq_count/htseq-count.xml	htseq_count	c3b8cfbdc9af59af947574d02ff189f2c03266bc3fa2dae9e3353005e71dbe93
tools-iuc	0dfd993e151cb880bbef237ba3d316b4dcf7ffea	tools/humann/humann.xml	humann	d5e18ee519cd4a71a2418d9851d96619e5538d0db3c4e90f8dfd26901dc29c27
tools-iuc	0dfd993e151cb880bbef237ba3d316b4dcf7ffea	tools/humann/humann_barplot.xml	humann_barplot	2de1537635988636225ca4b8a0393e73890e835c81f866a8673d0e30c97a256a
tools-iuc	0dfd993e151cb880bbef237ba3d316b4dcf7ffea	tools/humann/humann_join_tables.xml	humann_join_tables	067a18e15f06e162c285d6ab1ac9c87e34c2852df6f7175108f7db4b6faa011d
tools-iuc	0dfd993e151cb880bbef237ba3d316b4dcf7ffea	tools/humann/humann_reduce_table.xml	humann_reduce_table	ab6925427cde0b5b2e1f3daf48dbeae5d220c4b3c742c6ea2ec46811f39ee719
tools-iuc	0dfd993e151cb880bbef237ba3d316b4dcf7ffea	tools/humann/humann_regroup_table.xml	humann_regroup_table	361e882425dcf12c2094dfc5c150428f87c4992a3a85a9b8fa78419567753e02
tools-iuc	0dfd993e151cb880bbef237ba3d316b4dcf7ffea	tools/humann/humann_rename_table.xml	humann_rename_table	7f290b76079020d842e3c18d64c73373d6d5b25e0a9dea955596359ae9e71df1
tools-iuc	0dfd993e151cb880bbef237ba3d316b4dcf7ffea	tools/humann/humann_renorm_table.xml	humann_renorm_table	8d8be2d7e967a6d1aee63c6506987751f9102f6d08f5409e92cb1b7d0d2db2eb
tools-iuc	0dfd993e151cb880bbef237ba3d316b4dcf7ffea	tools/humann/humann_split_stratified_table.xml	humann_split_stratified_table	ed02488b575b5c025f0ba733bf5d2724d2ed2726e6026d0bebaff970572083de
tools-iuc	0dfd993e151cb880bbef237ba3d316b4dcf7ffea	tools/humann/humann_split_table.xml	humann_split_table	5ad6b2e6e5a6ccda261219de2457bf26b71c553e942537419a3f73637ebcbd61
tools-iuc	0dfd993e151cb880bbef237ba3d316b4dcf7ffea	tools/humann/humann_unpack_pathways.xml	humann_unpack_pathways	ff68fa7054a28b27b860c52120d8d97f498ac10bb5c45f29f7e89ef7612c71d5
tools-iuc	0dfd993e151cb880bbef237ba3d316b4dcf7ffea	tools/hybpiper/hybpiper.xml	hybpiper	5e1b1da11c792bd426501969eb011c4110ebff711b1b7aa81c810621edd45a2a
tools-iuc	0dfd993e151cb880bbef237ba3d316b4dcf7ffea	tools/hyphy/hyphy_absrel.xml	hyphy_absrel	04455812a435204f14792e0a0e4334ef8e8d47b67929d79231a367bc51f287ca
tools-iuc	0dfd993e151cb880bbef237ba3d316b4dcf7ffea	tools/hyphy/hyphy_annotate.xml	hyphy_annotate	aae05b2f2558c4e19e7709168c223a54663dcc16426f07ccebe6bc1361d919f7
tools-iuc	0dfd993e151cb880bbef237ba3d316b4dcf7ffea	tools/hyphy/hyphy_b_still.xml	hyphy_b_still	75658062d9f15cbe14bba9a4d6b90334e4e0e81373dc91e5001f4e2510daef18
tools-iuc	0dfd993e151cb880bbef237ba3d316b4dcf7ffea	tools/hyphy/hyphy_bgm.xml	hyphy_bgm	c27798c383128d387a4c7da206cc827b4a86f7d9d26e035927bf260a8a9a772e
tools-iuc	0dfd993e151cb880bbef237ba3d316b4dcf7ffea	tools/hyphy/hyphy_busted.xml	hyphy_busted	bd541a8fcf8a61faa7bc05a1200694074ff0c203b95030a4b4e15ca8021c8b07
tools-iuc	0dfd993e151cb880bbef237ba3d316b4dcf7ffea	tools/hyphy/hyphy_cfel.xml	hyphy_cfel	3751ea9554bcb70a6a6751f24c0fd708d25a4c0ea568cdef5bd4585c6684fb97
tools-iuc	0dfd993e151cb880bbef237ba3d316b4dcf7ffea	tools/hyphy/hyphy_cln.xml	hyphy_cln	6f5d45bfcdd6b682e35e75e0f7112103a32a8ddc897f92912a5c3c5aeaed9991
tools-iuc	0dfd993e151cb880bbef237ba3d316b4dcf7ffea	tools/hyphy/hyphy_conv.xml	hyphy_conv	5ee5eb72837424f04a9d7ba47343399e2ddc462eb154ff2a0451f575b2b27681
tools-iuc	0dfd993e151cb880bbef237ba3d316b4dcf7ffea	tools/hyphy/hyphy_fade.xml	hyphy_fade	2e8a257e0bf6d4650fc4cd0c481f1b6b944cf72cf7de55c61cc7780b10568dfd
tools-iuc	0dfd993e151cb880bbef237ba3d316b4dcf7ffea	tools/hyphy/hyphy_fel.xml	hyphy_fel	115a95af030d06623c97273ff853259fa0ce86163ccd6600a5b5e06dda306b0e
tools-iuc	0dfd993e151cb880bbef237ba3d316b4dcf7ffea	tools/hyphy/hyphy_fubar.xml	hyphy_fubar	8ec43a1f6aea008a5db152d5544fab834f66440db6decc9d84d0cb9b9c7d6329
tools-iuc	0dfd993e151cb880bbef237ba3d316b4dcf7ffea	tools/hyphy/hyphy_gard.xml	hyphy_gard	c0c4ce7cae70e0219dd2ec32f7aad63dbd5a98a2d907b928b8ce17af0b81eb12
tools-iuc	0dfd993e151cb880bbef237ba3d316b4dcf7ffea	tools/hyphy/hyphy_infer_stasis_clusters.xml	hyphy_infer_stasis_clusters	6669bf9862d14c3ef7cd43c5911604d765ea618dd5ed7e50aced63e1380fbf10
tools-iuc	0dfd993e151cb880bbef237ba3d316b4dcf7ffea	tools/hyphy/hyphy_meme.xml	hyphy_meme	a044986e9624f997a0687ba8b76322dc9acfd6d060879974198924d901967ecc
tools-iuc	0dfd993e151cb880bbef237ba3d316b4dcf7ffea	tools/hyphy/hyphy_prime.xml	hyphy_prime	2774cbff33ad2b6f80e310b65de62cda443b1a84e1367df11e205b944df48e26
tools-iuc	0dfd993e151cb880bbef237ba3d316b4dcf7ffea	tools/hyphy/hyphy_relax.xml	hyphy_relax	770d4229b331b4df7e3f4bdbc13ca62b7c6d37f591da6d9ccd1dc152f0bf65aa
tools-iuc	0dfd993e151cb880bbef237ba3d316b4dcf7ffea	tools/hyphy/hyphy_slac.xml	hyphy_slac	1d977eb3526389dd949c196fcd3d68a90bf01fab20dd1604fda0d0082fd5388a
tools-iuc	0dfd993e151cb880bbef237ba3d316b4dcf7ffea	tools/hyphy/hyphy_sm19.xml	hyphy_sm19	91a8bec19676c2ca847cc0b595df32020161787c193e811c0545fcbf19687beb
tools-iuc	0dfd993e151cb880bbef237ba3d316b4dcf7ffea	tools/hyphy/hyphy_strike_ambigs.xml	hyphy_strike_ambigs	6d3062535b678e64f568e3b25c2f54fc406bddc4ba367fa1eaebe1b7b5deab33
tools-iuc	0dfd993e151cb880bbef237ba3d316b4dcf7ffea	tools/hypo/hypo.xml	hypo	da6a9d30bbea8b572c469c166a4ceb56c7fe661da4861e120cc807770040625f
tools-iuc	0dfd993e151cb880bbef237ba3d316b4dcf7ffea	tools/icescreen/icescreen.xml	icescreen	76a11637b9e623caed0b4ef2227b21aa7659af5ba7bb08ca233a7de7413abe21
tools-iuc	0dfd993e151cb880bbef237ba3d316b4dcf7ffea	tools/idba_ud/idba_hybrid.xml	idba_hybrid	c6b46d79f83536343a796b3544c89f401a4f810bf52bea12d5dbaf5b36d87363
tools-iuc	0dfd993e151cb880bbef237ba3d316b4dcf7ffea	tools/idba_ud/idba_tran.xml	idba_tran	4cd3c636801e75a2df8b8c93e9b1ea4eb240dcc440877555cfea0454e4596ba1
tools-iuc	0dfd993e151cb880bbef237ba3d316b4dcf7ffea	tools/idba_ud/idba_ud.xml	idba_ud	7edc7a457069b4b4ed6253e65fd1f879a0d290e7f2a4be2a4ffb7f8165a8a340
tools-iuc	0dfd993e151cb880bbef237ba3d316b4dcf7ffea	tools/idr/idr.xml	idr	2bd23cbb9c4d7daf14c54ebcafb9b2380f68af1f9568a5281c4302c3b289b1b0
tools-iuc	0dfd993e151cb880bbef237ba3d316b4dcf7ffea	tools/idr_download/idr_download_by_ids.xml	idr_download_by_ids	b5f31af88dfc314c4faee83592507263475a1ca5ce381f95da0eb56016a4d691
tools-iuc	0dfd993e151cb880bbef237ba3d316b4dcf7ffea	tools/iedb_api/iedb_api.xml	iedb_api	74778f621dd3a5665cd0a6d0bd8298dda657251cc41a840852b12696cd720d19
tools-iuc	0dfd993e151cb880bbef237ba3d316b4dcf7ffea	tools/infercnv/infercnv.xml	infercnv	6e62cac2bd0452c2379c6fdb18725cf3f626b935f66302f5a79cac1ed142f37c
tools-iuc	0dfd993e151cb880bbef237ba3d316b4dcf7ffea	tools/instrain/instrain_compare.xml	instrain_compare	f029c090719e60419cf96c038ba9f0bcb15ea2deb85aa836dee336a95d670561
tools-iuc	0dfd993e151cb880bbef237ba3d316b4dcf7ffea	tools/instrain/instrain_profile.xml	instrain_profile	241e0da1bf87504fddec7c4949256bea51e9f3fbc813d379e396eb39cda651e2
tools-iuc	0dfd993e151cb880bbef237ba3d316b4dcf7ffea	tools/integron_finder/integron_finder.xml	integron_finder	7f6ac25cd6a2d718b0a87657ce9f408ca7d8d9753b2958b73d355b1fb9fed490
tools-iuc	0dfd993e151cb880bbef237ba3d316b4dcf7ffea	tools/intermine_galaxy_exchange/intermine_galaxy_exchange.xml	galaxy_intermine_exchange	b648defd776ab13f2e730712d6859d969634512cb532248dd4e4ba22fe9ded66
tools-iuc	0dfd993e151cb880bbef237ba3d316b4dcf7ffea	tools/interproscan/interproscan.xml	interproscan	0e720c13a344f77cd44bc764e464f8923af13a9d2d5f49314eeb3401c55f0fb0
tools-iuc	0dfd993e151cb880bbef237ba3d316b4dcf7ffea	tools/interval2maf/interval2maf.xml	Interval2Maf1	5a5606dce0e8ad512635d39e09251e3d939eb55d2f793bbcac4a66fd5b2507fd
tools-iuc	0dfd993e151cb880bbef237ba3d316b4dcf7ffea	tools/intervene/intervene_pairwise.xml	intervene_pairwise	4082e5b3192d825c0adce2f1b69915ccadcd8fec153980ef1b4a33691e135894
tools-iuc	0dfd993e151cb880bbef237ba3d316b4dcf7ffea	tools/intervene/intervene_upset.xml	intervene_upset	7a33e4b767a22612f8775a69f15b7fc3dfc32e184ab0b6a2c293429f784dd3db
tools-iuc	0dfd993e151cb880bbef237ba3d316b4dcf7ffea	tools/ipfp_normalisation/ipfp_normalisation.xml	ipfp_norm	987b61125d6ab3c289069d5d8c1458197848d815e3c487cdd66309e8f735c0c3
tools-iuc	0dfd993e151cb880bbef237ba3d316b4dcf7ffea	tools/iqtree/iqtree.xml	iqtree	d0b75d1559400c1def3f6406fb9f958ab21cfcc022a258511901fd67411be120
tools-iuc	0dfd993e151cb880bbef237ba3d316b4dcf7ffea	tools/irissv/irissv.xml	irissv	ff35f62c43d57dce82f5343dd2a4c0686b54365ce64731227ed29bc32b8f087a
tools-iuc	0dfd993e151cb880bbef237ba3d316b4dcf7ffea	tools/irma/irma.xml	irma	b22bec78cf38812f3a91a2c0f2185932778ebf45c4274c564c6d7de1de732146
tools-iuc	0dfd993e151cb880bbef237ba3d316b4dcf7ffea	tools/isescan/isescan.xml	isescan	a1b1086e2b816f560200b23eb245342ebf5602963bd4eb43be286b047cd8eaf9
tools-iuc	0dfd993e151cb880bbef237ba3d316b4dcf7ffea	tools/isoformswitchanalyzer/isoformswitchanalyzer.xml	isoformswitchanalyzer	8aba4717030f2225b21b7b5a0144e775aeb1f73f3109e5e8acf1defe37a61a60
tools-iuc	0dfd993e151cb880bbef237ba3d316b4dcf7ffea	tools/ivar/ivar_consensus.xml	ivar_consensus	37b29fcc5f1cc653dc36bcf5bfd81dbae675e0d82883864cd3442451d97c3028
tools-iuc	0dfd993e151cb880bbef237ba3d316b4dcf7ffea	tools/ivar/ivar_filtervariants.xml	ivar_filtervariants	a1fae1e77d1752379f786d5d7cdf4f26cb6b611e39984e00abfed967c77f7679
tools-iuc	0dfd993e151cb880bbef237ba3d316b4dcf7ffea	tools/ivar/ivar_removereads.xml	ivar_removereads	8a36fee4fe1076b641daf70b2e5fc3f831a5db15a6b67b78e2651528d58f90fd
tools-iuc	0dfd993e151cb880bbef237ba3d316b4dcf7ffea	tools/ivar/ivar_trim.xml	ivar_trim	818c43cd442400d658a1ed70b11331bc0c87ae397441737f69b36db0ebabd16f
tools-iuc	0dfd993e151cb880bbef237ba3d316b4dcf7ffea	tools/ivar/ivar_variants.xml	ivar_variants	31cff822a7db81760ba5542df131e1c07779d08cc97eb17de4367329f5cda687
tools-iuc	0dfd993e151cb880bbef237ba3d316b4dcf7ffea	tools/iwtomics/loadandplot.xml	iwtomics_loadandplot	748f935535d695845155a99c42b84c017f78592273ecc51f0b3d863f5eb11b99
tools-iuc	0dfd993e151cb880bbef237ba3d316b4dcf7ffea	tools/iwtomics/plotwithscale.xml	iwtomics_plotwithscale	3b28197233d26c258c6d45f63e14545df24e6d7b16f3009023b78da75c1c5b0e
tools-iuc	0dfd993e151cb880bbef237ba3d316b4dcf7ffea	tools/iwtomics/testandplot.xml	iwtomics_testandplot	733daec43153c80d7267422a147b13562606d99062501b836ef297f467c9c30a
tools-iuc	0dfd993e151cb880bbef237ba3d316b4dcf7ffea	tools/jasminesv/jasminesv.xml	jasminesv	c09703ccaea8609d869720e77bd9369ced6cd3b1bab7c4560dbc5bf57e4dc4ae
tools-iuc	0dfd993e151cb880bbef237ba3d316b4dcf7ffea	tools/jbrowse/jbrowse-fromdir.xml	jbrowse_to_standalone	a4028a02acec99215d5f044d3bea8a104b151899c0b7274f47657c38fc9b4390
tools-iuc	0dfd993e151cb880bbef237ba3d316b4dcf7ffea	tools/jbrowse/jbrowse.xml	jbrowse	2f528ad3225559d680c7d424c1b80f77399bb04f1f2d673bfca3f8631ac5e2a9
tools-iuc	0dfd993e151cb880bbef237ba3d316b4dcf7ffea	tools/jbrowse2/jbrowse2.xml	jbrowse2	42319f56a14c6a54f21caa2d19fd761ab012a379c9426975e74fade0c78028ac
tools-iuc	0dfd993e151cb880bbef237ba3d316b4dcf7ffea	tools/jcvi_gff_stats/jcvi_gff_stats.xml	jcvi_gff_stats	d8a6ff3aaddba25ce6e852efa943e99e0c1048f318b65007a97d107b26b5dfa4
tools-iuc	0dfd993e151cb880bbef237ba3d316b4dcf7ffea	tools/jdeskew/jdeskew.xml	jdeskew	846ee2cfa0b7596b43d78044af8f1872ce918625b42738f1498ef9eeb409b72e
tools-iuc	0dfd993e151cb880bbef237ba3d316b4dcf7ffea	tools/jellyfish/jellyfish.xml	jellyfish	0161565a0d607cc840dda2e71da4ac9ef5dbae8eb219663e561f0b4e465ce630
tools-iuc	0dfd993e151cb880bbef237ba3d316b4dcf7ffea	tools/join_files_by_id/join_files_by_id.xml	join_files_by_id	9af05b8e3a5701cff610db3492d96fcc0d81ab03bb98a43d7958dda1a4843e6b
tools-iuc	0dfd993e151cb880bbef237ba3d316b4dcf7ffea	tools/jq/jq.xml	jq	bf14befae102552b5ba7f8c91c9ba7fbb1a05225f793790bea985cd162d78e75
tools-iuc	0dfd993e151cb880bbef237ba3d316b4dcf7ffea	tools/jvarkit/jvarkit_wgscoverageplotter.xml	jvarkit_wgscoverageplotter	8493192f9f31c2da6c6ca92a6928958d406434bd40ad8c27dc43c4da512ab470
tools-iuc	0dfd993e151cb880bbef237ba3d316b4dcf7ffea	tools/kaiju/kaiju-addTaxonNames.xml	kaiju_addtaxonnames	8882ab60160a8a300b6c38e3b3a17ffedc2418e0f2577e13b02308ecb40c17cf
tools-iuc	0dfd993e151cb880bbef237ba3d316b4dcf7ffea	tools/kaiju/kaiju-mergeOutputs.xml	kaiju_mergeoutputs	7da03e0b5d7b62df338924e14bd677c80aca60790564e5211f517601d51d55e6
tools-iuc	0dfd993e151cb880bbef237ba3d316b4dcf7ffea	tools/kaiju/kaiju.xml	kaiju_kaiju	f47e6fdd3a0bd6dd6f3c2e6dc17e762f0bb267dcd325f66d6b20f2fee0499b55
tools-iuc	0dfd993e151cb880bbef237ba3d316b4dcf7ffea	tools/kaiju/kaiju2krona.xml	kaiju_kaiju2krona	a55ba121e9870c7990959969268208a7de1777befc7a095fc0431c02460724a8
tools-iuc	0dfd993e151cb880bbef237ba3d316b4dcf7ffea	tools/kaiju/kaiju2table.xml	kaiju_kaiju2table	b62e28b975bb2999f86259afe48ed4c8fae4812b1d23dd8db96ddaaac7da1abc
tools-iuc	0dfd993e151cb880bbef237ba3d316b4dcf7ffea	tools/kallisto/kallisto_pseudo.xml	kallisto_pseudo	4aea46a95c5c06df6968b515012fb3021151dec494879473d66bb5cfa62a210a
tools-iuc	0dfd993e151cb880bbef237ba3d316b4dcf7ffea	tools/kallisto/kallisto_quant.xml	kallisto_quant	129241f25380dc0a82afc04af4ef204994e5e78d414290025ebacb56a3eb155c
tools-iuc	0dfd993e151cb880bbef237ba3d316b4dcf7ffea	tools/kc-align/kc-align.xml	kc-align	4eb032038ce6e4bada6c601f414c3374d4b7c8ea424935ade4cfc91e7a6f7bb4
tools-iuc	0dfd993e151cb880bbef237ba3d316b4dcf7ffea	tools/kegg_pathways_completeness/kegg_pathways_completeness.xml	kegg_pathways_completeness	22c85e9967426b98f30ecdc9fe020ce1785972082d14e6bc45143fabd7eaa4f5
tools-iuc	0dfd993e151cb880bbef237ba3d316b4dcf7ffea	tools/khmer/abundance-dist-single.xml	khmer_abundance_distribution_single	0fcac9463ba52b41d9b914749c1074ef00f4f875a385a6c015383d7fb1fab0c1
tools-iuc	0dfd993e151cb880bbef237ba3d316b4dcf7ffea	tools/khmer/abundance-dist.xml	khmer_abundance_distribution	827a9214044fd5c1494755622d96478fd6545d60b05ed939450e50eee6372aaa
tools-iuc	0dfd993e151cb880bbef237ba3d316b4dcf7ffea	tools/khmer/count-median.xml	khmer_count_median	81517c14c25eb80e31d7d1b5506ef273cd0e65c70b03631309482901672a0efe
tools-iuc	0dfd993e151cb880bbef237ba3d316b4dcf7ffea	tools/khmer/do-partition.xml	khmer_partition	af826c8afc06c567980396e2e25e92eb2f26bc85db09930813c8c5fdcf7a70e6
tools-iuc	0dfd993e151cb880bbef237ba3d316b4dcf7ffea	tools/khmer/extract-partitions.xml	khmer_extract_partitions	ea615c479b40efbdcfee8dbf55b71038619c3ebd7227da62b91c1404c8bf5df8
tools-iuc	0dfd993e151cb880bbef237ba3d316b4dcf7ffea	tools/khmer/filter-abund.xml	khmer_filter_abundance	e351a2f6c62bd49009835373063bbd051f2d464821937fa3d3b649c37001750d
tools-iuc	0dfd993e151cb880bbef237ba3d316b4dcf7ffea	tools/khmer/filter-below-abund.xml	khmer_filter_below_abundance_cutoff	41184ddececeac814c92eaa3ef71de8c30874cc2a376222bb0cc23f8799b7dd4
tools-iuc	0dfd993e151cb880bbef237ba3d316b4dcf7ffea	tools/khmer/normalize-by-median.xml	khmer_normalize_by_median	d25f65b24afc4e814c170bb015d6763260a277e41b0159a4d63ec5e09bd4e2dd
tools-iuc	0dfd993e151cb880bbef237ba3d316b4dcf7ffea	tools/king/king.xml	king	d7d53a02067d3e55e3ba75fab8d980eb5ffaeef43d16a148ea47cdfcec898eb7
tools-iuc	0dfd993e151cb880bbef237ba3d316b4dcf7ffea	tools/kleborate/kleborate.xml	kleborate	e8bf40121735e8be13732b018694e172fc741773286d9ff76ddb988c8d00719f
tools-iuc	0dfd993e151cb880bbef237ba3d316b4dcf7ffea	tools/kma/kma_map.xml	kma_map	7855cbbc3f008195f9730d24de0721a2d68fc4b39a12da2994bd2e6c3a338070
tools-iuc	0dfd993e151cb880bbef237ba3d316b4dcf7ffea	tools/kmer2stats/kmer2stats.xml	kmer2stats	fe01613e321cdc936d9ea5937e13d042a600d4aa4fa931985ade1068ee4b151b
tools-iuc	0dfd993e151cb880bbef237ba3d316b4dcf7ffea	tools/kmindex/kmindex_build.xml	kmindex_build	4e0b0ef90821074310363e9cf419999d623d5d23a41df865b552a65923a3b69e
tools-iuc	0dfd993e151cb880bbef237ba3d316b4dcf7ffea	tools/kmindex/kmindex_query.xml	kmindex_query	6383c0416eb1ae999e0bc8571acefbf93452287439aa983f06c5db4125958e5a
tools-iuc	0dfd993e151cb880bbef237ba3d316b4dcf7ffea	tools/kneaddata/kneaddata.xml	kneaddata	4f15d2ca6e7df7df7c66d35ac6009ad89d448f5904a8a195502b392902fbde66
tools-iuc	0dfd993e151cb880bbef237ba3d316b4dcf7ffea	tools/kofamscan/kofamscan.xml	kofamscan	c7cc48612b8114d5d32a294f8c446ded32661930b0b99be7921a8f3369e35247
tools-iuc	0dfd993e151cb880bbef237ba3d316b4dcf7ffea	tools/kraken_biom/kraken_biom.xml	kraken_biom	84d2f074fa8c3b28c4cd9c65cdb481ce0616468c53dcb2a9dca2da344c7c0b4d
tools-iuc	0dfd993e151cb880bbef237ba3d316b4dcf7ffea	tools/kraken_taxonomy_report/kraken_taxonomy_report.xml	kraken_taxonomy_report	57a075fd167a06314380684a21461a33a4a24ac23dfc05558e3de3f1472728cf
tools-iuc	0dfd993e151cb880bbef237ba3d316b4dcf7ffea	tools/krakentools/alpha_diversity.xml	krakentools_alpha_diversity	676b4b6f9819c2613b9f0d5fe15d4b74e21ac667f0d6d35e8480b73e368cb218
tools-iuc	0dfd993e151cb880bbef237ba3d316b4dcf7ffea	tools/krakentools/beta_diversity.xml	krakentools_beta_diversity	88327b713d17ddf2960b413163b9349afb9bf3388e1c5d74c6055bca95832a82
tools-iuc	0dfd993e151cb880bbef237ba3d316b4dcf7ffea	tools/krakentools/combine_kreports.xml	krakentools_combine_kreports	2920dfff818f23b48631ef0e1d271bba5209215b1379c32f949cb8a544331192
tools-iuc	0dfd993e151cb880bbef237ba3d316b4dcf7ffea	tools/krakentools/extract_kraken_reads.xml	krakentools_extract_kraken_reads	ec2021e2a44fe6480e43db4047544049df993b7ac31efb20998b3740ff68f29b
tools-iuc	0dfd993e151cb880bbef237ba3d316b4dcf7ffea	tools/krakentools/kreport2krona.xml	krakentools_kreport2krona	3118e40d14ebb3dbdb72f992049da53165cc3b00c1a52bb180a8da2d9ed3de96
tools-iuc	0dfd993e151cb880bbef237ba3d316b4dcf7ffea	tools/krakentools/kreport2mpa.xml	krakentools_kreport2mpa	96b731e161052a7cccfc9e83f24eaddc869fdac283e252c2cd34b6e08a878aed
tools-iuc	0dfd993e151cb880bbef237ba3d316b4dcf7ffea	tools/krocus/krocus.xml	krocus	99f1719ef91448e0f2f373718f2cc18a73804924d798a5a64e9e5500d70e61b9
tools-iuc	0dfd993e151cb880bbef237ba3d316b4dcf7ffea	tools/last/lastal.xml	last_al	bb43773aae54e45c62ce8bc73a79402787893c02e2b7072d168bdbe2935f3767
tools-iuc	0dfd993e151cb880bbef237ba3d316b4dcf7ffea	tools/last/lastdb.xml	last_db	f98fcef593a1eab53ffde468bb6e637122b61be52e24d67653025ad52b41faad
tools-iuc	0dfd993e151cb880bbef237ba3d316b4dcf7ffea	tools/last/lastsplit.xml	last_split	96e29d526f8b589ed05ddb6c294e5ea84311a84119af424ca537b015f6146adc
tools-iuc	0dfd993e151cb880bbef237ba3d316b4dcf7ffea	tools/last/lasttrain.xml	last_train	f92c4688c52e68c5828ca9723f75567fc80840c2ae2d9dbcebc523670f42a40c
tools-iuc	0dfd993e151cb880bbef237ba3d316b4dcf7ffea	tools/last/maf-convert.xml	last_maf_convert	efda3ed025a9ee8056459921dea6362367a26af9ea7fd895a051adeca6207be3
tools-iuc	0dfd993e151cb880bbef237ba3d316b4dcf7ffea	tools/lastz/lastz.xml	lastz_wrapper_2	342ce4ea39dfede8b071321bb325d75a11b9fd0cd76eb2c2a167bd15a7358cff
tools-iuc	0dfd993e151cb880bbef237ba3d316b4dcf7ffea	tools/lastz/lastz_d.xml	lastz_d_wrapper	ebd2025e0bb7ec20c2116d366e7f97665f5c140a083689a5b1e6a5180adf6fb4
tools-iuc	0dfd993e151cb880bbef237ba3d316b4dcf7ffea	tools/lcrgenie/lcrgenie.xml	lcrgenie	d5d62d828cb527aaef5e8211271eca84f01a4a6638a382674679c408cda7efeb
tools-iuc	0dfd993e151cb880bbef237ba3d316b4dcf7ffea	tools/legsta/legsta.xml	legsta	c8cdea3e44d9538369dc39a64b8e209d856fc10795f25223d203a2fe905af9fe
tools-iuc	0dfd993e151cb880bbef237ba3d316b4dcf7ffea	tools/length_and_gc_content/get_length_and_gc_content.xml	length_and_gc_content	cd85f7a70e7fcb1f5abab184ba4406d344b482045dae6179ac523df810c15782
tools-iuc	0dfd993e151cb880bbef237ba3d316b4dcf7ffea	tools/lexicmap/lexicmap-index.xml	lexicmap_index	4cd90af5a88cb342aafed0bbcdc0e4a255bd68330e1a0f6742b094aaef6767fa
tools-iuc	0dfd993e151cb880bbef237ba3d316b4dcf7ffea	tools/lexicmap/lexicmap.xml	lexicmap_search	43aa3b7628746e1bb4a64cf3b78ca6f43348b5eb1c3b04702e4ec99292ddf8c6
tools-iuc	0dfd993e151cb880bbef237ba3d316b4dcf7ffea	tools/liana/liana_methods.xml	liana_methods	17be91badc08e5845de3e42656b0282dbd02dc5fca8d00d104bfa2f8851d0c92
tools-iuc	0dfd993e151cb880bbef237ba3d316b4dcf7ffea	tools/liana/misty.xml	liana_misty	43be85d3163394bc202c9b30e32b030a0c895660131a976658cd94ac9af68985
tools-iuc	0dfd993e151cb880bbef237ba3d316b4dcf7ffea	tools/liana/multi.xml	liana_multi	08e050acac9878315ed4a4a66266d6e82fe4ca1e3d6f68f04bb34f1c63ea9d10
tools-iuc	0dfd993e151cb880bbef237ba3d316b4dcf7ffea	tools/liana/plot.xml	liana_plot	ba30a805400c484335add237213439969bfdff371a44b5ba7a9050f3415941db
tools-iuc	0dfd993e151cb880bbef237ba3d316b4dcf7ffea	tools/liana/resource.xml	liana_resource	8bbbb75ac6f7428e37476cfbf7431c93763bda54ebf0d15e044979abcc0a30f0
tools-iuc	0dfd993e151cb880bbef237ba3d316b4dcf7ffea	tools/liana/utils.xml	liana_utils	8c4e988d6da7241858dd3f5ae1f70288f7886d8b79c7a42ee24cb7e951cb6266
tools-iuc	0dfd993e151cb880bbef237ba3d316b4dcf7ffea	tools/liftoff/liftoff.xml	liftoff	965a87603aba1efd26854779326876c4683a044e2f786a6d680c6b2659d5b8ca
tools-iuc	0dfd993e151cb880bbef237ba3d316b4dcf7ffea	tools/limma_voom/limma_voom.xml	limma_voom	fddd82cc4b16abb5756b90f058abed9bc6bc7caec3211717ced511ad7f23a757
tools-iuc	0dfd993e151cb880bbef237ba3d316b4dcf7ffea	tools/lineagespot/lineagespot_wrapper.xml	lineagespot	e6956b861d333ec32e11f2448a82805171c1d5f10d5b9332d7d045904a5b4ce3
tools-iuc	0dfd993e151cb880bbef237ba3d316b4dcf7ffea	tools/links/links.xml	links	8d870dc61bceb6389e1efac0aa6e871b34e71c650210cd4a01bffa2c95a9fa45
tools-iuc	0dfd993e151cb880bbef237ba3d316b4dcf7ffea	tools/lofreq/lofreq_alnqual.xml	lofreq_alnqual	453fd9fb8084a34308ef5f811e6dd3f4de507e6095bb5fe98d88d6356d3198b8
tools-iuc	0dfd993e151cb880bbef237ba3d316b4dcf7ffea	tools/lofreq/lofreq_call.xml	lofreq_call	ac61b56db07a65613f36b5026f4d0d9d1e75b88001a586ad4fb1de54df9a3446
tools-iuc	0dfd993e151cb880bbef237ba3d316b4dcf7ffea	tools/lofreq/lofreq_filter.xml	lofreq_filter	153a38a7ef265f3399ea8661f98f3e8b95b73bc78d4ce26420bcc892a31d8a9c
tools-iuc	0dfd993e151cb880bbef237ba3d316b4dcf7ffea	tools/lofreq/lofreq_indelqual.xml	lofreq_indelqual	d8565177172690ea871fb75404f760458212ae4a1f9a6a071ab27b1f6d8479b7
tools-iuc	0dfd993e151cb880bbef237ba3d316b4dcf7ffea	tools/lofreq/lofreq_viterbi.xml	lofreq_viterbi	e732333e3c8b1b5bed7e523b0c563d8e8a86d20faeadc9c16f3f834ffc19850c
tools-iuc	0dfd993e151cb880bbef237ba3d316b4dcf7ffea	tools/longdust/longdust.xml	longdust	dfe3f6468a3434ceefcf01952f88aeed49defc516b81487726f287aac291ddc7
tools-iuc	0dfd993e151cb880bbef237ba3d316b4dcf7ffea	tools/lorikeet/lorikeet.xml	lorikeet_spoligotype	b90a14a12c805e875043d9d3ac4748645aba984e2c553de4228e8a7c81e7f011
tools-iuc	0dfd993e151cb880bbef237ba3d316b4dcf7ffea	tools/lumpy_sv/lumpy_preprocessing.xml	lumpy_prep	b36195df7a855d759438724fb02aae8029d836f2668b4ccaa8e2d473097876fe
tools-iuc	0dfd993e151cb880bbef237ba3d316b4dcf7ffea	tools/lumpy_sv/lumpy_sv.xml	lumpy_sv	6b3caead679e90cba9102599af16d1aa58b939a82c7091ba1aded85fea4d739d
tools-iuc	0dfd993e151cb880bbef237ba3d316b4dcf7ffea	tools/m6anet/m6anet.xml	m6anet	c2c0663e279509ad58018e156a7c69677455a55831e260fb2af6ac7ca59f56c6
tools-iuc	0dfd993e151cb880bbef237ba3d316b4dcf7ffea	tools/maaslin2/maaslin2.xml	maaslin2	c141a3d8bb02aa0e1ea1629e88e6a0f21bf842271723f47573e78b011af845a4
tools-iuc	0dfd993e151cb880bbef237ba3d316b4dcf7ffea	tools/maaslin3/maaslin3.xml	maaslin3	b1a693de661ee10177b3072126556a275f01efe462f840c660e82da993cb17b7
tools-iuc	0dfd993e151cb880bbef237ba3d316b4dcf7ffea	tools/macs2/macs2_bdgbroadcall.xml	macs2_bdgbroadcall	79c9c2358f49141e5c8349fd2b7c76159622108c9923ed0438f9f38de342dba7
tools-iuc	0dfd993e151cb880bbef237ba3d316b4dcf7ffea	tools/macs2/macs2_bdgcmp.xml	macs2_bdgcmp	d1c284794c8c885a30bfb21ad3db2781565e42154f7e22b143f2db113d6f8cdd
tools-iuc	0dfd993e151cb880bbef237ba3d316b4dcf7ffea	tools/macs2/macs2_bdgdiff.xml	macs2_bdgdiff	b97c495a44aa31c1ec9a2596978184a791d8a3d72e1c6b85d23e5b64cc98ae27
tools-iuc	0dfd993e151cb880bbef237ba3d316b4dcf7ffea	tools/macs2/macs2_bdgpeakcall.xml	macs2_bdgpeakcall	949dafbfa73f9c91c75a51493fb537cc54c6413afc8138d8b7724d86e38551eb
tools-iuc	0dfd993e151cb880bbef237ba3d316b4dcf7ffea	tools/macs2/macs2_callpeak.xml	macs2_callpeak	2fdf408a96f99752f8d3214dd2d9f48be4defe142a8749cf5601f6358b7962ac
tools-iuc	0dfd993e151cb880bbef237ba3d316b4dcf7ffea	tools/macs2/macs2_filterdup.xml	macs2_filterdup	1d1b4fd633f9936835044c628146f7ca987ac6118d39bba4027254f56d643459
tools-iuc	0dfd993e151cb880bbef237ba3d316b4dcf7ffea	tools/macs2/macs2_predictd.xml	macs2_predictd	d9f1686f72afc127e8cbe18481901048922312c75330d4d89444721656ad6585
tools-iuc	0dfd993e151cb880bbef237ba3d316b4dcf7ffea	tools/macs2/macs2_randsample.xml	macs2_randsample	9e74b01bd430330c82cd7cea28443139ee6f807af8256e652fb6a29347bdf5ff
tools-iuc	0dfd993e151cb880bbef237ba3d316b4dcf7ffea	tools/macs2/macs2_refinepeak.xml	macs2_refinepeak	3f3e1fcc3dffc3ebe2b5c63bec52b614bc0bd46e13307f85caa1b97c0e755540
tools-iuc	0dfd993e151cb880bbef237ba3d316b4dcf7ffea	tools/maf_stats/maf_stats.xml	maf_stats1	3ec1b4c61682fe0100bba12d8e4d3f11cca5967e1fbe3a82f91fec6af2ed314e
tools-iuc	0dfd993e151cb880bbef237ba3d316b4dcf7ffea	tools/mageck/mageck_count.xml	mageck_count	97048472739d3764061a6bbabfb653baceb5c1221c5ac7461a7845e5276b4e95
tools-iuc	0dfd993e151cb880bbef237ba3d316b4dcf7ffea	tools/mageck/mageck_gsea.xml	mageck_gsea	a26223326472aed52502e2b8ae51cfccf2ac1a581d9d6b432ea92815d317cc49
tools-iuc	0dfd993e151cb880bbef237ba3d316b4dcf7ffea	tools/mageck/mageck_mle.xml	mageck_mle	a63ca0e0925ed2c8d051cd951285e111b9b00983e11f02c4de87685d0750266e
tools-iuc	0dfd993e151cb880bbef237ba3d316b4dcf7ffea	tools/mageck/mageck_pathway.xml	mageck_pathway	ea2d3a6093de268111eaf3d55cc3dd4ef81bd29c90ff4ef0b4b409a7b605258c
tools-iuc	0dfd993e151cb880bbef237ba3d316b4dcf7ffea	tools/mageck/mageck_test.xml	mageck_test	5217bffc43a75fff85e29d0967a68806ceb29fef5ebe304c2a113639a4f8bc18
tools-iuc	0dfd993e151cb880bbef237ba3d316b4dcf7ffea	tools/maker/maker.xml	maker	bc8102198ae8063b1084ddca6c9b67176d6f9b96de62459a160d98708b1292eb
tools-iuc	0dfd993e151cb880bbef237ba3d316b4dcf7ffea	tools/maker/map_ids.xml	maker_map_ids	8230a4b74eccc31de33875e6b4a013db7e4f9966ff3e5568d1dd372b286beb78
tools-iuc	0dfd993e151cb880bbef237ba3d316b4dcf7ffea	tools/malt/malt_run.xml	malt_run	c9bd218bf5cd03c65fce2b1f1f0d67907c88f4492a458811dc18edb9f72acebd
tools-iuc	0dfd993e151cb880bbef237ba3d316b4dcf7ffea	tools/map_damage/map_damage.xml	map_damage	7f9fece82f7e24a9a9ad9a02a25e34158dd4a25cd28f54393e5a1947aba2a6db
tools-iuc	0dfd993e151cb880bbef237ba3d316b4dcf7ffea	tools/map_param_value/map_param_value.xml	map_param_value	53b81e320ab99a5baabea1a627425712a737decf1a412d18dbda3a0b4da3dee2
tools-iuc	0dfd993e151cb880bbef237ba3d316b4dcf7ffea	tools/maplot/maplot.xml	maplot	5b75b8571c08300a0cdf0c055b4e1376a0edb770850514225ee54922acbf4cec
tools-iuc	0dfd993e151cb880bbef237ba3d316b4dcf7ffea	tools/mapseq/mapseq.xml	mapseq	2240aa07c453855f7fb531e61ec48ac154132b38dca2aea48daa94944ce2821a
tools-iuc	0dfd993e151cb880bbef237ba3d316b4dcf7ffea	tools/mash/mash_dist.xml	mash_dist	9249b48b80f0abe8092e1c10ed4505dfcbe52f832ca482920181d433beb7f31c
tools-iuc	0dfd993e151cb880bbef237ba3d316b4dcf7ffea	tools/mash/mash_paste.xml	mash_paste	7c5fcd381cb917be2639c5a2cc7f107c4657d83c2a0be131e8443a2fd37b3fa8
tools-iuc	0dfd993e151cb880bbef237ba3d316b4dcf7ffea	tools/mash/mash_screen.xml	mash_screen	675763a8aa03908ae0a2d3b3f671420e431537d7472d4a962888643f34aab8f0
tools-iuc	0dfd993e151cb880bbef237ba3d316b4dcf7ffea	tools/mash/mash_sketch.xml	mash_sketch	4d004e0bce806f82235b0be59cca8eb3f4fd9dafe871927cc431e7a20ebdd976
tools-iuc	0dfd993e151cb880bbef237ba3d316b4dcf7ffea	tools/mashmap/mashmap.xml	mashmap	4fd7b0339ed1dbc3ffabcf2edb55af677705edda7818e18e59159e256847bc31
tools-iuc	0dfd993e151cb880bbef237ba3d316b4dcf7ffea	tools/masigpro/masigpro.xml	masigpro	c8cfa36dc783b6e59e15c4a4691bad4ee5d0e5c8070a23617fa7471c4db66906
tools-iuc	0dfd993e151cb880bbef237ba3d316b4dcf7ffea	tools/maxbin2/maxbin2.xml	maxbin2	1ca33662a54a001000b838968a85061ce32b812980af60b7565a9d7e0ed86e0e
tools-iuc	0dfd993e151cb880bbef237ba3d316b4dcf7ffea	tools/mcl/mcl.xml	mcl	c6460502d967373a78c4a6eddf20d9450fc117a7a1f97cbe2cb0e96cca6b2d1f
tools-iuc	0dfd993e151cb880bbef237ba3d316b4dcf7ffea	tools/medaka/consensus.xml	medaka_consensus	c83ba1e17ee9b179efe993e24128338511b3c9bd02029dba3cf72bcfe1f13ed3
tools-iuc	0dfd993e151cb880bbef237ba3d316b4dcf7ffea	tools/medaka/medaka_consensus.xml	medaka_consensus_pipeline	39c22d683d891b275cff128e8f266f5c1c14541ed543d7a74118a28715309a0b
tools-iuc	0dfd993e151cb880bbef237ba3d316b4dcf7ffea	tools/medaka/variant.xml	medaka_variant	518e70c405bf16861de8ce8737257fca815bee8684ab9afa25188003413f3bb2
tools-iuc	0dfd993e151cb880bbef237ba3d316b4dcf7ffea	tools/megahit/megahit_wrapper.xml	megahit	abe50a5449bcde08728bf888f0184cfcf462f04fc7095824f56db71b94a44325
tools-iuc	0dfd993e151cb880bbef237ba3d316b4dcf7ffea	tools/megahit_contig2fastg/megahit_contig2fastg.xml	megahit_contig2fastg	ff9d28c0b4dc306e2d094a40c574268c275c234647e1c23655604fa193296d05
tools-iuc	0dfd993e151cb880bbef237ba3d316b4dcf7ffea	tools/megan/blast2lca.xml	megan_blast2lca	21d9fafb286680b50057d746a70cfc734e1620cf8b4dd8909372797da18ffd2d
tools-iuc	0dfd993e151cb880bbef237ba3d316b4dcf7ffea	tools/megan/blast2rma.xml	megan_blast2rma	3c2a69a075980c63e6e72b55efdd63babcfe62ae4eb956b7438d8d282f77c6f8
tools-iuc	0dfd993e151cb880bbef237ba3d316b4dcf7ffea	tools/megan/daa2info.xml	megan_daa2info	ab5cf985fe7ab2ff87ec5bed92b09c6c55936c579b7d200fe9e6971188665385
tools-iuc	0dfd993e151cb880bbef237ba3d316b4dcf7ffea	tools/megan/daa2rma.xml	megan_daa2rma	307ccdf93f8369ee7c1eddf26ff871ef873043b4910b0ab5a053ef1140aefee1
tools-iuc	0dfd993e151cb880bbef237ba3d316b4dcf7ffea	tools/megan/daa_meganizer.xml	megan_daa_meganizer	a9ac16503fd25289477966241d79f804fc0a95b5f55ea2f81b553390bcc63655
tools-iuc	0dfd993e151cb880bbef237ba3d316b4dcf7ffea	tools/megan/read_extractor.xml	megan_read_extractor	dbb5077f7b9e58e96cc5e135a220e703fe9a3a861f03431c3bc5a59e0fbb2657
tools-iuc	0dfd993e151cb880bbef237ba3d316b4dcf7ffea	tools/megan/sam2rma.xml	megan_sam2rma	7a8b25da742d4a31099b463aff7d3793889c54f180d6d65c3743ff79dd426bab
tools-iuc	0dfd993e151cb880bbef237ba3d316b4dcf7ffea	tools/meme/dreme.xml	meme_dreme	f7ef6d759afab85a31e48d3080600bf8f590daca858b107711577fd988d416c8
tools-iuc	0dfd993e151cb880bbef237ba3d316b4dcf7ffea	tools/meme/fimo.xml	meme_fimo	e346595197ebfc3fce56cc56cbafa15f2fe4d201a8184ac2df99c7a787b4d337
tools-iuc	0dfd993e151cb880bbef237ba3d316b4dcf7ffea	tools/meme/meme.xml	meme_meme	52525cb7ee30b1bf97f48864303001130086ffaee309ac2537aa6e1e552bdb70
tools-iuc	0dfd993e151cb880bbef237ba3d316b4dcf7ffea	tools/meme/meme_psp_gen.xml	meme_psp_gen	ad1c41092a05eaa37d2d739d6f2332cb1881c8d2a2f0998021b5bfa08e36c881
tools-iuc	0dfd993e151cb880bbef237ba3d316b4dcf7ffea	tools/meme/streme.xml	meme_streme	a6fd95b8201d96487ddcbefefb06c3db68cb4b578f498aac6021422d71696601
tools-iuc	0dfd993e151cb880bbef237ba3d316b4dcf7ffea	tools/meme_chip/meme_chip.xml	meme_chip	f95b82fdb61577cd94c853220d2c12bbaab84d32d0baaae40c378c06dd302004
tools-iuc	0dfd993e151cb880bbef237ba3d316b4dcf7ffea	tools/meningotype/meningotype.xml	meningotype	f150f3007c154b5c902150b4a99b0375afce35e5dc1d276a522d30ccce2e5f75
tools-iuc	0dfd993e151cb880bbef237ba3d316b4dcf7ffea	tools/merlin/merlin.xml	merlin	dc8297fb14ff363e05506d78a8b02a39c8f02acff585b96b267f6f5df80fbc59
tools-iuc	0dfd993e151cb880bbef237ba3d316b4dcf7ffea	tools/merqury/merqury.xml	merqury	80e6b620cec2aba170d32214ad9c2ebdf6ab507296b358161fb43cbd6ae06b22
tools-iuc	0dfd993e151cb880bbef237ba3d316b4dcf7ffea	tools/merqury/merqury_plot_CN.xml	merquryplot	5f1f880e25ad0e3edb13756973e400727439179f4903f5b73912c34121dc7a70
tools-iuc	0dfd993e151cb880bbef237ba3d316b4dcf7ffea	tools/merquryfk/asmplot.xml	merquryfk_asmplot	3f4eee65ab031c5010c962f9240f1178430f1fee094aeabf9262f16ca1df5f94
tools-iuc	0dfd993e151cb880bbef237ba3d316b4dcf7ffea	tools/merquryfk/cnplot.xml	merquryfk_cnplot	096971162c76af92d492a046e49292c9bb3511753aeac3a8fa14a2bbac2f2e99
tools-iuc	0dfd993e151cb880bbef237ba3d316b4dcf7ffea	tools/merquryfk/hapmaker.xml	merquryfk_hapmaker	091cfb6275063f20d5435ff51401abf0d77f0796b7db8d3bd878381d5fe02ea6
tools-iuc	0dfd993e151cb880bbef237ba3d316b4dcf7ffea	tools/merquryfk/happlot.xml	merquryfk_happlot	78f62750dcd563cfce8e6918b874696d851b8a391be300f29ac3cc4c884599d6
tools-iuc	0dfd993e151cb880bbef237ba3d316b4dcf7ffea	tools/merquryfk/merquryfk.xml	merquryfk_merquryfk	5c4921a41c20599fc529b915f043629406db1415f01db7c68d4a5cfeda37490b
tools-iuc	0dfd993e151cb880bbef237ba3d316b4dcf7ffea	tools/meryl/arithmetic-kmers.xml	meryl_arithmetic_kmers	8ec5bf170cbbdf2be518bb5c8ed9ca16de6b080cf0d6d8543b2b78f603fd1e22
tools-iuc	0dfd993e151cb880bbef237ba3d316b4dcf7ffea	tools/meryl/count-kmers.xml	meryl_count_kmers	99df47162cb024315cd8b3b47a507f10f1b441cfb68870bd842772b8dcc31712
tools-iuc	0dfd993e151cb880bbef237ba3d316b4dcf7ffea	tools/meryl/filter-kmers.xml	meryl_filter_kmers	744fdaa6dbb678ef265781b11196a830eede3f91a81195ce1eefbafc805ac3a5
tools-iuc	0dfd993e151cb880bbef237ba3d316b4dcf7ffea	tools/meryl/groups-kmers.xml	meryl_groups_kmers	bf53cb33ce5755ccd36d36c5b072d23433f284c76ab72a70d1dc890d8fff022b
tools-iuc	0dfd993e151cb880bbef237ba3d316b4dcf7ffea	tools/meryl/histogram-kmers.xml	meryl_histogram_kmers	a125b3eb66c898f99bf4909e5080c18a925191c9e1dc09c82caa0030e7b4283d
tools-iuc	0dfd993e151cb880bbef237ba3d316b4dcf7ffea	tools/meryl/print.xml	meryl_print	909a4c2fcb4734109bfbd8cadf14419be4794225aa823f54d43a987becb2202f
tools-iuc	0dfd993e151cb880bbef237ba3d316b4dcf7ffea	tools/meryl/trio-mode.xml	meryl_trio_mode	4887a114e1f54950dc8c6e66ec1fe60cb9a998860516974841be148327b0e5d5
tools-iuc	0dfd993e151cb880bbef237ba3d316b4dcf7ffea	tools/metabat2/jgi_summarize_bam_contig_depths.xml	metabat2_jgi_summarize_bam_contig_depths	b783449d0110665ce12e791843905169a6ea2a02cedefe9886706b078764e7c6
tools-iuc	0dfd993e151cb880bbef237ba3d316b4dcf7ffea	tools/metabat2/metabat2.xml	metabat2	9d4040b31b12006f761c6bfa82e9427b60004e862c18b8b3ace8a4fcf08e9814
tools-iuc	0dfd993e151cb880bbef237ba3d316b4dcf7ffea	tools/metabuli/metabuli.xml	metabuli_classify	d355e68650403d99817282d2e62480757d3009bf79edf1a895b0d503bae198ba
tools-iuc	0dfd993e151cb880bbef237ba3d316b4dcf7ffea	tools/metaeuk/metaeuk_easy_predict.xml	metaeuk_easy_predict	288d25fa6ad38e3546109429a3a4753aaffee73c2f866e4fb6ee2f8d35bb3cc8
tools-iuc	0dfd993e151cb880bbef237ba3d316b4dcf7ffea	tools/metagenomeseq/metagenomeseq_normalization.xml	metagenomeseq_normalizaton	384145a0fcaf2289480485282704b01c8e7821b02562c4ff835a3893979e4777
tools-iuc	0dfd993e151cb880bbef237ba3d316b4dcf7ffea	tools/metamdbg/metamdbg_asm.xml	metamdbg_asm	51b9d67e94f784b093bbc46858b1b396e7da068cccea48d0a577c188573077b4
tools-iuc	0dfd993e151cb880bbef237ba3d316b4dcf7ffea	tools/metamdbg/metamdbg_gfa.xml	metamdbg_gfa	bab98d18bd136b7967b02ccebe6f5fdd76e5b4a1a5caa32d4dea7877ed6d4e9d
tools-iuc	0dfd993e151cb880bbef237ba3d316b4dcf7ffea	tools/metaphlan/customize_metaphlan_database.xml	customize_metaphlan_database	d91267b1855d17586b1f15a2c741501507c914d7a3b625f902f8a59efdfd8bc5
tools-iuc	0dfd993e151cb880bbef237ba3d316b4dcf7ffea	tools/metaphlan/extract_metaphlan_database.xml	extract_metaphlan_database	3eb853d38a046ea69ea9c1c061a337c81649c3e4c0674187861c4f0b2fdcb95e
tools-iuc	0dfd993e151cb880bbef237ba3d316b4dcf7ffea	tools/metaphlan/merge_metaphlan_tables.xml	merge_metaphlan_tables	9650ed67245837f5d0e4eb1f4d8823a6b428d88143c8eca4aef7ed2fb26a4369
tools-iuc	0dfd993e151cb880bbef237ba3d316b4dcf7ffea	tools/metaphlan/metaphlan.xml	metaphlan	96f8424ca7666d884b469baf300a1285aec7d1f81b59f344c905a23eff9e4cae
tools-iuc	0dfd993e151cb880bbef237ba3d316b4dcf7ffea	tools/metasbt/index.xml	metasbt_index	e6e4683f042fff590c75ea47da62f44bf229f631c72ed2e6ba17b50a915e6c5f
tools-iuc	0dfd993e151cb880bbef237ba3d316b4dcf7ffea	tools/metasbt/profile.xml	metasbt_profile	f3d979166c32b4550524dde3e2380786dde97e66a45b1204ba94e212d0462109
tools-iuc	0dfd993e151cb880bbef237ba3d316b4dcf7ffea	tools/metawrapmg/metawrapmg_binning.xml	metawrapmg_binning	72dd2ba801440e1935993f0b9dc20d3f8933a2df57a6eb24fb03ab2fdb19b693
tools-iuc	0dfd993e151cb880bbef237ba3d316b4dcf7ffea	tools/metawrapmg/metawrapmg_refine.xml	metawrapmg_bin_refinement	68313bde97a8f4032089a86ff5cedc01c6b50c123711fe1104ac73ba912fed3c
tools-iuc	0dfd993e151cb880bbef237ba3d316b4dcf7ffea	tools/mg_toolkit/bulk_download.xml	mg_toolkit_bulk_download	c19547ae5f6b15af8ece70305645dd74433e871a373f76f13cd6e6a200688aae
tools-iuc	0dfd993e151cb880bbef237ba3d316b4dcf7ffea	tools/mg_toolkit/original_metadata.xml	mg_toolkit_original_metadata	c8d0150b8a7927168bb5186bd162773cecb8b8e50874962f28c144ebb0491466
tools-iuc	0dfd993e151cb880bbef237ba3d316b4dcf7ffea	tools/mgnify_genome_search/mgnify_genome_search.xml	mgnify_genome_search	d59bb666e7151231f16ff1d41c66b133cae15466c699a200795ef409c5f41a33
tools-iuc	0dfd993e151cb880bbef237ba3d316b4dcf7ffea	tools/mgnify_pipelines_toolkit/classify_var_regions.xml	mgnify_pipelines_toolkit_classify_var_regions	ebd627b835225ada53ad67d2cd009a4e470f2e8e22a2f3dc7ab8e31530e2ff4a
tools-iuc	0dfd993e151cb880bbef237ba3d316b4dcf7ffea	tools/mgnify_pipelines_toolkit/make_asv_count_table.xml	mgnify_pipelines_toolkit_make_asv_count_table	ae667e3b26b9db3b8695fa82cf90aa5b07048ff8b6db2e5ed7efda0758d80d8e
tools-iuc	0dfd993e151cb880bbef237ba3d316b4dcf7ffea	tools/mgnify_pipelines_toolkit/mapseq_to_asv_table.xml	mgnify_pipelines_toolkit_mapseq_to_asv_table	7eaeade8806b00bf0afd60b2bd6d23b7665d8fe133e6e8b3486912e15311e5f6
tools-iuc	0dfd993e151cb880bbef237ba3d316b4dcf7ffea	tools/mgnify_pipelines_toolkit/permute_primers.xml	mgnify_pipelines_toolkit_permute_primers	e9faeb5bf05c77afae001a1f25be9ad56f7aa499b5a17c55f152274f947a7a68
tools-iuc	0dfd993e151cb880bbef237ba3d316b4dcf7ffea	tools/mgnify_pipelines_toolkit/primer_val_classification.xml	mgnify_pipelines_toolkit_primer_val_classification	d92fcddc848a93e6df63104c8824b7fdb5cb3babe964b41591a8b94fcd9931c9
tools-iuc	0dfd993e151cb880bbef237ba3d316b4dcf7ffea	tools/mgnify_pipelines_toolkit/rev_comp_se_primers.xml	mgnify_pipelines_toolkit_rev_comp_se_primers	e1ccb1a7cf0fff174c4ced8fd0b4bab2cde96577b1cc015beac73d0092966dd2
tools-iuc	0dfd993e151cb880bbef237ba3d316b4dcf7ffea	tools/micro_decon/micro_decon.xml	micro_decon	c80628eed75e443a844aa15a488adf89f440f54181d5ea7cbef532262be6dfd5
tools-iuc	0dfd993e151cb880bbef237ba3d316b4dcf7ffea	tools/microsatbed/microsatbed.xml	microsatbed	0b2f6f636c38e1e5c3bab573c068239289e19d14a5d17bf1d62b86cdfb90c560
tools-iuc	0dfd993e151cb880bbef237ba3d316b4dcf7ffea	tools/migmap/migmap.xml	migmap	65b53f4db38e83e6f4f939c59f0d5333f2dc455859cb5066f2bcbd7663228d6b
tools-iuc	0dfd993e151cb880bbef237ba3d316b4dcf7ffea	tools/minia/minia.xml	minia	23282150589fa9181d75aa3cd0d6f2124b7a399d5667de81010eee0ab11be37d
tools-iuc	0dfd993e151cb880bbef237ba3d316b4dcf7ffea	tools/miniasm/miniasm.xml	miniasm	5e2a8341c065e2f92e0dfa50e5fdc5b9f2e2558285f31a8235cc599f332d3099
tools-iuc	0dfd993e151cb880bbef237ba3d316b4dcf7ffea	tools/minimap2/minimap2.xml	minimap2	5375a799b0cfb7f55493d75a5c56de08a6a8ebf1757128385cc1f8c85faf65ab
tools-iuc	0dfd993e151cb880bbef237ba3d316b4dcf7ffea	tools/miniprot/miniprot.xml	miniprot	4b12bd0b14889448b409ddfcf3ff40d06bf2ecc1869e94541902dda8639af50c
tools-iuc	0dfd993e151cb880bbef237ba3d316b4dcf7ffea	tools/miniprot/miniprot_index.xml	miniprot_index	7293a51ec0b5899158a99b32ce5e82edc4768ce6854988bd8de5b4aa6b488a4c
tools-iuc	0dfd993e151cb880bbef237ba3d316b4dcf7ffea	tools/mirmachine/mirmachine.xml	mirmachine	befa9398cc34b77c1f250b716505ea08d386e3f2f95fe0c931ccf1d14e02efa5
tools-iuc	0dfd993e151cb880bbef237ba3d316b4dcf7ffea	tools/mirnature/mirnature.xml	mirnature	18a73f235b51c7242ab77bf801aa1353ef645a094aa1102a53527c7b09d44826
tools-iuc	0dfd993e151cb880bbef237ba3d316b4dcf7ffea	tools/mist_typing/mist_call.xml	mist_call	0b26bd972a97b016577ea202c5275b7c5ee47635f9256bf974759981dadc85b3
tools-iuc	0dfd993e151cb880bbef237ba3d316b4dcf7ffea	tools/mist_typing/mist_dists.xml	mist_dists	881f229d039fa64958558a9f516b82bef9a634d0d4219e08a144917e46c3004d
tools-iuc	0dfd993e151cb880bbef237ba3d316b4dcf7ffea	tools/mitobim/mitobim.xml	mitobim	6b902967d5edadcd0cb60ba324617ca9569e670ee50c827505418b4fd2977014
tools-iuc	0dfd993e151cb880bbef237ba3d316b4dcf7ffea	tools/mitos/mitos.xml	mitos	1f99b10f9b759194f405b0c29f3d7abf7ad797f117dbe565d4edfc4a956d7ab5
tools-iuc	0dfd993e151cb880bbef237ba3d316b4dcf7ffea	tools/mitos/mitos2.xml	mitos2	28021f89a767ab2d371a7bdc5f1f58e022da6fb437b4d262b1dd6230634fd433
tools-iuc	0dfd993e151cb880bbef237ba3d316b4dcf7ffea	tools/mlst/mlst.xml	mlst	3a7acdf99fad34898356f4da1f0c43cd4f6ad4bcd7226722eae95bd7e8c65ab7
tools-iuc	0dfd993e151cb880bbef237ba3d316b4dcf7ffea	tools/mlst/mlst_list.xml	mlst_list	7995564f0847e1268893d968556e9fa768f84283850090cca5c0200ce20e08c8
tools-iuc	0dfd993e151cb880bbef237ba3d316b4dcf7ffea	tools/mmseqs2/mmseqs2_easy_cluster.xml	mmseqs2_easy_cluster	f2ee4a18c5558bd50610fa56039ca2fc0ffa51785ae95d588244d94048af1368
tools-iuc	0dfd993e151cb880bbef237ba3d316b4dcf7ffea	tools/mmseqs2/mmseqs2_easy_linclust_clustering.xml	mmseqs2_easy_linclust_clustering	8850127f52387d2a001eb68f232d30792c50eb859980b6dae1e41a14fa3722fe
tools-iuc	0dfd993e151cb880bbef237ba3d316b4dcf7ffea	tools/mmseqs2/mmseqs2_easy_linsearch.xml	mmseqs2_easy_linsearch	7879982b6e4f0147090cdb132fd8da4daf9a27f6ed1869018efc8764c1a3b807
tools-iuc	0dfd993e151cb880bbef237ba3d316b4dcf7ffea	tools/mmseqs2/mmseqs2_easy_rbh.xml	mmseqs2_easy_rbh	1d7a775e54aeae2d02376a623bd1c25f8125dd7c2fa0a674248117554f886a91
tools-iuc	0dfd993e151cb880bbef237ba3d316b4dcf7ffea	tools/mmseqs2/mmseqs2_easy_search.xml	mmseqs2_easy_search	b75172e3fbd8971be471c20f98cc2cb5b85bbe7088faf59d95f96bf1488ed3cc
tools-iuc	0dfd993e151cb880bbef237ba3d316b4dcf7ffea	tools/mmseqs2/mmseqs2_easy_taxonomy.xml	mmseqs2_easy_taxonomy	69c0eeecd5ce0c5b676ee27efc8ddd05277679731e37ac04eecc7af93b9c6dd3
tools-iuc	0dfd993e151cb880bbef237ba3d316b4dcf7ffea	tools/mmseqs2/mmseqs2_taxonomy_assignment.xml	mmseqs2_taxonomy_assignment	dcc275b5404a7973cdcd85c77e451b3d0f883d5ac7a4eeef8c7ace7e25c6d963
tools-iuc	0dfd993e151cb880bbef237ba3d316b4dcf7ffea	tools/mmuphin/mmuphin.xml	mmuphin	5daa38043d367282cd0a9ef6d6e50aaeb4089d1bad05f155d167e20ba3ff6f07
tools-iuc	0dfd993e151cb880bbef237ba3d316b4dcf7ffea	tools/moabs/moabs.xml	moabs	45e97abe9b1123285ac5f5ecfbabaa2ddcae8257344d28908110fbdaaa9b4d6f
tools-iuc	0dfd993e151cb880bbef237ba3d316b4dcf7ffea	tools/mosdepth/mosdepth.xml	mosdepth	342e6a9d2796ec8ce1ff6860c975ad77465266a00d7369a0d6961753dfd06785
tools-iuc	0dfd993e151cb880bbef237ba3d316b4dcf7ffea	tools/mothur/align.check.xml	mothur_align_check	b9a5dcfd3d2faf71404cd4134ad2c72039c6707a36416991749275f86f0371c2
tools-iuc	0dfd993e151cb880bbef237ba3d316b4dcf7ffea	tools/mothur/align.seqs.xml	mothur_align_seqs	8b540ba872d85d11b52fe837a7857685b12f7d97403fff8d5b46a8ca57ac1da6
tools-iuc	0dfd993e151cb880bbef237ba3d316b4dcf7ffea	tools/mothur/amova.xml	mothur_amova	68aede53e740263e15bfc36d850442ab77289db59b61de9237e09f6c8eaa9449
tools-iuc	0dfd993e151cb880bbef237ba3d316b4dcf7ffea	tools/mothur/anosim.xml	mothur_anosim	848d608a61df435661967980243c6ee7f4f375188c96d56e1ca4fb286bdb1a20
tools-iuc	0dfd993e151cb880bbef237ba3d316b4dcf7ffea	tools/mothur/bin.seqs.xml	mothur_bin_seqs	5896f189546ce3bdeb57e4a3df689c60a3a679b6433e5cf290e4772f18f06bbf
tools-iuc	0dfd993e151cb880bbef237ba3d316b4dcf7ffea	tools/mothur/biom.info.xml	mothur_biom_info	88b85edda5734288c14da35afa51d71e8afbd27f288c8c2a3929ebe434f1813a
tools-iuc	0dfd993e151cb880bbef237ba3d316b4dcf7ffea	tools/mothur/chimera.bellerophon.xml	mothur_chimera_bellerophon	0d90b1aee715cdae949863024f95ae3502bac76de437ceb16a8a48083eaba52e
tools-iuc	0dfd993e151cb880bbef237ba3d316b4dcf7ffea	tools/mothur/chimera.ccode.xml	mothur_chimera_ccode	a0d5cf63efda7bf586aecf7df28cc44b515044a81526ac54fbf326087c6fff0d
tools-iuc	0dfd993e151cb880bbef237ba3d316b4dcf7ffea	tools/mothur/chimera.check.xml	mothur_chimera_check	052451fb5267d1578fae75fc49fc637027d60deb31543e269831c1e8e56be216
tools-iuc	0dfd993e151cb880bbef237ba3d316b4dcf7ffea	tools/mothur/chimera.perseus.xml	mothur_chimera_perseus	bd7ad41d586c3020b7ff200fcb2f7f2e988f4935ce4ae53e417bffb97a09ad8c
tools-iuc	0dfd993e151cb880bbef237ba3d316b4dcf7ffea	tools/mothur/chimera.pintail.xml	mothur_chimera_pintail	7f9c9ffcdb5b9e054a4ddb47a835a569efb1ad76af7e5c41823c27137e1c35df
tools-iuc	0dfd993e151cb880bbef237ba3d316b4dcf7ffea	tools/mothur/chimera.slayer.xml	mothur_chimera_slayer	a608e839bf03d0adf1ed710f251dd81248c86285f102085b8983fde47466babe
tools-iuc	0dfd993e151cb880bbef237ba3d316b4dcf7ffea	tools/mothur/chimera.uchime.xml	mothur_chimera_uchime	66b6f3cfc94c9581747ddf97c884d0b4979da482f58aa77db5c58a1e23a388af
tools-iuc	0dfd993e151cb880bbef237ba3d316b4dcf7ffea	tools/mothur/chimera.vsearch.xml	mothur_chimera_vsearch	e7ae73e222e3031e413e24525b8a82b8cb17c2236144979e7bc7b0f5916d8e8c
tools-iuc	0dfd993e151cb880bbef237ba3d316b4dcf7ffea	tools/mothur/chop.seqs.xml	mothur_chop_seqs	288397cb7be94c5ecf4efc5f001724d248374bc26c7d5056bc19509f143dc7b8
tools-iuc	0dfd993e151cb880bbef237ba3d316b4dcf7ffea	tools/mothur/classify.otu.xml	mothur_classify_otu	a5d0e38c0e02b79ae282aabb1993747b1ad411f910a9b2a5ca830d58685d118f
tools-iuc	0dfd993e151cb880bbef237ba3d316b4dcf7ffea	tools/mothur/classify.seqs.xml	mothur_classify_seqs	e87aae0fd1743c4b9b0044140b2a615217a511b550a7b58bae5d8883cce6dc1e
tools-iuc	0dfd993e151cb880bbef237ba3d316b4dcf7ffea	tools/mothur/classify.tree.xml	mothur_classify_tree	70fbc92b4a30c11136a74abb331abff6bd72ec3778ea9b953f99cd958de4e620
tools-iuc	0dfd993e151cb880bbef237ba3d316b4dcf7ffea	tools/mothur/clearcut.xml	mothur_clearcut	61ae3c23e565488103db448c79a8dd0cfda660d3a80d68b2acd865106a72dc79
tools-iuc	0dfd993e151cb880bbef237ba3d316b4dcf7ffea	tools/mothur/cluster.classic.xml	mothur_cluster_classic	569195ef39fc54e0804ffbfbccf78c6f2c217cf44417c0d8c3d4ca24aec437a5
tools-iuc	0dfd993e151cb880bbef237ba3d316b4dcf7ffea	tools/mothur/cluster.fragments.xml	mothur_cluster_fragments	23cb8c3ef064cf2b7f87d447634be63a2ae7d1e64a29c012e08ecdad301ca7de
tools-iuc	0dfd993e151cb880bbef237ba3d316b4dcf7ffea	tools/mothur/cluster.split.xml	mothur_cluster_split	1b282c5cd469d053dd2d52207489855993ed952dccce17534db55a8bc112d0d3
tools-iuc	0dfd993e151cb880bbef237ba3d316b4dcf7ffea	tools/mothur/cluster.xml	mothur_cluster	080b394eabb4ba268cb3dc9822c5d273a93fdc659dcfad971770ea3207c36c8e
tools-iuc	0dfd993e151cb880bbef237ba3d316b4dcf7ffea	tools/mothur/collect.shared.xml	mothur_collect_shared	6eb519454776e0a9611543c7cac8427766d86f7f00e629842ffd4c8a3666d0b0
tools-iuc	0dfd993e151cb880bbef237ba3d316b4dcf7ffea	tools/mothur/collect.single.xml	mothur_collect_single	cf533c9be28ca6621e26f3efa07a6f8b0cb46905b103f665d98511c49ed63561
tools-iuc	0dfd993e151cb880bbef237ba3d316b4dcf7ffea	tools/mothur/consensus.seqs.xml	mothur_consensus_seqs	0edf97fcf7e0118ab2565b74fc197740a4307215228055bcd23154cf4f8f255f
tools-iuc	0dfd993e151cb880bbef237ba3d316b4dcf7ffea	tools/mothur/cooccurrence.xml	mothur_cooccurrence	b31018c3d2f8673dbd8be34844810539c6eb8c1daf3e1bd61587fb6d44f5f1b5
tools-iuc	0dfd993e151cb880bbef237ba3d316b4dcf7ffea	tools/mothur/corr.axes.xml	mothur_corr_axes	0df6cfd7464d4702fb41e1fbd6df82ad91cc8ee43ced544db651bcd2de2a0224
tools-iuc	0dfd993e151cb880bbef237ba3d316b4dcf7ffea	tools/mothur/count.groups.xml	mothur_count_groups	7603017e8c0289cfd5d32389f3e666f453c617294325a7cca150abfcda7cb6be
tools-iuc	0dfd993e151cb880bbef237ba3d316b4dcf7ffea	tools/mothur/count.seqs.xml	mothur_count_seqs	f290230337eb61edc65f50accb0bfd0541d20bc764eb8f17a2f4530741676e9d
tools-iuc	0dfd993e151cb880bbef237ba3d316b4dcf7ffea	tools/mothur/create.database.xml	mothur_create_database	18663e0667b97340cd7416e41bf8a910407ebf6aa6ece1ff07f024ca410ebc86
tools-iuc	0dfd993e151cb880bbef237ba3d316b4dcf7ffea	tools/mothur/degap.seqs.xml	mothur_degap_seqs	fa06a2fcca40e02c331317be3ccff708c30800d4edbf65de350b3aff36e2618f
tools-iuc	0dfd993e151cb880bbef237ba3d316b4dcf7ffea	tools/mothur/deunique.seqs.xml	mothur_deunique_seqs	c2240f0251fbc0eee2e461dd5316dd6afebc8d3a58b79c400b5e5138e4e89052
tools-iuc	0dfd993e151cb880bbef237ba3d316b4dcf7ffea	tools/mothur/deunique.tree.xml	mothur_deunique_tree	3a7cd0664594c572444c808aeeaca375adb0421e736b3016dc6eb5ac1a8fde3e
tools-iuc	0dfd993e151cb880bbef237ba3d316b4dcf7ffea	tools/mothur/dist.seqs.xml	mothur_dist_seqs	9b56c327c49041f0118f5dda97844ace54125e010127cf961e33f53feb6c0d6f
tools-iuc	0dfd993e151cb880bbef237ba3d316b4dcf7ffea	tools/mothur/dist.shared.xml	mothur_dist_shared	5ee45921a1b50f13a0f78e67620d9845e920c4cae926c06012107fa9d20c1e96
tools-iuc	0dfd993e151cb880bbef237ba3d316b4dcf7ffea	tools/mothur/fastq.info.xml	mothur_fastq_info	cfb3d72499fa9282e9d929bf61db6f746bce1a9e391ac99b0e72c57b18155fde
tools-iuc	0dfd993e151cb880bbef237ba3d316b4dcf7ffea	tools/mothur/filter.seqs.xml	mothur_filter_seqs	7f26878f670e596bf768f659673b202903f0ccd30865857baa7fb0b2f604aa67
tools-iuc	0dfd993e151cb880bbef237ba3d316b4dcf7ffea	tools/mothur/filter.shared.xml	mothur_filter_shared	faa9b6c73867005e5346837ff6b6225328f9256bfef70cd04317c16c9c222280
tools-iuc	0dfd993e151cb880bbef237ba3d316b4dcf7ffea	tools/mothur/get.communitytype.xml	mothur_get_communitytype	b88da5822f3191f71cf8fa68f4eb118bc78d24d7a5bede52ed8d7cb4cba11ebb
tools-iuc	0dfd993e151cb880bbef237ba3d316b4dcf7ffea	tools/mothur/get.coremicrobiome.xml	mothur_get_coremicrobiome	c1105fcb98f8305eed39376ae1e809401ba662061cc0cb9786489fe1df17de8a
tools-iuc	0dfd993e151cb880bbef237ba3d316b4dcf7ffea	tools/mothur/get.dists.xml	mothur_get_dists	83b665a82fc89db1af5a0b544e372896040cbdd535c7321ba14fcefd9b6d972d
tools-iuc	0dfd993e151cb880bbef237ba3d316b4dcf7ffea	tools/mothur/get.group.xml	mothur_get_group	02a88b12b6f57531d42883aa1033dc6562b14e4ec1345549960170ecaf1fb09d
tools-iuc	0dfd993e151cb880bbef237ba3d316b4dcf7ffea	tools/mothur/get.groups.xml	mothur_get_groups	c6bf2778d1a909e1ef167b201fdf5a0a7c1fc7f6121db904ee96a3776571df30
tools-iuc	0dfd993e151cb880bbef237ba3d316b4dcf7ffea	tools/mothur/get.label.xml	mothur_get_label	3acf0dce53c75779ffd59ebdbe7d9753796856667571fad4f8c64b1ea686d529
tools-iuc	0dfd993e151cb880bbef237ba3d316b4dcf7ffea	tools/mothur/get.lineage.xml	mothur_get_lineage	ef40228902b342a2eb0c07bbffdaf1c2607adaffb50b2346acb47bb94ff3076a
tools-iuc	0dfd993e151cb880bbef237ba3d316b4dcf7ffea	tools/mothur/get.mimarkspackage.xml	mothur_get_mimarkspackage	275573c9666bcece9b269f2d62eac208024219960b5bf41c94b58a91e856ce7f
tools-iuc	0dfd993e151cb880bbef237ba3d316b4dcf7ffea	tools/mothur/get.otulabels.xml	mothur_get_otulabels	6a6b57123b42d1af45b46107936f2df329a5575c9c379a661c28c95533e5c92c
tools-iuc	0dfd993e151cb880bbef237ba3d316b4dcf7ffea	tools/mothur/get.otulist.xml	mothur_get_otulist	6e1ce36c89a1b3524cd702d1d69b906f29257fedfd1306e35fd574a208196f88
tools-iuc	0dfd993e151cb880bbef237ba3d316b4dcf7ffea	tools/mothur/get.oturep.xml	mothur_get_oturep	7c351d70dd1170fa391fcb912da066bba21d293e18b3776612b46fb1821853b9
tools-iuc	0dfd993e151cb880bbef237ba3d316b4dcf7ffea	tools/mothur/get.otus.xml	mothur_get_otus	b710588fdfaf597be8e243dae266c61ee702700c2a6a941e6e377d436c40fb20
tools-iuc	0dfd993e151cb880bbef237ba3d316b4dcf7ffea	tools/mothur/get.rabund.xml	mothur_get_rabund	3580011e1e188512f10a29e13da55742be2300bc6173598452da97c62aba33cc
tools-iuc	0dfd993e151cb880bbef237ba3d316b4dcf7ffea	tools/mothur/get.relabund.xml	mothur_get_relabund	3d543206f41397778cce1e4867491660f61375ae8746c915f41fa958655827f0
tools-iuc	0dfd993e151cb880bbef237ba3d316b4dcf7ffea	tools/mothur/get.sabund.xml	mothur_get_sabund	e33725e40f44d32cf1633fdca3d421a3424ad0c3bc91d49a222cd5a0c7f8f33e
tools-iuc	0dfd993e151cb880bbef237ba3d316b4dcf7ffea	tools/mothur/get.seqs.xml	mothur_get_seqs	9ddf46c141715069d1eb845fca912cd74dfb2ac9340a50e95fdd22d21905ca33
tools-iuc	0dfd993e151cb880bbef237ba3d316b4dcf7ffea	tools/mothur/get.sharedseqs.xml	mothur_get_sharedseqs	57be3cad9bb7d6a9fdea580d8ee6f9fc17d16cb9e9c95d9f8aae0c3cd59c954e
tools-iuc	0dfd993e151cb880bbef237ba3d316b4dcf7ffea	tools/mothur/heatmap.bin.xml	mothur_heatmap_bin	9c737ef1a890a864e6446759b2f4ba232c4c8e84059d35e14217e26c720cac85
tools-iuc	0dfd993e151cb880bbef237ba3d316b4dcf7ffea	tools/mothur/heatmap.sim.xml	mothur_heatmap_sim	666d636f3aeb9d4e46c81fdcb419e7532b9e77319fc3679ae1acf0f2409a1135
tools-iuc	0dfd993e151cb880bbef237ba3d316b4dcf7ffea	tools/mothur/homova.xml	mothur_homova	b4baa95e33c8fcb6e6abbd6a565179d9b946dbb3dcf878812f6f6337e49518db
tools-iuc	0dfd993e151cb880bbef237ba3d316b4dcf7ffea	tools/mothur/indicator.xml	mothur_indicator	44d7b4850072b973c1763c978f46f5508af1f6c2bd397d17ccbf62d6e98456c3
tools-iuc	0dfd993e151cb880bbef237ba3d316b4dcf7ffea	tools/mothur/lefse.xml	mothur_lefse	8f9e616c9e19c82de742da15429920c5f8a28614bae565dba6d6147a7c63479e
tools-iuc	0dfd993e151cb880bbef237ba3d316b4dcf7ffea	tools/mothur/libshuff.xml	mothur_libshuff	855c42155d59ad5f76d7cc44573c5f2c200532b73326ad50e1f80f953f6ca66f
tools-iuc	0dfd993e151cb880bbef237ba3d316b4dcf7ffea	tools/mothur/list.otulabels.xml	mothur_list_otulabels	a7a4c476f6bac218c866b2a246a33d205c0e5d68fc3bc1213d164e82c9b86c34
tools-iuc	0dfd993e151cb880bbef237ba3d316b4dcf7ffea	tools/mothur/list.seqs.xml	mothur_list_seqs	2df6fa77412a2e446ae5a182714c9f87922a7b37fa2660c3bb9eff2e2162efc6
tools-iuc	0dfd993e151cb880bbef237ba3d316b4dcf7ffea	tools/mothur/make.biom.xml	mothur_make_biom	61d11c0dca5192738ee4183f212c6a38934e12191a68d7804cf8bccd824732e2
tools-iuc	0dfd993e151cb880bbef237ba3d316b4dcf7ffea	tools/mothur/make.contigs.xml	mothur_make_contigs	f0226ee752cca44f8edcdfbc2e2c3bc16f7ac8756db197398c833faeb5bfdafd
tools-iuc	0dfd993e151cb880bbef237ba3d316b4dcf7ffea	tools/mothur/make.design.xml	mothur_make_design	e03d418ee3b02914a35207f25eb412a61879b34ff94cbfd47d289ff133470351
tools-iuc	0dfd993e151cb880bbef237ba3d316b4dcf7ffea	tools/mothur/make.fastq.xml	mothur_make_fastq	3240449a0b5ba5c5767aa653a2b03533198036ab768583cbc670d7af8029df86
tools-iuc	0dfd993e151cb880bbef237ba3d316b4dcf7ffea	tools/mothur/make.group.xml	mothur_make_group	115ad18f7880df25fa38c65108c885b3890992de9f6056bbddec825b8677c785
tools-iuc	0dfd993e151cb880bbef237ba3d316b4dcf7ffea	tools/mothur/make.lefse.xml	mothur_make_lefse	1e36c67996bacc15ff568c3b18127c94c0e3a4d5bd7d38d3bda79309c22e9c6e
tools-iuc	0dfd993e151cb880bbef237ba3d316b4dcf7ffea	tools/mothur/make.lookup.xml	mothur_make_lookup	1e275ed69ad41ba1b578c72790dbcf062caf8ad572c28159c1a7a45cacea23c8
tools-iuc	0dfd993e151cb880bbef237ba3d316b4dcf7ffea	tools/mothur/make.shared.xml	mothur_make_shared	331009069dd265f448cbd2d6e2adf1c30b2b0289b78869cb740ff4daab1304fe
tools-iuc	0dfd993e151cb880bbef237ba3d316b4dcf7ffea	tools/mothur/make.sra.xml	mothur_make_sra	5bc6b113f4dbc1204968e0e0e721b7e5f0f08d9ad38cde80295946fb2b8829e5
tools-iuc	0dfd993e151cb880bbef237ba3d316b4dcf7ffea	tools/mothur/mantel.xml	mothur_mantel	c6804e43de65bd77bb26df9e38fd2e2fa52edc77108f8a81aa004cc9ed569552
tools-iuc	0dfd993e151cb880bbef237ba3d316b4dcf7ffea	tools/mothur/merge.count.xml	mothur_merge_count	ff12686138eeedfb32bc5d83dd35845bd45adf10cccc398c7de95d66cfd966b9
tools-iuc	0dfd993e151cb880bbef237ba3d316b4dcf7ffea	tools/mothur/merge.files.xml	mothur_merge_files	c237ac6b18fcea66c8e60a1f1ed77b7bd0ca031a9688b912030f26fc64b4dd89
tools-iuc	0dfd993e151cb880bbef237ba3d316b4dcf7ffea	tools/mothur/merge.groups.xml	mothur_merge_groups	b9df3c2c1604c0e0cd67c4652c69680247b1b94055ce1ab7f88feb25ce59ba0d
tools-iuc	0dfd993e151cb880bbef237ba3d316b4dcf7ffea	tools/mothur/merge.sfffiles.xml	mothur_merge_sfffiles	e8689f4701341f20d9412e8fd36733120a65de2933628ceb0d1c0484d728120e
tools-iuc	0dfd993e151cb880bbef237ba3d316b4dcf7ffea	tools/mothur/merge.taxsummary.xml	mothur_merge_taxsummary	a48c68e2d6814dd99658e571b9a980730c3e260670b9dffbd6f684909870e4dd
tools-iuc	0dfd993e151cb880bbef237ba3d316b4dcf7ffea	tools/mothur/metastats.xml	mothur_metastats	47898881069a70b1afc6e5416a750394cd9714f6a676de8746dab70d2cce5a56
tools-iuc	0dfd993e151cb880bbef237ba3d316b4dcf7ffea	tools/mothur/mimarks.attributes.xml	mothur_mimarks_attributes	75f8e465ed34d37f2084783d50e76cea1794555c4710e79cd3544d45aedc4b2b
tools-iuc	0dfd993e151cb880bbef237ba3d316b4dcf7ffea	tools/mothur/nmds.xml	mothur_nmds	bc4198787a22b45108fd67d045340615b48c3cec81de1bc47fa703a9f33e6362
tools-iuc	0dfd993e151cb880bbef237ba3d316b4dcf7ffea	tools/mothur/normalize.shared.xml	mothur_normalize_shared	115bf7141ec5be0fc65a8c4dc5a9e2c357bf017cea87ae72f534fe703bfa13ae
tools-iuc	0dfd993e151cb880bbef237ba3d316b4dcf7ffea	tools/mothur/otu.association.xml	mothur_otu_association	4bdbe3d25e79e9aff851e18d055f34e64b60b1f38c9dacbc638ec2b72449bb5b
tools-iuc	0dfd993e151cb880bbef237ba3d316b4dcf7ffea	tools/mothur/otu.hierarchy.xml	mothur_otu_hierarchy	bb151239770c5f16aa5cad9051a96851d3fcf79f7dea9713a02ff11515405b4d
tools-iuc	0dfd993e151cb880bbef237ba3d316b4dcf7ffea	tools/mothur/pairwise.seqs.xml	mothur_pairwise_seqs	957ae5896d4a15c128a8996bc4718fb2c9ce560156bbf303734c379c7176ea9a
tools-iuc	0dfd993e151cb880bbef237ba3d316b4dcf7ffea	tools/mothur/parse.list.xml	mothur_parse_list	43397ece674f285603e193e64582249cb98da5fc81a4710f114ef66023008afb
tools-iuc	0dfd993e151cb880bbef237ba3d316b4dcf7ffea	tools/mothur/parsimony.xml	mothur_parsimony	42d10156484240b4e762c71f82ae4e3fc61cf067c87910fcad3e5569da821478
tools-iuc	0dfd993e151cb880bbef237ba3d316b4dcf7ffea	tools/mothur/pca.xml	mothur_pca	6619f1bb88ed9bed3198417c6d0a2a3bbf66a39f0270c512fabed8553eafb7f1
tools-iuc	0dfd993e151cb880bbef237ba3d316b4dcf7ffea	tools/mothur/pcoa.xml	mothur_pcoa	178f9fee58e709c1685181f8f81fddc2fba64175b460e6ee76f28e8ead5921a7
tools-iuc	0dfd993e151cb880bbef237ba3d316b4dcf7ffea	tools/mothur/pcr.seqs.xml	mothur_pcr_seqs	eaa06573441b656b7f4551670f2f3ee6cb036853089bec2948eb5bf2c0956b24
tools-iuc	0dfd993e151cb880bbef237ba3d316b4dcf7ffea	tools/mothur/phylo.diversity.xml	mothur_phylo_diversity	f8cc953e035ac908ec851d2efdd427baddb18b6c6ad0a2ee732cf07cc40af7b7
tools-iuc	0dfd993e151cb880bbef237ba3d316b4dcf7ffea	tools/mothur/phylotype.xml	mothur_phylotype	ecd5734db60b91a5112115d42f1b1f46cdfefd391dd51064655745d7449c720f
tools-iuc	0dfd993e151cb880bbef237ba3d316b4dcf7ffea	tools/mothur/pre.cluster.xml	mothur_pre_cluster	8cb0ea90b39601b51d8530be3fc83112eb0d3c3926eb190aa7b82d87f3dc9dde
tools-iuc	0dfd993e151cb880bbef237ba3d316b4dcf7ffea	tools/mothur/primer.design.xml	mothur_primer_design	0609c8b504696f41018815283f842d6dd0de07cbae5cd1b0b937174ba02ec6c6
tools-iuc	0dfd993e151cb880bbef237ba3d316b4dcf7ffea	tools/mothur/rarefaction.shared.xml	mothur_rarefaction_shared	9e2444e0ff001147be657534be35672232ac0ab1f79e873235e8650d5af55f82
tools-iuc	0dfd993e151cb880bbef237ba3d316b4dcf7ffea	tools/mothur/rarefaction.single.xml	mothur_rarefaction_single	6f85acb640ad43210eb32b24d24419dfdf1ff97a7394a8e8adca59c638097f75
tools-iuc	0dfd993e151cb880bbef237ba3d316b4dcf7ffea	tools/mothur/remove.dists.xml	mothur_remove_dists	b6c2e724de1642dc9148aa8f64f6ca02346a91894070aeb106f5781fbc5ad77c
tools-iuc	0dfd993e151cb880bbef237ba3d316b4dcf7ffea	tools/mothur/remove.groups.xml	mothur_remove_groups	6e889ac642c6d9677ba634b46021465e633f3c39fcc6d160a33da09440a41904
tools-iuc	0dfd993e151cb880bbef237ba3d316b4dcf7ffea	tools/mothur/remove.lineage.xml	mothur_remove_lineage	5b8ea64abf1469690741c28f3bc98946ffdf254c839f72ddb643bca9b6a3633d
tools-iuc	0dfd993e151cb880bbef237ba3d316b4dcf7ffea	tools/mothur/remove.otulabels.xml	mothur_remove_otulabels	4ac66155aece6c2f8336cede7711d4badb0ca07f612135626561e2fdedf6fccc
tools-iuc	0dfd993e151cb880bbef237ba3d316b4dcf7ffea	tools/mothur/remove.otus.xml	mothur_remove_otus	b18229f374bc63db2770127f9b456ccdc89b473415cba937e8272ee79ec93cba
tools-iuc	0dfd993e151cb880bbef237ba3d316b4dcf7ffea	tools/mothur/remove.rare.xml	mothur_remove_rare	4fc8c88345665d3461d9bad1407d574c4c0ce45e71ba088be0cb24509f0d48c3
tools-iuc	0dfd993e151cb880bbef237ba3d316b4dcf7ffea	tools/mothur/remove.seqs.xml	mothur_remove_seqs	25da3b58bff66811a025f2f226ecf2ddca5da4ff752e864526922a474ed92cd2
tools-iuc	0dfd993e151cb880bbef237ba3d316b4dcf7ffea	tools/mothur/rename.seqs.xml	mothur_rename_seqs	228a1d4c9ba460e64ae347bb9aac42ffd365b462d1144efe9c3196ab47db3ae4
tools-iuc	0dfd993e151cb880bbef237ba3d316b4dcf7ffea	tools/mothur/reverse.seqs.xml	mothur_reverse_seqs	3a064dfc16db87b4922a69b2969f316c6030523ce9c45baaeaf473fd5f11650e
tools-iuc	0dfd993e151cb880bbef237ba3d316b4dcf7ffea	tools/mothur/screen.seqs.xml	mothur_screen_seqs	c65af36c32e1b2bfcec4c26d39d70f0caf99bcaa1e6f959c441ede1f617d5bff
tools-iuc	0dfd993e151cb880bbef237ba3d316b4dcf7ffea	tools/mothur/sens.spec.xml	mothur_sens_spec	2ece75b002e1ad23eb641a32aac18a58f833062ae2c3bb1be6e3e55dd083c4c4
tools-iuc	0dfd993e151cb880bbef237ba3d316b4dcf7ffea	tools/mothur/seq.error.xml	mothur_seq_error	bbe9574c7df346b96e8589483b904ae89bfde816fee322b94758301edc810706
tools-iuc	0dfd993e151cb880bbef237ba3d316b4dcf7ffea	tools/mothur/sffinfo.xml	mothur_sffinfo	a5a336f53df63814bea1d2d3120f8846e6450f73c2cbcdbae75b366349a11a82
tools-iuc	0dfd993e151cb880bbef237ba3d316b4dcf7ffea	tools/mothur/shhh.flows.xml	mothur_shhh_flows	b34530b52f324ece57814a09116ec57670e2a66b185001115dbefd7905612f9f
tools-iuc	0dfd993e151cb880bbef237ba3d316b4dcf7ffea	tools/mothur/shhh.seqs.xml	mothur_shhh_seqs	c082939650cee657cbe3f0550e9b8b22fa2b64f4dac7979573c13cbed8073143
tools-iuc	0dfd993e151cb880bbef237ba3d316b4dcf7ffea	tools/mothur/sort.seqs.xml	mothur_sort_seqs	9c2d9234d186665bd58dd6289eb86391a9e56a94a5cc945e294434e352084a40
tools-iuc	0dfd993e151cb880bbef237ba3d316b4dcf7ffea	tools/mothur/split.abund.xml	mothur_split_abund	bf44c113c79d551f3db09d568cedb15ba07177b3b93bb2385687aedffab9b371
tools-iuc	0dfd993e151cb880bbef237ba3d316b4dcf7ffea	tools/mothur/split.groups.xml	mothur_split_groups	4555169fcc1dc424b1d771cc722ebfc6052a6867776f00a5ea4e00710c35aff6
tools-iuc	0dfd993e151cb880bbef237ba3d316b4dcf7ffea	tools/mothur/sub.sample.xml	mothur_sub_sample	40276d045afc71a5b5bf96e0839a7c4babda1d9abbd7beeff343f7a8b0c6b8af
tools-iuc	0dfd993e151cb880bbef237ba3d316b4dcf7ffea	tools/mothur/summary.qual.xml	mothur_summary_qual	32af2c86861a7c7ed797e7780670812004c3eb4e0b934ac988b895bb65a70abb
tools-iuc	0dfd993e151cb880bbef237ba3d316b4dcf7ffea	tools/mothur/summary.seqs.xml	mothur_summary_seqs	42ec790c751e42096d5cbbff2999f2c66bbd883602150c2991bb16363665d233
tools-iuc	0dfd993e151cb880bbef237ba3d316b4dcf7ffea	tools/mothur/summary.shared.xml	mothur_summary_shared	19c9261e4ffd8db851bd696ad84c7c12946673dd65c73dda17b23f3f3f5fb06f
tools-iuc	0dfd993e151cb880bbef237ba3d316b4dcf7ffea	tools/mothur/summary.single.xml	mothur_summary_single	25c69a502828e424d34002c55c7990c3a4c4282c7e6a144bd184b437123d802a
tools-iuc	0dfd993e151cb880bbef237ba3d316b4dcf7ffea	tools/mothur/summary.tax.xml	mothur_summary_tax	a00f759035c7c9ef1fe3c67b4d64084225afe9f22a729a144ca79b8c917b7da7
tools-iuc	0dfd993e151cb880bbef237ba3d316b4dcf7ffea	tools/mothur/taxonomy-to-krona.xml	mothur_taxonomy_to_krona	a40d6e93f9054e6d72ccae4eeeb8c2b595b112ffa052410b980c8522539d744d
tools-iuc	0dfd993e151cb880bbef237ba3d316b4dcf7ffea	tools/mothur/tree.shared.xml	mothur_tree_shared	337a0c703d867479d6dcedb1f3c9efe61a102195094ef26c6a97b76b6668f60c
tools-iuc	0dfd993e151cb880bbef237ba3d316b4dcf7ffea	tools/mothur/trim.flows.xml	mothur_trim_flows	5d74f2e6e0ccc214f1d68c87970791eabc1f9066dc7043fc3b2379ce5185df2d
tools-iuc	0dfd993e151cb880bbef237ba3d316b4dcf7ffea	tools/mothur/trim.seqs.xml	mothur_trim_seqs	30f073b10cd4873f2f7471662334e43b612b289e257dd6a8b9597681fc5cb7c4
tools-iuc	0dfd993e151cb880bbef237ba3d316b4dcf7ffea	tools/mothur/unifrac.unweighted.xml	mothur_unifrac_unweighted	bdd9563a19a6f1a50217c9107a74ec9a151dff567d6caa53c91a211f3510b969
tools-iuc	0dfd993e151cb880bbef237ba3d316b4dcf7ffea	tools/mothur/unifrac.weighted.xml	mothur_unifrac_weighted	d41d5ba649e19dc231f2c66bb7454824a6961e9e08135926a9e290691f2a1ba9
tools-iuc	0dfd993e151cb880bbef237ba3d316b4dcf7ffea	tools/mothur/unique.seqs.xml	mothur_unique_seqs	ea364557f6233c23f8186a6eae37ec9968e0b5d77d062ae74cc4bd9c30b9a458
tools-iuc	0dfd993e151cb880bbef237ba3d316b4dcf7ffea	tools/mothur/venn.xml	mothur_venn	3dcd0f444b6bff555728bd5b92644e76ab516b76e8de83b76990ac51a1e044aa
tools-iuc	0dfd993e151cb880bbef237ba3d316b4dcf7ffea	tools/msaboot/msaboot.xml	msaboot	2bd2062719b72b7c8412513da9ee1aa6b8d8a3be3ed05e1561a2f574657c9d9c
tools-iuc	0dfd993e151cb880bbef237ba3d316b4dcf7ffea	tools/mtnucratio/mtnucratio.xml	mtnucratio	de60a0769196bcc8ac14965958e32eb7ae81b0edda7d6530c18b8f8e6a0792b3
tools-iuc	0dfd993e151cb880bbef237ba3d316b4dcf7ffea	tools/multigps/multigps.xml	multigps	4f0e1054e2c7602a1dc3cf8294e70e9953b98c9b02269137e0cf63b4eaed0069
tools-iuc	0dfd993e151cb880bbef237ba3d316b4dcf7ffea	tools/multigsea/multigsea.xml	multigsea	bc7caa4e4b2396444450c13311acdb05095e8ca96433d4335b84e5a0dc743b2b
tools-iuc	0dfd993e151cb880bbef237ba3d316b4dcf7ffea	tools/multiqc/multiqc.xml	multiqc	77770bbd7e64779d29a8f0217e216d8f2b930f836c241e680cee7124b91bff10
tools-iuc	0dfd993e151cb880bbef237ba3d316b4dcf7ffea	tools/mummer4/delta-filter.xml	mummer_delta_filter	5f9f6f939cd9c29baf81aa991e533c01a04db5f90c47ecd9a224e9995a8c3300
tools-iuc	0dfd993e151cb880bbef237ba3d316b4dcf7ffea	tools/mummer4/dnadiff.xml	mummer_dnadiff	bccdde34f447be6da7fe1e12dc05fb15fff7b0dfae77a4b4ed8146199a64d900
tools-iuc	0dfd993e151cb880bbef237ba3d316b4dcf7ffea	tools/mummer4/mummer.xml	mummer_mummer	03e00ee628865d297f54951178cc5411cf2c05aef21227907f1fbff707b0dca6
tools-iuc	0dfd993e151cb880bbef237ba3d316b4dcf7ffea	tools/mummer4/mummerplot.xml	mummer_mummerplot	686ff7727f00c3cb55ab122b8a8804f714dd8a3496e9668a749a335e2f3f240d
tools-iuc	0dfd993e151cb880bbef237ba3d316b4dcf7ffea	tools/mummer4/nucmer.xml	mummer_nucmer	8e073ce1a09a8202908a75e79cb7d83e6b55a93e6ca0f92359d572cc88b92ad3
tools-iuc	0dfd993e151cb880bbef237ba3d316b4dcf7ffea	tools/mummer4/show-coords.xml	mummer_show_coords	57f757f1795ebc4b978c505065fbf3477c99e83d21e8dc4cd98cfaf6cc8df6b2
tools-iuc	0dfd993e151cb880bbef237ba3d316b4dcf7ffea	tools/muon/cluster_analyze_embed_muon.xml	cluster_analyze_embed_muon	7ccb878ce996b68c80b52a8af96686b890ebaede8d51eda77f6f154dcddbc3e4
tools-iuc	0dfd993e151cb880bbef237ba3d316b4dcf7ffea	tools/muon/mudata_import_export.xml	mudata_import_export	218047c0214bab29182d9f6ac208b68c6290858e965334b50afa2baa5bbdfc9e
tools-iuc	0dfd993e151cb880bbef237ba3d316b4dcf7ffea	tools/muon/plot_muon.xml	plot_muon	e30e038deb4bad4ae3d084d8e890d6008c6079c9ee891ec35b245ec1204ca8c1
tools-iuc	0dfd993e151cb880bbef237ba3d316b4dcf7ffea	tools/muon/preprocess_muon.xml	preprocess_muon	835368565d2c24fbe9bf85e7b1bdc86bcf3fc53494b8398d21be591edea4d646
tools-iuc	0dfd993e151cb880bbef237ba3d316b4dcf7ffea	tools/mykrobe/mykrobe_predict.xml	mykrobe_predict	764cb0c7b53ab096fbc846dbc66769bc3561a28f1374a038a5a55cfc880c83e7
tools-iuc	0dfd993e151cb880bbef237ba3d316b4dcf7ffea	tools/mzmine/mzmine_batch.xml	mzmine_batch	62af00879d88301eaaf952cedd7fe451b95baf534420562dc2c1a6fa59310ef8
tools-iuc	0dfd993e151cb880bbef237ba3d316b4dcf7ffea	tools/naltorfs/bicodon_counts_from_fasta.xml	bicodon_counts_from_fasta	6f59a626071e51892ea3a762bb8209b2bb19720dd84edc7ddbcec05edd7cdffa
tools-iuc	0dfd993e151cb880bbef237ba3d316b4dcf7ffea	tools/naltorfs/codon_freq_from_bicodons.xml	codon_freq_from_bicodons	e567ca2b03cd1208e412f0ea44146832f2f9ccb1c52a6535e516a4342ce9a14d
tools-iuc	0dfd993e151cb880bbef237ba3d316b4dcf7ffea	tools/naltorfs/find_nested_alt_orfs.xml	find_nested_alt_orfs	421a4d1f2b84c79d431fcde9f940bb410888cdb9563ba7d753eb548cb0944ad1
tools-iuc	0dfd993e151cb880bbef237ba3d316b4dcf7ffea	tools/nanocomp/nanocomp.xml	nanocomp	d214ddda9d42b0d445ec273701352a4e880c27e97baa11452351c6c2cdd2bb02
tools-iuc	0dfd993e151cb880bbef237ba3d316b4dcf7ffea	tools/nanocompore/nanocompore_db.xml	nanocompore_db	64bdf6faa29f0af70d4b4a4571f89a7ad2629b8ffd448f5273255308deb124ce
tools-iuc	0dfd993e151cb880bbef237ba3d316b4dcf7ffea	tools/nanocompore/sampcomp.xml	nanocompore_sampcomp	a2122b99169c40b9c69614290a526e6ca53f6edd656ecb4c7b86b337b61bfdde
tools-iuc	0dfd993e151cb880bbef237ba3d316b4dcf7ffea	tools/nanoplot/nanoplot.xml	nanoplot	0b7e9326ebcb19ed86f0faa3bd83a8dc6022815c8c31654bdba18b453b503f15
tools-iuc	0dfd993e151cb880bbef237ba3d316b4dcf7ffea	tools/nanopolishcomp/eventaligncollapse.xml	nanopolishcomp_eventaligncollapse	095ed295e054fc0a9f743e3649c13bfb8269233205f79c911086d0b5e913a782
tools-iuc	0dfd993e151cb880bbef237ba3d316b4dcf7ffea	tools/nanopolishcomp/freqmethcalculate.xml	nanopolishcomp_freqmethcalculate	c61ba761af7179cddf8b786ef9b468af3063284b3432e040fc27d148c16d472e
tools-iuc	0dfd993e151cb880bbef237ba3d316b4dcf7ffea	tools/ncbi_acc_download/ncbi_acc_download.xml	ncbi_acc_download	a320faf32756780bfe00795322420ab234ee06e4764fac3077243b7ba1446678
tools-iuc	0dfd993e151cb880bbef237ba3d316b4dcf7ffea	tools/ncbi_datasets/datasets_gene.xml	datasets_download_gene	347571861affa1d6017890e83f35ef6baa31d9fca91ee53f71a3517c4c94ab7e
tools-iuc	0dfd993e151cb880bbef237ba3d316b4dcf7ffea	tools/ncbi_datasets/datasets_genome.xml	datasets_download_genome	b26eca6895092228630c8a9de6d66495aa4d841c46d5f754e05de230bf95e8f1
tools-iuc	0dfd993e151cb880bbef237ba3d316b4dcf7ffea	tools/ncbi_entrez_direct/efetch.xml	ncbi_entrez_direct_efetch	13bd1d12eeeca6187b17faadefc3968a04a2dbb31519c27a81c6d2801d46a210
tools-iuc	0dfd993e151cb880bbef237ba3d316b4dcf7ffea	tools/ncbi_entrez_direct/einfo.xml	ncbi_entrez_direct_einfo	a26ad18de493e5f9448add87ef01f5bfdb28dd79f15d6b8e727ee5b89306b904
tools-iuc	0dfd993e151cb880bbef237ba3d316b4dcf7ffea	tools/ncbi_entrez_direct/esearch.xml	ncbi_entrez_direct_esearch	7d137e946801ee0a107c5cf3bec7ec00eb1a35ce03b997b900d39522221b098b
tools-iuc	0dfd993e151cb880bbef237ba3d316b4dcf7ffea	tools/ncbi_entrez_eutils/ecitmatch.xml	ncbi_eutils_ecitmatch	09d37ffe4f6faf6027db419a632f96df08846bcc8044e5435c9a7c50e100172c
tools-iuc	0dfd993e151cb880bbef237ba3d316b4dcf7ffea	tools/ncbi_entrez_eutils/efetch.xml	ncbi_eutils_efetch	68290d668ae16a195941756e3d56ae8f99b6e713c45802ae162183d0b603ff4e
tools-iuc	0dfd993e151cb880bbef237ba3d316b4dcf7ffea	tools/ncbi_entrez_eutils/einfo.xml	ncbi_eutils_einfo	cdcf6decf26c400afd0747304326546d6d6bb37578a62698dca268144adefa84
tools-iuc	0dfd993e151cb880bbef237ba3d316b4dcf7ffea	tools/ncbi_entrez_eutils/elink.xml	ncbi_eutils_elink	c9121cac63c499b324f89da4a6729d326a906b9b5f42dd043c2f87bd710b783b
tools-iuc	0dfd993e151cb880bbef237ba3d316b4dcf7ffea	tools/ncbi_entrez_eutils/epost.xml	ncbi_eutils_epost	17017c3c33fd8066cddfe91af9d4b71ac48ec97307d980401e12c4d95cda2c37
tools-iuc	0dfd993e151cb880bbef237ba3d316b4dcf7ffea	tools/ncbi_entrez_eutils/esearch.xml	ncbi_eutils_esearch	5aa982c026c9ea7049f6e2b96ce843d41eb0ad1d77e66260b12b4e5e747fbc52
tools-iuc	0dfd993e151cb880bbef237ba3d316b4dcf7ffea	tools/ncbi_entrez_eutils/esummary.xml	ncbi_eutils_esummary	28d8f2691feeb33e7d137d42a95e4534920fd4e5a61edab699ce688971f3c93b
tools-iuc	0dfd993e151cb880bbef237ba3d316b4dcf7ffea	tools/ncbi_fcs_gx/ncbi_fcs_gx.xml	ncbi_fcs_gx	ae09f6a6d062b7c795322ca8b1bb163f4398dc6a766afb344e4c5b21c46d84a9
tools-iuc	0dfd993e151cb880bbef237ba3d316b4dcf7ffea	tools/necat/necat.xml	necat	9c8364f4e71d30d17a6089877e01f8aff526a2d78f95d894677eedf4c1dc923d
tools-iuc	0dfd993e151cb880bbef237ba3d316b4dcf7ffea	tools/neighbors/neighbors.xml	neighbors	5c24f449ce751f11a39a31906be32084a75a080ecdb9daa811f9dc81079de4ef
tools-iuc	0dfd993e151cb880bbef237ba3d316b4dcf7ffea	tools/newick_utils/newick_display.xml	newick_display	6dc646b8668d1470936b0ce1a865c34dac0deaf4b972b382ac9f2b4215adbb3a
tools-iuc	0dfd993e151cb880bbef237ba3d316b4dcf7ffea	tools/nextclade/nextalign.xml	nextalign	e5509e828b20c90230b27aa5c72e0897fc15ce613c9db08ee8f7a1cdfb7e7df7
tools-iuc	0dfd993e151cb880bbef237ba3d316b4dcf7ffea	tools/nextclade/nextclade.xml	nextclade	f4b355b70dd50a6e4b5455acc133b1f175d7de16866e7b529b8adf408bfec40c
tools-iuc	0dfd993e151cb880bbef237ba3d316b4dcf7ffea	tools/ngmlr/ngmlr.xml	ngmlr	12d3e252bf8fdee3f33a1f990adbf6492ca76f41c59a643aa51449582131988e
tools-iuc	0dfd993e151cb880bbef237ba3d316b4dcf7ffea	tools/ngsderive/ngsderive_strandedness.xml	ngsderive_strandedness	f80e782947ba331c367e68dd6159bead17d89dc8c50911e55d5cbec161a5536a
tools-iuc	0dfd993e151cb880bbef237ba3d316b4dcf7ffea	tools/ngsutils/bam_filter.xml	ngsutils_bam_filter	5a6d1b2351e09d68505900ee01a7fed53aaf50092d9454e180baa8e66a41fc82
tools-iuc	0dfd993e151cb880bbef237ba3d316b4dcf7ffea	tools/nonpareil/nonpareil.xml	nonpareil	ae72c1fe14b8b5ddb55cd36f5e2e3b76cffef285983847b9b4c42ddb5cb2d6a4
tools-iuc	0dfd993e151cb880bbef237ba3d316b4dcf7ffea	tools/novoplasty/novoplasty.xml	novoplasty	442cc49b1d3ff2d3a5a2b8f15278f2724901f54d04b82eb81b70ceee0effa878
tools-iuc	0dfd993e151cb880bbef237ba3d316b4dcf7ffea	tools/nugen_nudup/nugen_nudup.xml	nugen_nudup	0f6cbca742ac222b200938369df5cd8fa5aae8a384b8c7e9843ef84bb6b3defb
tools-iuc	0dfd993e151cb880bbef237ba3d316b4dcf7ffea	tools/obitools/obiannotate.xml	obi_annotate	b427eaca2e9878cece9f9492eb2b068d5624053a951e57db02467bea8ba3125b
tools-iuc	0dfd993e151cb880bbef237ba3d316b4dcf7ffea	tools/obitools/obiclean.xml	obi_clean	ce45f17ebef55f341aed591c3a52dfabd27fca17e6d86c102304428b4088469b
tools-iuc	0dfd993e151cb880bbef237ba3d316b4dcf7ffea	tools/obitools/obiconvert.xml	obi_convert	eb81ccb5bb8c3859f00c70ebc2e837ff22beca885f32390b61316e2f1eeb537a
tools-iuc	0dfd993e151cb880bbef237ba3d316b4dcf7ffea	tools/obitools/obigrep.xml	obi_grep	3c7eb9614e2ee7f8f9431a6178d6d05b115c6291d418e980ba2638f989ab9c27
tools-iuc	0dfd993e151cb880bbef237ba3d316b4dcf7ffea	tools/obitools/obimultiplex.xml	obi_multiplex	c3ab759e72d0df11c9b2aad7b60406c1dbd6f06f26bfb5103b4bde15d7236be2
tools-iuc	0dfd993e151cb880bbef237ba3d316b4dcf7ffea	tools/obitools/obipairing.xml	obi_pairing	680254b06bffafde4941dabe7b4bf9c4606a6460653280c1a692d4384edaef24
tools-iuc	0dfd993e151cb880bbef237ba3d316b4dcf7ffea	tools/obitools/obiuniq.xml	obi_uniq	39ec8f38c8d6114a5f80c7831ac81b9d27005a8dc916c5ccbed4c237b243d16e
tools-iuc	0dfd993e151cb880bbef237ba3d316b4dcf7ffea	tools/ococo/ococo.xml	ococo	c15c5b0c0fc9e240041918de5fc3644cef4f8a50369073683474e1e346cf5373
tools-iuc	0dfd993e151cb880bbef237ba3d316b4dcf7ffea	tools/odgi/build.xml	odgi_build	61d733b6465af7a402d9b0363dda2a35bc04e1d99a10b94de8a809362147f345
tools-iuc	0dfd993e151cb880bbef237ba3d316b4dcf7ffea	tools/odgi/vis.xml	odgi_viz	b0647818c29476fb76ff232185170c3440a6f4b0a788d5e4e53aaf42588bfb38
tools-iuc	0dfd993e151cb880bbef237ba3d316b4dcf7ffea	tools/omark/omark.xml	omark	5305652b8f2bd753b6cffde94c831e4f70637dc6bc4b10de9cfeddc8bf16c4f6
tools-iuc	0dfd993e151cb880bbef237ba3d316b4dcf7ffea	tools/ont_fast5_api/compress_fast5.xml	ont_fast5_api_compress_fast5	ba92d137cd1c32de24aca81e6fbc260007d13dccda7e73634f339e10d326464b
tools-iuc	0dfd993e151cb880bbef237ba3d316b4dcf7ffea	tools/ont_fast5_api/fast5_subset.xml	ont_fast5_api_fast5_subset	58295ead11e12711eb2f789cc5adfe9abd924eb1c67b886fe4d487cba08cb978
tools-iuc	0dfd993e151cb880bbef237ba3d316b4dcf7ffea	tools/ont_fast5_api/multi_to_single_fast5.xml	ont_fast5_api_multi_to_single_fast5	3c2130c8c7d674a80ee31f5a4f62000f33d8202f084fa4d85afceec6c4fb42cc
tools-iuc	0dfd993e151cb880bbef237ba3d316b4dcf7ffea	tools/ont_fast5_api/single_to_multi_fast5.xml	ont_fast5_api_single_to_multi_fast5	882d8cbb827a2ec0963fc58dcb3171bd9a69910391d10cbb6a2669bf895638c0
tools-iuc	0dfd993e151cb880bbef237ba3d316b4dcf7ffea	tools/onto_toolkit/get_ancestor_terms.xml	onto_tk_get_ancestor_terms	26c6f1429d5ac1b604b6fa91f45a5e5d07a36b3b62a614e56febd1b853f6c52d
tools-iuc	0dfd993e151cb880bbef237ba3d316b4dcf7ffea	tools/onto_toolkit/get_child_terms.xml	onto_tk_get_child_terms	71006693967e123153138fd61951352a0e1b13159cb3dfe53e7688d3eeb4d39b
tools-iuc	0dfd993e151cb880bbef237ba3d316b4dcf7ffea	tools/onto_toolkit/get_descendent_terms.xml	onto_tk_get_descendent_terms	6ed0a0613e010763b2370f56ff5f1b864838783e32e88f383bcc63d3a7690266
tools-iuc	0dfd993e151cb880bbef237ba3d316b4dcf7ffea	tools/onto_toolkit/get_parent_terms.xml	onto_tk_get_parent_terms	368b269a21cd54c13520efa74a8dd26548ebc1c8e7f161a58cdb2407576c2131
tools-iuc	0dfd993e151cb880bbef237ba3d316b4dcf7ffea	tools/onto_toolkit/get_parent_terms_by_relationship_type.xml	onto_tk_get_parent_terms_by_relationship_type	55f4c0252b56e97a8d2ded17f3c8e1d13fd2b12db2c7e99eb30266f26d8a85c0
tools-iuc	0dfd993e151cb880bbef237ba3d316b4dcf7ffea	tools/onto_toolkit/get_relationship_id_vs_relationship_def.xml	onto_tk_get_relationship_id_vs_relationship_def	9dbdf48b8184d4eb26212efae6ee9cfc1ce5497516e0579641d22897461d5364
tools-iuc	0dfd993e151cb880bbef237ba3d316b4dcf7ffea	tools/onto_toolkit/get_relationship_id_vs_relationship_name.xml	onto_tk_get_relationship_id_vs_relationship_name	8500c01f4bba8e51ed1997b461b9846003b0ffb04b2385c4466d96da2dd3ef0d
tools-iuc	0dfd993e151cb880bbef237ba3d316b4dcf7ffea	tools/onto_toolkit/get_relationship_id_vs_relationship_namespace.xml	onto_tk_get_relationship_id_vs_relationship_namespace	0c586f18d9560a25541e8116ef5392207e7394d3e1ebaef36d7486d218979d15
tools-iuc	0dfd993e151cb880bbef237ba3d316b4dcf7ffea	tools/onto_toolkit/get_relationship_types.xml	onto_tk_get_relationship_types	3aa0d7d9d1b75aa5350945b958452991732b0ceda7c984e25453b3876eb3a418
tools-iuc	0dfd993e151cb880bbef237ba3d316b4dcf7ffea	tools/onto_toolkit/get_root_terms.xml	onto_tk_get_root_terms	cc525d2db1a6aa90cd17e5a30613b1be6901946b4c16dfe8b2f695e6af52520f
tools-iuc	0dfd993e151cb880bbef237ba3d316b4dcf7ffea	tools/onto_toolkit/get_subontology_from.xml	onto_tk_get_subontology_from	7d5d219e5df713de988a1edcf918506bb0a78c732be73d047f9bd393911fb73b
tools-iuc	0dfd993e151cb880bbef237ba3d316b4dcf7ffea	tools/onto_toolkit/get_term_id_vs_term_def.xml	onto_tk_term_id_vs_term_def	41c2d6ee3df4413ec99867f6b74ee12cf2a62fa0dbf992ee4198b3b6bb209207
tools-iuc	0dfd993e151cb880bbef237ba3d316b4dcf7ffea	tools/onto_toolkit/get_term_id_vs_term_name.xml	onto_tk_term_id_vs_term_name	a4080a21dc23392399b04fcdedaec6f9c78ad5cf59813263001f44be68ab20c8
tools-iuc	0dfd993e151cb880bbef237ba3d316b4dcf7ffea	tools/onto_toolkit/get_term_synonyms.xml	onto_tk_get_term_synonyms	1d6a866f09f51e3dc94f47f1d6fc0dbc5af9a061459d6de957a1dcab2f93fab1
tools-iuc	0dfd993e151cb880bbef237ba3d316b4dcf7ffea	tools/onto_toolkit/get_terms.xml	onto_tk_get_terms	1b93eb567b70e967712bbc4cebae4356884fa61e68a71363d47518b3234225d1
tools-iuc	0dfd993e151cb880bbef237ba3d316b4dcf7ffea	tools/onto_toolkit/get_terms_by_relationship_type.xml	onto_tk_get_terms_by_relationship_type	d0710f582738b95862ea51ba32de634ff3f24a9eea52fa736358c301f1420b9b
tools-iuc	0dfd993e151cb880bbef237ba3d316b4dcf7ffea	tools/onto_toolkit/obo2owl.xml	onto_tk_obo2owl	d84ff1807f6b2cdb4b10500bc4f253c41bb182f4a5497776d5f61a35ac479927
tools-iuc	0dfd993e151cb880bbef237ba3d316b4dcf7ffea	tools/onto_toolkit/obo2rdf.xml	onto_tk_obo2rdf	9c90c80db7d74f8bf22a80ac0e23a3d15be0dd9907ad10535c53d5f38c814e8a
tools-iuc	0dfd993e151cb880bbef237ba3d316b4dcf7ffea	tools/onto_toolkit/term_id_vs_term_def.xml	onto_tk_term_id_vs_term_def	fd78b23107d765677e5c45459550c6f607798c3b7dfdf19b15c8289333a3f87c
tools-iuc	0dfd993e151cb880bbef237ba3d316b4dcf7ffea	tools/openalex/openalex.xml	openalex_explorer	fb247caf82fba65916298fb6655bd0eec4178dd4c4df092ddb42ed71c1e0c625
tools-iuc	0dfd993e151cb880bbef237ba3d316b4dcf7ffea	tools/optdoe/optdoe.xml	optdoe	51b372945c46c35462f0cf59223bb3c5d6f66dfef2dd41f9225918319537ab4b
tools-iuc	0dfd993e151cb880bbef237ba3d316b4dcf7ffea	tools/optitype/optitype.xml	optitype	2b9970afc7256066c2c57e335226cce0d8cb5faef1ef20a66da1d88022281d03
tools-iuc	0dfd993e151cb880bbef237ba3d316b4dcf7ffea	tools/orfipy/orfipy.xml	orfipy	8e85b223751c77576bfacdaf2138801d80cf6fe58c985188ebcea5623bde8add
tools-iuc	0dfd993e151cb880bbef237ba3d316b4dcf7ffea	tools/orthofinder/orthofinder_only_groups.xml	orthofinder_onlygroups	fb3da3806ddd2c8eecb5ffa4d793783092d6f373f21a79afa196f26b4bde950e
tools-iuc	0dfd993e151cb880bbef237ba3d316b4dcf7ffea	tools/packaged_annotation_loader/load_annotations.xml	packaged_annotation_loader	9ffedd9ccd25196ae5e0fcc0b68fc13b1259124e258ae89d51980de757943b09
tools-iuc	0dfd993e151cb880bbef237ba3d316b4dcf7ffea	tools/pacu/pacu_map.xml	pacu_map	2836820d1069da250f43d664f4db6b3519d33a93af42ad49b4229db2488188dd
tools-iuc	0dfd993e151cb880bbef237ba3d316b4dcf7ffea	tools/pacu/pacu_snp.xml	pacu_snp	5658392abaf5cebd9a47ab796ae5363880d14221d6101590332e5471d5e46b9b
tools-iuc	0dfd993e151cb880bbef237ba3d316b4dcf7ffea	tools/paffy/paffy_add_mismatches.xml	paffy_add_mismatches	e357515d15c4b135b217bdff2b7659337bfbb0456b3595524c2ac2b9d238433c
tools-iuc	0dfd993e151cb880bbef237ba3d316b4dcf7ffea	tools/paffy/paffy_chain.xml	paffy_chain	dac4929d74c36b6ae2a15b6cebb0dc37d95d6de9f802f3749f5c56932a06414e
tools-iuc	0dfd993e151cb880bbef237ba3d316b4dcf7ffea	tools/paffy/paffy_dechunk.xml	paffy_dechunk	b9894a797cf24834c108fc235f5cc975540cfa692e5a29d45168bd246a5628e8
tools-iuc	0dfd993e151cb880bbef237ba3d316b4dcf7ffea	tools/paffy/paffy_dedupe.xml	paffy_dedupe	0046ea1d146bc203b2dd5dda5cf4371293de5582d233cd99b6f116efb4092b9e
tools-iuc	0dfd993e151cb880bbef237ba3d316b4dcf7ffea	tools/paffy/paffy_filter.xml	paffy_filter	bd3e1711bd6b24a8fd2c12bd0162b02b4d5dce8c8b0968e86cfe4e16a80a59e6
tools-iuc	0dfd993e151cb880bbef237ba3d316b4dcf7ffea	tools/paffy/paffy_invert.xml	paffy_invert	16946901402d42450e21637e9187b36f48c7c4d662059145a5537caf4e0d7e27
tools-iuc	0dfd993e151cb880bbef237ba3d316b4dcf7ffea	tools/paffy/paffy_shatter.xml	paffy_shatter	d0efc523905c21b5021e890b86aa0f96e69cb6d27d2628954803ff9466ea5187
tools-iuc	0dfd993e151cb880bbef237ba3d316b4dcf7ffea	tools/paffy/paffy_tile.xml	paffy_tile	cfd75332dbf4717fcadad2961d3c33afda4c605d5e991b9f585483e3f55d4bd8
tools-iuc	0dfd993e151cb880bbef237ba3d316b4dcf7ffea	tools/paffy/paffy_to_bed.xml	paffy_to_bed	9da8914ddd0c8bfd6b41f9ddaf0bca76caab8c7cb5c7c100f2920caac4d9067b
tools-iuc	0dfd993e151cb880bbef237ba3d316b4dcf7ffea	tools/paffy/paffy_trim.xml	paffy_trim	42f70b883a16fceae92d5ce156da9e39b1585030e31d88aa791f5ea3e2ac30a2
tools-iuc	0dfd993e151cb880bbef237ba3d316b4dcf7ffea	tools/paffy/paffy_upconvert.xml	paffy_upconvert	c7e9ccf1aa8f4ffc07e0b22b77af497d87db40be5a169035cdd3f0a7dde9c7aa
tools-iuc	0dfd993e151cb880bbef237ba3d316b4dcf7ffea	tools/paffy/paffy_view.xml	paffy_view	4ff954447af692731902c23c7740e58cf502495204a374e441189a2d8cb115b2
tools-iuc	0dfd993e151cb880bbef237ba3d316b4dcf7ffea	tools/page_dewarp/page_dewarp.xml	page_dewarp	0f66d62372d863cda301b826ff1085ec8a9c99b600090260c18e3a798180fa68
tools-iuc	0dfd993e151cb880bbef237ba3d316b4dcf7ffea	tools/pairtools/dedup.xml	pairtools_dedup	c6541453a034e21da0cf95d9a584bdf369f9e1bdf786a01911968b1c55c7b6ad
tools-iuc	0dfd993e151cb880bbef237ba3d316b4dcf7ffea	tools/pairtools/parse.xml	pairtools_parse	db7b947991ef10fdbf46810cb2f7625542841ce16a7ced94be2567debbc374a3
tools-iuc	0dfd993e151cb880bbef237ba3d316b4dcf7ffea	tools/pairtools/sort.xml	pairtools_sort	0216ea985d347c75b6ab61a07ff3f8ca3039e0c86d047e2a6b58d790b14bc6f3
tools-iuc	0dfd993e151cb880bbef237ba3d316b4dcf7ffea	tools/pairtools/split.xml	pairtools_split	b45a0e28fa66deea86a72d3e23180155db3928dbd133ac37a0e4e0c985fa3187
tools-iuc	0dfd993e151cb880bbef237ba3d316b4dcf7ffea	tools/pairtools/stats.xml	pairtools_stats	f24e74ea9f5a56c2f5ba7ef85ee3b4b35b2d00d8b9278e38d49b36dddf71a554
tools-iuc	0dfd993e151cb880bbef237ba3d316b4dcf7ffea	tools/pal2nal/pal2nal.xml	pal2nal	c9b7658e13bb0911c839da4bd5b441dc87294f3b4450ff1a0aafb48ae212cd86
tools-iuc	0dfd993e151cb880bbef237ba3d316b4dcf7ffea	tools/panaroo/panaroo.xml	panaroo	4d2ddd370637fb30d1e1a31470cb75abc4b105423175660daf6ae7daede4c4ae
tools-iuc	0dfd993e151cb880bbef237ba3d316b4dcf7ffea	tools/pangolin/pangolin.xml	pangolin	f007bc27ae5292bd330f13d3ca331515af30670ae271ff1d8b7036a9a2742527
tools-iuc	0dfd993e151cb880bbef237ba3d316b4dcf7ffea	tools/panta/panta.xml	panta	ea0f61802011d5afd5034bffb6821d55ab9272eab2f6589dffc556b016015a9e
tools-iuc	0dfd993e151cb880bbef237ba3d316b4dcf7ffea	tools/parse_mito_blast/parse_mito_blast.xml	parse_mito_blast	aaf3c8eb407848e22a59f9d1b9a9317a78103380eeeee2f525db17610d304150
tools-iuc	0dfd993e151cb880bbef237ba3d316b4dcf7ffea	tools/pathview/pathview.xml	pathview	140208c261f1f442985d8766f52046fb9d4a87205f08a0eabf7926a26631f8cb
tools-iuc	0dfd993e151cb880bbef237ba3d316b4dcf7ffea	tools/pbgcpp/pbgcpp.xml	pbgcpp	d9e3d39f9e85972a0496b38188651fad35d3629e5bdc5b83aebbb37f1dc2d179
tools-iuc	0dfd993e151cb880bbef237ba3d316b4dcf7ffea	tools/pbmm2/pbmm2.xml	pbmm2	74a1c034db290cb84830b4ccd130bbe7f93f0f6dbe0ad1b10c9398f084773cdb
tools-iuc	0dfd993e151cb880bbef237ba3d316b4dcf7ffea	tools/pbtk/bam2fastx.xml	bam2fastx	f899f4b3c4ffaa8a13a34f5eaf260ced2132ddd7f2638609098a2208192366c3
tools-iuc	0dfd993e151cb880bbef237ba3d316b4dcf7ffea	tools/pcdl/pcdl_get_anndata.xml	pcdl_get_anndata	82b418dec16719bb46a196c0415dba828287960e24cea88ef330f08aceafe708
tools-iuc	0dfd993e151cb880bbef237ba3d316b4dcf7ffea	tools/pcdl/pcdl_get_cell_attribute.xml	pcdl_get_cell_attribute	5d7b772d0952b1deb7b94496668d95894904bb924155034151a19112753bc2f5
tools-iuc	0dfd993e151cb880bbef237ba3d316b4dcf7ffea	tools/pcdl/pcdl_get_cell_attribute_list.xml	pcdl_get_cell_attribute_list	96e3fe4d283161086ab0446f7b43b4f56b75f6e0918ffd1510428479f5434267
tools-iuc	0dfd993e151cb880bbef237ba3d316b4dcf7ffea	tools/pcdl/pcdl_get_cell_df.xml	pcdl_get_cell_df	d06460d64d8d41f391db5ad9d181bb2aa4964364fcf7f72a36bacdb0db553c47
tools-iuc	0dfd993e151cb880bbef237ba3d316b4dcf7ffea	tools/pcdl/pcdl_get_celltype_list.xml	pcdl_get_celltype_list	596136720147cea092e94d137209ed4e39a55480e3fd184c5ca18ec0e7ad561a
tools-iuc	0dfd993e151cb880bbef237ba3d316b4dcf7ffea	tools/pcdl/pcdl_get_conc_attribute.xml	pcdl_get_conc_attribute	972e99a4043ebbcbaa32bde1843d4224c49dec91bad9c609db757e1cfccbc664
tools-iuc	0dfd993e151cb880bbef237ba3d316b4dcf7ffea	tools/pcdl/pcdl_get_conc_df.xml	pcdl_get_conc_df	4397db0bc3e47490a4e06e2087d108b8236aec7f810628c30e3f22307c77fe8e
tools-iuc	0dfd993e151cb880bbef237ba3d316b4dcf7ffea	tools/pcdl/pcdl_get_substrate_list.xml	pcdl_get_substrate_list	7c916450e7c21e8cd51fbddda81d46f331e10a44f2b98964539a74257532c738
tools-iuc	0dfd993e151cb880bbef237ba3d316b4dcf7ffea	tools/pcdl/pcdl_get_unit_dict.xml	pcdl_get_unit_dict	d461db62bf25b821ead2d07861cdc448ef7d18eace5b25082058996bf3b30307
tools-iuc	0dfd993e151cb880bbef237ba3d316b4dcf7ffea	tools/pcdl/pcdl_get_version.xml	pcdl_get_version	2a4641f34810484de35759cfd53e924118a4ec67f9af2fd21b3dbfe2bc1992b0
tools-iuc	0dfd993e151cb880bbef237ba3d316b4dcf7ffea	tools/pcdl/pcdl_make_cell_vtk.xml	pcdl_make_cell_vtk	6222fe640bdc660acff2ba77e0415adbaa28195972566f4a0d8563fc9b8b5ce0
tools-iuc	0dfd993e151cb880bbef237ba3d316b4dcf7ffea	tools/pcdl/pcdl_make_conc_vtk.xml	pcdl_make_conc_vtk	7fe891883e721a455b85bab5ece5b5a322e17b742248da93dabe88423ed8677c
tools-iuc	0dfd993e151cb880bbef237ba3d316b4dcf7ffea	tools/pcdl/pcdl_make_gif.xml	pcdl_make_gif	46a940164c3e68e7bbadf0c887f02971586832378b852f0188e6edee540aa545
tools-iuc	0dfd993e151cb880bbef237ba3d316b4dcf7ffea	tools/pcdl/pcdl_make_graph_gml.xml	pcdl_make_graph_gml	97fcbf6d3721c9860c00df2d57ee93c1c29842b16752e5b0daaece8be9ed07c2
tools-iuc	0dfd993e151cb880bbef237ba3d316b4dcf7ffea	tools/pcdl/pcdl_make_movie.xml	pcdl_make_movie	8d8c995e0a4537c061f8d9215ad7e493e320871a9294c1459ff162b465a418a4
tools-iuc	0dfd993e151cb880bbef237ba3d316b4dcf7ffea	tools/pcdl/pcdl_plot_contour.xml	pcdl_plot_contour	ef977007054375169783e31361e839c7b80b01a4a5a538c011a0d59a5976f5db
tools-iuc	0dfd993e151cb880bbef237ba3d316b4dcf7ffea	tools/pcdl/pcdl_plot_scatter.xml	pcdl_plot_scatter	238fe2b8425aa81c3eb4891b3ff3a0570b9df06cc23b96e51127cf500f162e19
tools-iuc	0dfd993e151cb880bbef237ba3d316b4dcf7ffea	tools/pcdl/pcdl_plot_timeseries.xml	pcdl_plot_timeseries	abc9327167549948d163cbabf69716d005e62a2a012ce34eae8d5dcabe333bbb
tools-iuc	0dfd993e151cb880bbef237ba3d316b4dcf7ffea	tools/pdfimages/pdfimages.xml	pdfimages	d1b298dafe94ef7c37efe99629274d5f00eacd56044b8994f30f5291be9a2a0b
tools-iuc	0dfd993e151cb880bbef237ba3d316b4dcf7ffea	tools/pe_histogram/pe_histogram.xml	pe_histogram	f215dfc3eb433d55fa4c594ec3c7c9e849e0273df82d3e3dcb8cbf30f3d6dc6d
tools-iuc	0dfd993e151cb880bbef237ba3d316b4dcf7ffea	tools/peakzilla/peakzilla.xml	peakzilla	983f92abf104054ccf938f63a5128b3e7f077151e747f1df02785254bb060336
tools-iuc	0dfd993e151cb880bbef237ba3d316b4dcf7ffea	tools/pear/pear.xml	iuc_pear	04bd514f814ee60b7a8c99417c87586e9cc304b9338ff5f11a2daf4e553a0d42
tools-iuc	0dfd993e151cb880bbef237ba3d316b4dcf7ffea	tools/pgxRpi/pgx_freqplot.xml	pgx_freqplot	62eab7c1f9868a699d14388830d411cf3436bc9eff1c93f7b1bf627ec9923ff4
tools-iuc	0dfd993e151cb880bbef237ba3d316b4dcf7ffea	tools/pgxRpi/pgx_loader.xml	pgx_loader	31ac9dd5d92f9a7742f5cad86eb354f0b5ac0e87f80098e519528a12ae6a8b9e
tools-iuc	0dfd993e151cb880bbef237ba3d316b4dcf7ffea	tools/pharokka/pharokka.xml	pharokka	0da0518066d1b6bf6f9f4b6f52846cc5e23ae64f2bd130e9f97282367d3f821b
tools-iuc	0dfd993e151cb880bbef237ba3d316b4dcf7ffea	tools/phyloseq/add_rank_names_to_phyloseq.xml	phyloseq_add_rank_names	cb2b15bc7fb870b857e6e0fef30f3b2f221cd146f17dd65a9340584a99da5375
tools-iuc	0dfd993e151cb880bbef237ba3d316b4dcf7ffea	tools/phyloseq/phyloseq_from_biom.xml	phyloseq_from_biom	b0c308636300763943a720edb0e1f8cc003cc2043944879b3bd891723df30e42
tools-iuc	0dfd993e151cb880bbef237ba3d316b4dcf7ffea	tools/phyloseq/phyloseq_from_dada2.xml	phyloseq_from_dada2	1ad61a1c55c8f00b1b19ffab49aa10fdf62d92c3e0a21b932d783ed00a714772
tools-iuc	0dfd993e151cb880bbef237ba3d316b4dcf7ffea	tools/phyloseq/phyloseq_plot_bar.xml	phyloseq_plot_bar	a69726e3bcfddf368b3d78a53ef6611751707625b792bafe68acdae751113e55
tools-iuc	0dfd993e151cb880bbef237ba3d316b4dcf7ffea	tools/phyloseq/phyloseq_plot_ordination.xml	phyloseq_plot_ordination	96d637d66a6d25133649a5fb39e72da17a47d4e87228c2a6db7de28b3904d297
tools-iuc	0dfd993e151cb880bbef237ba3d316b4dcf7ffea	tools/phyloseq/phyloseq_plot_richness.xml	phyloseq_plot_richness	04f03c066bbc556474808d62cd2d3059e549eb52f62a4c0947fcef2d0aa04d28
tools-iuc	0dfd993e151cb880bbef237ba3d316b4dcf7ffea	tools/phyloseq/phyloseq_tax_glom.xml	phyloseq_tax_glom	3897cb792b056f06d128fde7104faa78f884fcf224450bc282f10ae64a10c145
tools-iuc	0dfd993e151cb880bbef237ba3d316b4dcf7ffea	tools/phyml/phyml.xml	phyml	bfe7ad711c70a898e30f708c81e232f33654e67502425a343687d1b2f1eed72b
tools-iuc	0dfd993e151cb880bbef237ba3d316b4dcf7ffea	tools/picard/picard_AddCommentsToBam.xml	picard_AddCommentsToBam	e5aacd8f212a6717da85455196d172e5ce132cb5b3c4dfd7f40362fe13e85313
tools-iuc	0dfd993e151cb880bbef237ba3d316b4dcf7ffea	tools/picard/picard_AddOrReplaceReadGroups.xml	picard_AddOrReplaceReadGroups	005b9c816b0513de0483ffefe9d37ee73882a9db503b48dafdb5673509f1b30f
tools-iuc	0dfd993e151cb880bbef237ba3d316b4dcf7ffea	tools/picard/picard_BedToIntervalList.xml	picard_BedToIntervalList	d347cd9fa289f93264838991c60f54cc05411a01aa7ba83998d41d59f017f44b
tools-iuc	0dfd993e151cb880bbef237ba3d316b4dcf7ffea	tools/picard/picard_CleanSam.xml	picard_CleanSam	64460a523460a142350f2b6d430d7a711d154e368bdc7c36f0df1d273aed6620
tools-iuc	0dfd993e151cb880bbef237ba3d316b4dcf7ffea	tools/picard/picard_CollectAlignmentSummaryMetrics.xml	picard_CASM	d54f1dcd8ba0fef6526556face312837b8121d82d71632697457d8ebca27f8da
tools-iuc	0dfd993e151cb880bbef237ba3d316b4dcf7ffea	tools/picard/picard_CollectBaseDistributionByCycle.xml	picard_CollectBaseDistributionByCycle	a50ebf7e619ca164acb512f594653681e7f7e4e8373fee6c6538a808c8c19f0e
tools-iuc	0dfd993e151cb880bbef237ba3d316b4dcf7ffea	tools/picard/picard_CollectGcBiasMetrics.xml	picard_CollectGcBiasMetrics	2bbeb4606e033df41e318324b72f7250b43326dcd8b87d3f00e63a7c53d65b41
tools-iuc	0dfd993e151cb880bbef237ba3d316b4dcf7ffea	tools/picard/picard_CollectHsMetrics.xml	picard_CollectHsMetrics	a462b18bf3e8bd28949beef3ec07d9a81612a31567ea61359c8c30bd5c012572
tools-iuc	0dfd993e151cb880bbef237ba3d316b4dcf7ffea	tools/picard/picard_CollectInsertSizeMetrics.xml	picard_CollectInsertSizeMetrics	58e2e7a7c62402fa47785af701bb28785d5cff42e077213023d44a4ed53e600b
tools-iuc	0dfd993e151cb880bbef237ba3d316b4dcf7ffea	tools/picard/picard_CollectRnaSeqMetrics.xml	picard_CollectRnaSeqMetrics	a8242e88245105ea5ec469d2cf9ed00a817b3f920bd7c143b804bfef2cdf0b0f
tools-iuc	0dfd993e151cb880bbef237ba3d316b4dcf7ffea	tools/picard/picard_CollectSequencingArtifactsMetrics.xml	picard_artifact_metrics	4efc1c73d50a876fc4148be986ef54987295f6bc39470492433891bb4e1ffbab
tools-iuc	0dfd993e151cb880bbef237ba3d316b4dcf7ffea	tools/picard/picard_CollectWgsMetrics.xml	picard_CollectWgsMetrics	d5cf01364dc29ad6cebbd19d673655aeaad3448fbbe6f11d0d79d748fd557541
tools-iuc	0dfd993e151cb880bbef237ba3d316b4dcf7ffea	tools/picard/picard_DownsampleSam.xml	picard_DownsampleSam	10dab966d8d0bf1f342e186072fce4419c7d8ab90ae0be9bb131fbf77090b7d4
tools-iuc	0dfd993e151cb880bbef237ba3d316b4dcf7ffea	tools/picard/picard_EstimateLibraryComplexity.xml	picard_EstimateLibraryComplexity	2f1b56ffa3cda5b55ecade9e0b9c15f98a3105eb741ff35f9ad6fb42d0812385
tools-iuc	0dfd993e151cb880bbef237ba3d316b4dcf7ffea	tools/picard/picard_FastqToSam.xml	picard_FastqToSam	e951c51dc89860df5c5bb4e8ac01e6925671531b6c10e367f96f1848ea2b0766
tools-iuc	0dfd993e151cb880bbef237ba3d316b4dcf7ffea	tools/picard/picard_FilterSamReads.xml	picard_FilterSamReads	393470ca697b14bb5d6a9d885d794cbf04e9e4eaaa25b2c8c3c764340a413adc
tools-iuc	0dfd993e151cb880bbef237ba3d316b4dcf7ffea	tools/picard/picard_FixMateInformation.xml	picard_FixMateInformation	7b2792f8a1788fc1535e81e67da584524d7d013c90c0d17eaf4ecb3f6e3e37cf
tools-iuc	0dfd993e151cb880bbef237ba3d316b4dcf7ffea	tools/picard/picard_MarkDuplicates.xml	picard_MarkDuplicates	a90f889904f677b5aaae9317c5e6b15ae031bae0b287ce5fe7ed2c59b15e21a0
tools-iuc	0dfd993e151cb880bbef237ba3d316b4dcf7ffea	tools/picard/picard_MarkDuplicatesWithMateCigar.xml	picard_MarkDuplicatesWithMateCigar	e3fe89fb4e53d84463eb685734dd18f72f05ce0782b406356cd6e0ac0552d726
tools-iuc	0dfd993e151cb880bbef237ba3d316b4dcf7ffea	tools/picard/picard_MeanQualityByCycle.xml	picard_MeanQualityByCycle	55e429128cade7721aff10c9ce4cd2dc670b7846d36fee0b447ad3f83c0a23d3
tools-iuc	0dfd993e151cb880bbef237ba3d316b4dcf7ffea	tools/picard/picard_MergeBamAlignment.xml	picard_MergeBamAlignment	953e72f4215d73dfba134e3c507ecd70c472b4bd54763aa1a3327bdbb428826c
tools-iuc	0dfd993e151cb880bbef237ba3d316b4dcf7ffea	tools/picard/picard_MergeSamFiles.xml	picard_MergeSamFiles	0be80b55461f9d252d0c2050eca5c3492fb95ede599215c49005d027bc0be379
tools-iuc	0dfd993e151cb880bbef237ba3d316b4dcf7ffea	tools/picard/picard_NormalizeFasta.xml	picard_NormalizeFasta	37b50efec0b095b4f66b868e1f4ea8a4554645310bcdce31abf78bd6de8cd189
tools-iuc	0dfd993e151cb880bbef237ba3d316b4dcf7ffea	tools/picard/picard_QualityScoreDistribution.xml	picard_QualityScoreDistribution	2099305ee177105d2d865c4cdacc182dfae6562cbce4b8e4a131ca92f4771dbe
tools-iuc	0dfd993e151cb880bbef237ba3d316b4dcf7ffea	tools/picard/picard_ReorderSam.xml	picard_ReorderSam	56d06f0807408e0dac4c286ca0fc512614101cc94e4d8a521a7b6a90bcfeec46
tools-iuc	0dfd993e151cb880bbef237ba3d316b4dcf7ffea	tools/picard/picard_ReplaceSamHeader.xml	picard_ReplaceSamHeader	d30c46da5840d2c84e8e59a018a42d12d392bf10480fee7a3b42135a607a3767
tools-iuc	0dfd993e151cb880bbef237ba3d316b4dcf7ffea	tools/picard/picard_RevertOriginalBaseQualitiesAndAddMateCigar.xml	picard_RevertOriginalBaseQualitiesAndAddMateCigar	d522d7bf15ed44e5408b6721ba08fe1c52e678b3f0f12c712f88ca56fed605df
tools-iuc	0dfd993e151cb880bbef237ba3d316b4dcf7ffea	tools/picard/picard_RevertSam.xml	picard_RevertSam	4af2f7d332bddfb92d4a9eff64ec6a00e4edfb225ffbf2b5c99fd35ba732902a
tools-iuc	0dfd993e151cb880bbef237ba3d316b4dcf7ffea	tools/picard/picard_SamToFastq.xml	picard_SamToFastq	d955271c3b45cd2ba8ac3ba0fa3667c04f4f51f6dd31fd0710d631846effbe22
tools-iuc	0dfd993e151cb880bbef237ba3d316b4dcf7ffea	tools/picard/picard_SortSam.xml	picard_SortSam	fa6943db4d159f1373e491ec7611be01a08b92d0c8099654d98fc324e6b0ecca
tools-iuc	0dfd993e151cb880bbef237ba3d316b4dcf7ffea	tools/picard/picard_ValidateSamFile.xml	picard_ValidateSamFile	09d9c2dda6dc1e3d302d4e0ddb2a21de8aa05ac385a047257968c8c01ce71068
tools-iuc	0dfd993e151cb880bbef237ba3d316b4dcf7ffea	tools/pick_value/pick_value.xml	pick_value	c72b46eca52ce78fc6351c6d52b182479566a04892af888ab9594fbac937333b
tools-iuc	0dfd993e151cb880bbef237ba3d316b4dcf7ffea	tools/picrust/categorize_by_function.xml	picrust_categorize	3d1aea2acddfd98913422ede4486430778de00939bf2dc6723fa84fffdc93b55
tools-iuc	0dfd993e151cb880bbef237ba3d316b4dcf7ffea	tools/picrust/compare_biom.xml	picrust_compare_biom	7e22bde09b764a4532cd31b8c4220be1e459555a0b323de4d77e4593e7c1aac0
tools-iuc	0dfd993e151cb880bbef237ba3d316b4dcf7ffea	tools/picrust/format_tree_and_trait_table.xml	picrust_format_tree_and_trait_table	b247ae5882cb5d47b826a1ba2fc7e43637d46d0a420e0c8aade04bbe85497abc
tools-iuc	0dfd993e151cb880bbef237ba3d316b4dcf7ffea	tools/picrust/metagenome_contributions.xml	picrust_metagenome_contributions	77071e639cc82b7880cfee61b2818392d63260025bf2df7c4a289aabeb71b047
tools-iuc	0dfd993e151cb880bbef237ba3d316b4dcf7ffea	tools/picrust/normalize_by_copy_number.xml	picrust_normalize_by_copy_number	91c5de6876754180142eb189b3535a8adcbf9f7c7250d4465bda6fc8f468b2db
tools-iuc	0dfd993e151cb880bbef237ba3d316b4dcf7ffea	tools/picrust/predict_metagenomes.xml	picrust_predict_metagenomes	17193f8b4563ab7a5b67f7901163a56bc6bc877919f6c8554bf20c9351ed847c
tools-iuc	0dfd993e151cb880bbef237ba3d316b4dcf7ffea	tools/picrust2/add_descriptions.xml	picrust2_add_descriptions	97a6e28cbe8213a8efaa34d4f05daa7ab97804f18174892d0e32796c98dbd1f8
tools-iuc	0dfd993e151cb880bbef237ba3d316b4dcf7ffea	tools/picrust2/hsp.xml	picrust2_hsp	dbd1faef6df0ed707465dce68c7947a323a82ad073f65125c4351630738275df
tools-iuc	0dfd993e151cb880bbef237ba3d316b4dcf7ffea	tools/picrust2/metagenome_pipeline.xml	picrust2_metagenome_pipeline	7261c7380171102f1549709397b0f7f0fbdd81fe732c0f6015c707da716c959f
tools-iuc	0dfd993e151cb880bbef237ba3d316b4dcf7ffea	tools/picrust2/pathway_pipeline.xml	picrust2_pathway_pipeline	b797b44bcc96686cad3ba6c70c55dccf5c766b93f2ac0e6397eda6a5ec0572bd
tools-iuc	0dfd993e151cb880bbef237ba3d316b4dcf7ffea	tools/picrust2/picrust2_pipeline.xml	picrust2_pipeline	2faaad0c05daad68a75b0ba798cb76eda4bdfa0b78ccca7e63d156305c8d29f9
tools-iuc	0dfd993e151cb880bbef237ba3d316b4dcf7ffea	tools/picrust2/place_seqs.xml	picrust2_place_seqs	2ed49cc83c1d95de270ac1458885218d45605b98de270befa5dc245a8947e36b
tools-iuc	0dfd993e151cb880bbef237ba3d316b4dcf7ffea	tools/picrust2/shuffle_predictions.xml	picrust2_shuffle_predictions	45c64a1e6a5f9134203242638be8bf7a8be6975c52894e95fca0d75ee7e5e25d
tools-iuc	0dfd993e151cb880bbef237ba3d316b4dcf7ffea	tools/pilon/pilon.xml	pilon	cace612c319339682e93aadbc54beef784168c86f9cd80c51e599379e40606c9
tools-iuc	0dfd993e151cb880bbef237ba3d316b4dcf7ffea	tools/pimento/are_there_primers.xml	pimento_are_there_primers	5ab43295c1f14a6064ba00c5ed96eae31ac734b789e453949c26a848c364ac32
tools-iuc	0dfd993e151cb880bbef237ba3d316b4dcf7ffea	tools/pimento/auto.xml	pimento_auto	c6871564da0089921cdbf8a16502ea8b821e6ed58a3da3cbb8fd850f7749f414
tools-iuc	0dfd993e151cb880bbef237ba3d316b4dcf7ffea	tools/pimento/choose_primer_cutoff.xml	pimento_choose_primer_cutoff	3b3ce5a1a964f6f12307a3b411559c7d89827ba8e1df503f990586a313e4786e
tools-iuc	0dfd993e151cb880bbef237ba3d316b4dcf7ffea	tools/pimento/find_cutoffs.xml	pimento_find_cutoffs	55d1a4507f6c52e0eba2817c8b0bca272ba3366267c6ae2125c2572112188600
tools-iuc	0dfd993e151cb880bbef237ba3d316b4dcf7ffea	tools/pimento/gen_bcv.xml	pimento_gen_bcv	03add3921e886f37531df1728c51f713b159e1fcfb5ba311e2804275b834bde8
tools-iuc	0dfd993e151cb880bbef237ba3d316b4dcf7ffea	tools/pimento/std.xml	pimento_std	ca4dd960c8903c68d95c8cd5d253d8b2eba59c26f7b49850ecb1c405e1d111df
tools-iuc	0dfd993e151cb880bbef237ba3d316b4dcf7ffea	tools/pipelign/pipelign.xml	pipelign	5f16a5e71a61f4aa50e62afd1f3ddf1849fa37db6eea030cc20119dace5ce36b
tools-iuc	0dfd993e151cb880bbef237ba3d316b4dcf7ffea	tools/pirate/pirate.xml	pirate	84a5a32660cb26ea9258f4bc94ca01897796f5560b11dd6cd13f5c424bfd552a
tools-iuc	0dfd993e151cb880bbef237ba3d316b4dcf7ffea	tools/pizzly/pizzly.xml	pizzly	e0423fa5aca64bc6950ebfb9a900bafa1af4f550b24552d48c61089750c29404
tools-iuc	0dfd993e151cb880bbef237ba3d316b4dcf7ffea	tools/plasclass/plasclass.xml	plasclass	3e29b48f8fa1149d6c80627fa4409907f47a233778dc5ff939bd98147db39b43
tools-iuc	0dfd993e151cb880bbef237ba3d316b4dcf7ffea	tools/plasflow/plasflow.xml	PlasFlow	1775c83e67ce02d10e5478077b4fdd9bdb443f10c3da6b6e088c95ab07fd35fc
tools-iuc	0dfd993e151cb880bbef237ba3d316b4dcf7ffea	tools/plasmidfinder/plasmidfinder.xml	plasmidfinder	f4c1181647b541c6c73659beaaaa37335f45bf0738a0ad5b2c4c7fcbc6eed3db
tools-iuc	0dfd993e151cb880bbef237ba3d316b4dcf7ffea	tools/plink/plink.xml	plink	22758448763c0fb9be563091657f23ef373f808ac20b9a87a4771c80aa730b07
tools-iuc	0dfd993e151cb880bbef237ba3d316b4dcf7ffea	tools/polypolish/polypolish.xml	polypolish	09cbac705216644b8bdef7a31e4eb85dbe0e9282c369e0aa0c1be121b1cb713a
tools-iuc	0dfd993e151cb880bbef237ba3d316b4dcf7ffea	tools/porechop/porechop.xml	porechop	503d719c643ae3ec0b9bdd026bdb04b43f05c9e500950dd8fa45f2b14f83e426
tools-iuc	0dfd993e151cb880bbef237ba3d316b4dcf7ffea	tools/poretools/poretools_events.xml	poretools_events	9ee18fa707607e08b6ea38f62cb4d971fbe7f62e0af260212f99376d84ce7938
tools-iuc	0dfd993e151cb880bbef237ba3d316b4dcf7ffea	tools/poretools/poretools_extract.xml	poretools_extract	f3894fda534741ac95190eb447122b6853e21882477d4f640175b6ea4e4e8c1a
tools-iuc	0dfd993e151cb880bbef237ba3d316b4dcf7ffea	tools/poretools/poretools_hist.xml	poretools_hist	cd3dede34a22656344f7c801c5f4f96f334b66b659fd439a7e977dce2e079a1c
tools-iuc	0dfd993e151cb880bbef237ba3d316b4dcf7ffea	tools/poretools/poretools_nucdist.xml	poretools_nucdist	07189ef8a7edbdc5ce7b60359afc29944629ddf150ca334065f30b1829f36777
tools-iuc	0dfd993e151cb880bbef237ba3d316b4dcf7ffea	tools/poretools/poretools_occupancy.xml	poretools_occupancy	3c402c1c62ee10898f633b603e40917f3c670b081ace9f57b9a9b0dad97467ba
tools-iuc	0dfd993e151cb880bbef237ba3d316b4dcf7ffea	tools/poretools/poretools_qualdist.xml	poretools_qualdist	aff49d959ae76975a568c509f305d237ba03b4aab9d81259a56fc0350f30edfd
tools-iuc	0dfd993e151cb880bbef237ba3d316b4dcf7ffea	tools/poretools/poretools_qualpos.xml	poretools_qualpos	c415cfa2fc6825d2cf97b6da47940733630764a284f9d23e0db72527fcba8cba
tools-iuc	0dfd993e151cb880bbef237ba3d316b4dcf7ffea	tools/poretools/poretools_squiggle.xml	poretools_squiggle	51da5a396b4f1358fc9c573cb8ac8afc78976e979b63812d907c97dbc9216235
tools-iuc	0dfd993e151cb880bbef237ba3d316b4dcf7ffea	tools/poretools/poretools_stats.xml	poretools_stats	6eaead94df7de429fc97ef25fa277b9d77df0f38a36a88e6ebe25c776c642f95
tools-iuc	0dfd993e151cb880bbef237ba3d316b4dcf7ffea	tools/poretools/poretools_tabular.xml	poretools_tabular	4941ebeb97b2b2ac8f1fec04afd1a929eca70ac201fb5ca193bf8beb2940b2a3
tools-iuc	0dfd993e151cb880bbef237ba3d316b4dcf7ffea	tools/poretools/poretools_times.xml	poretools_times	1e633d0d590a0f4afcd53d5200e93be092862cdbd898a9526ea4be61e19e0928
tools-iuc	0dfd993e151cb880bbef237ba3d316b4dcf7ffea	tools/poretools/poretools_winner.xml	poretools_winner	82d363206d5fbb2b0302f73702172d998921bb5ad29e43d08919557bf3c8d143
tools-iuc	0dfd993e151cb880bbef237ba3d316b4dcf7ffea	tools/poretools/poretools_yield_plot.xml	poretools_yield_plot	f0f9dbeabbdf93eb7d6682c936ef272422729b0e728b1bb36ab5dcf58ecb6333
tools-iuc	0dfd993e151cb880bbef237ba3d316b4dcf7ffea	tools/ppanggolin/ppanggolin_all.xml	ppanggolin_all	a63b3bc69f505fa8bf87db09bd263e6956083a9f73e290baede6eddc3c7ba348
tools-iuc	0dfd993e151cb880bbef237ba3d316b4dcf7ffea	tools/ppanggolin/ppanggolin_msa.xml	ppanggolin_msa	eb86ebcf1d067dfd1f0797aabd7935a3f02390eb1fa07ca38f510069738a7dd9
tools-iuc	0dfd993e151cb880bbef237ba3d316b4dcf7ffea	tools/ppanggolin/ppanggolin_projection.xml	ppanggolin_projection	64ee2e859c0e9f1b4db6157e5a04506977fad14290c5c06dd4134ff2d876cf8d
tools-iuc	0dfd993e151cb880bbef237ba3d316b4dcf7ffea	tools/ppanggolin/ppanggolin_rarefaction.xml	ppanggolin_rarefaction	5101ddcea55a2bf9c879064a7f275dfb00cf028fd0c67bdc015bf946a7be32bd
tools-iuc	0dfd993e151cb880bbef237ba3d316b4dcf7ffea	tools/preseq/preseq_c_curve.xml	preseq_c_curve	8b06baa97162c0c126cb5e3cffebc5f8d0c8b0d40eeb9c8e7eeaaee2c21f555a
tools-iuc	0dfd993e151cb880bbef237ba3d316b4dcf7ffea	tools/preseq/preseq_lc_extrap.xml	preseq_lc_extrap	549ff348cbf2d54959df6ed153cae21d4109cfbd66bbef957566d6cc968ae139
tools-iuc	0dfd993e151cb880bbef237ba3d316b4dcf7ffea	tools/presto/presto_alignsets.xml	presto_alignsets	b4061e4c746913ceb906ed044202e50308bb2119e31759d5a60ba8b54475d8a1
tools-iuc	0dfd993e151cb880bbef237ba3d316b4dcf7ffea	tools/presto/presto_assemblepairs.xml	presto_assemblepairs	79d25ada215443e47efd6eca3f746c0e54896a486251f8111da48355d7ebd8b5
tools-iuc	0dfd993e151cb880bbef237ba3d316b4dcf7ffea	tools/presto/presto_buildconsensus.xml	presto_buildconsensus	b215e464d2b84e9402648adf3c20070b802b206cca289bb97e4f2d11fd6629a1
tools-iuc	0dfd993e151cb880bbef237ba3d316b4dcf7ffea	tools/presto/presto_collapseseq.xml	presto_collapseseq	8efc235f06f4e110db775d70093f76165ec54dd77c41dc6412b8ebe229e5bb81
tools-iuc	0dfd993e151cb880bbef237ba3d316b4dcf7ffea	tools/presto/presto_filterseq.xml	presto_filterseq	935a8b9184dfd40def55da8b63a48f00ab28fd869eae7b6dcde74eebe9bc76ea
tools-iuc	0dfd993e151cb880bbef237ba3d316b4dcf7ffea	tools/presto/presto_maskprimers.xml	presto_maskprimers	29e53a3829b11a9e14c20516cd7f389c52235fe2e0cff6d0cc05866c3c4bce9c
tools-iuc	0dfd993e151cb880bbef237ba3d316b4dcf7ffea	tools/presto/presto_pairseq.xml	presto_pairseq	eb0558a45c21ff65d9f9a3930b5f12ab355b5a2592917e3e85646a1eaa9aff75
tools-iuc	0dfd993e151cb880bbef237ba3d316b4dcf7ffea	tools/presto/presto_parseheaders.xml	presto_parseheaders	222a6812d68d6a5ff7c88a2f554522cea6f5ba6e3253039a839574230b525eea
tools-iuc	0dfd993e151cb880bbef237ba3d316b4dcf7ffea	tools/presto/presto_parselog.xml	presto_parselog	222d279fb6b0a22b4c6a59423078441f61dfa1f36bbf3afc5c2285d716f0b403
tools-iuc	0dfd993e151cb880bbef237ba3d316b4dcf7ffea	tools/presto/presto_partition.xml	presto_partition	0f4855c69c33cd5e2cb3eff286f170dd6d6f1edcb80a05ce22475681a57464ca
tools-iuc	0dfd993e151cb880bbef237ba3d316b4dcf7ffea	tools/presto/prestor_abseq3.xml	prestor_abseq3	5e80bae9e64c3ac24831a1173197c5fa0b8c35eaf345d51c414aed2ce8b7bba9
tools-iuc	0dfd993e151cb880bbef237ba3d316b4dcf7ffea	tools/pretext/pretext_graph.xml	pretext_graph	0f5fb8e7a12a4893de593fa75fde139a07495cfa5a4da28c6c022f09b11c903f
tools-iuc	0dfd993e151cb880bbef237ba3d316b4dcf7ffea	tools/pretext/pretext_map.xml	pretext_map	b32cf5fcd9efb5fe0d2444e3a2aff84466e7ec96aebd43f18cfaaa93c591175e
tools-iuc	0dfd993e151cb880bbef237ba3d316b4dcf7ffea	tools/pretext/pretext_snapshot.xml	pretext_snapshot	e73dd0453468ecf2b306c98a3a9e0191f9d0e7a43f1d0956d2229e379089d9ca
tools-iuc	0dfd993e151cb880bbef237ba3d316b4dcf7ffea	tools/prinseq/prinseq.xml	prinseq	3a58a9809e24bb3488efef3bba180316e4bc45807c5d169c13345cee7b7ee667
tools-iuc	0dfd993e151cb880bbef237ba3d316b4dcf7ffea	tools/prodigal/prodigal.xml	prodigal	7d9b2209311eb172bce5f87b5afe19f66fefdc1fe882598ad28f42e8888aa583
tools-iuc	0dfd993e151cb880bbef237ba3d316b4dcf7ffea	tools/progressivemauve/progressivemauve.xml	progressivemauve	b37203bc34bd4c31a1b3c7d185d7c6e66752738bf9cdcf5c1506fbaa5ebc7c9e
tools-iuc	0dfd993e151cb880bbef237ba3d316b4dcf7ffea	tools/progressivemauve/xmfa2gff3.xml	xmfa2gff3	e840be7bb901bfe85d26c25fd41738deae6b54ec1008dac18bad9fc67e8c8467
tools-iuc	0dfd993e151cb880bbef237ba3d316b4dcf7ffea	tools/prokka/prokka.xml	prokka	9b23e537cbcb9dbff2c42c736179ef969d83ada11e550143deec25ddc97daaf8
tools-iuc	0dfd993e151cb880bbef237ba3d316b4dcf7ffea	tools/prot-scriber/prot-scriber.xml	prot_scriber	cf210d0e192929e5b6869a29866b99457302d341caec666fde7322cc3072fd42
tools-iuc	0dfd993e151cb880bbef237ba3d316b4dcf7ffea	tools/proteinortho/proteinortho.xml	proteinortho	e9fff853e8d3195034692dd17b31121e8bbbcb9fbd8ee219d70c602f6fd72bd6
tools-iuc	0dfd993e151cb880bbef237ba3d316b4dcf7ffea	tools/proteinortho/proteinortho_clustering.xml	proteinortho_clustering	b6997bc60cbbf97d7591c60444655f672433371d264804fc93e48f2f42871534
tools-iuc	0dfd993e151cb880bbef237ba3d316b4dcf7ffea	tools/proteinortho/proteinortho_grab_proteins.xml	proteinortho_grab_proteins	d3f7c8d51203f09358cd87ef0b8044aaf460535f6020a201cb528d96a00d5c65
tools-iuc	0dfd993e151cb880bbef237ba3d316b4dcf7ffea	tools/proteinortho/proteinortho_summary.xml	proteinortho_summary	72a53d87383904787dc1d8994393ba20a2e8b43dced2163682d979ca54f11d3e
tools-iuc	0dfd993e151cb880bbef237ba3d316b4dcf7ffea	tools/psauron/psauron.xml	psauron	d55c78a3104719e099be9e989c3c521e22d3e39b6a042a748a164e22e4bd97e7
tools-iuc	0dfd993e151cb880bbef237ba3d316b4dcf7ffea	tools/psiclass/psiclass.xml	psiclass	5070bffc5d330c3a51f72324033580edf4c91a7da645c6a02058fe934ff2a036
tools-iuc	0dfd993e151cb880bbef237ba3d316b4dcf7ffea	tools/pureclip/pureclip.xml	pureclip	97d5d1fb82699a78d24729896986ba3a361acbcf5e65037f5d45906cd1f26691
tools-iuc	0dfd993e151cb880bbef237ba3d316b4dcf7ffea	tools/purge_dups/purge_dups.xml	purge_dups	939e10b25ee62084e234a27395d2d96c92d9e700485317486c2fa309fa3d0743
tools-iuc	0dfd993e151cb880bbef237ba3d316b4dcf7ffea	tools/pycoqc/pycoqc.xml	pycoqc	f278b37bfba39e9c23f5735d37d33c1c77110b972a045786a6f36f6b7b4633ea
tools-iuc	0dfd993e151cb880bbef237ba3d316b4dcf7ffea	tools/pyega3/pyega3.xml	pyega3	f90c23bb0177da759e363e68f2425f64a9066fcafb7e15fa8772974c962d965d
tools-iuc	0dfd993e151cb880bbef237ba3d316b4dcf7ffea	tools/pygenometracks/pyGenomeTracks.xml	pygenomeTracks	3e68480245837162265814b1b319d04e0f665daa056bcead86f51a2048ae5fdf
tools-iuc	0dfd993e151cb880bbef237ba3d316b4dcf7ffea	tools/pysradb/pysradb.xml	pysradb_search	f1d54f79925c3bb1540528bb95b1e982f8877cd666e7ee2c38fc2b7ba7e9f66c
tools-iuc	0dfd993e151cb880bbef237ba3d316b4dcf7ffea	tools/qfilt/qfilt.xml	qfilt	395d92fa5c88404cc28bdd5897ca15f639b90fee698676fbd13b2b15db82852c
tools-iuc	0dfd993e151cb880bbef237ba3d316b4dcf7ffea	tools/qiime/qiime_add_on/collapse_samples.xml	qiime_collapse_samples	059c820e21cb19f9ba4fa7517c19610535bcd47b08ea5ddcbbeb91d530cb00c7
tools-iuc	0dfd993e151cb880bbef237ba3d316b4dcf7ffea	tools/qiime/qiime_add_on/make_otu_table.xml	qiime_make_otu_table	f3edc40f3c377605a6fb987d862470088d037e12db9f2bac63cb1361ed89e0ef
tools-iuc	0dfd993e151cb880bbef237ba3d316b4dcf7ffea	tools/qiime/qiime_core/align_seqs.xml	qiime_align_seqs	97158feee5809492ab32a12347dbcd1bfb1659273dfbfac8d14edaa7954969ac
tools-iuc	0dfd993e151cb880bbef237ba3d316b4dcf7ffea	tools/qiime/qiime_core/alpha_diversity.xml	qiime_alpha_diversity	d84af46fa516d27bfd6bf733975ce2a370ac861d7c1f86c76426066cc6e158fd
tools-iuc	0dfd993e151cb880bbef237ba3d316b4dcf7ffea	tools/qiime/qiime_core/alpha_rarefaction.xml	qiime_alpha_rarefaction	39bbb5f6b9bacf84f4561cbbaf40015ef9e3fa370d12dc9b954f6a14e4d247e6
tools-iuc	0dfd993e151cb880bbef237ba3d316b4dcf7ffea	tools/qiime/qiime_core/assign_taxonomy.xml	qiime_assign_taxonomy	bcc01bd176cbad9d5991f9ecb4a8c452f80fe64e33cc572759c346e330ae9b26
tools-iuc	0dfd993e151cb880bbef237ba3d316b4dcf7ffea	tools/qiime/qiime_core/beta_diversity.xml	qiime_beta_diversity	463b766db905dfd3fbe355cdbcc4ddb6c514bbc7f1e297deb991de8011398313
tools-iuc	0dfd993e151cb880bbef237ba3d316b4dcf7ffea	tools/qiime/qiime_core/beta_diversity_through_plots.xml	qiime_beta_diversity_through_plots	ce70d4579469800955e534deb29c0c95bc912ad00735458ccb7b61d8b8acc3e0
tools-iuc	0dfd993e151cb880bbef237ba3d316b4dcf7ffea	tools/qiime/qiime_core/compare_categories.xml	qiime_compare_categories	e65d756e1fad75ec60e17a1bfe80132f21618cd570bd84f486949dc09eb03a15
tools-iuc	0dfd993e151cb880bbef237ba3d316b4dcf7ffea	tools/qiime/qiime_core/core_diversity_analyses.xml	qiime_core_diversity	e4c72dba24bc8523a7d0874256bb23330bc1cdbd4cff80c33d0d3479ae951990
tools-iuc	0dfd993e151cb880bbef237ba3d316b4dcf7ffea	tools/qiime/qiime_core/count_seqs.xml	qiime_count_seqs	4f125260618fbc89aa70081a5449bef3f28d90d75334a232225500b2f679718e
tools-iuc	0dfd993e151cb880bbef237ba3d316b4dcf7ffea	tools/qiime/qiime_core/extract_barcodes.xml	qiime_extract_barcodes	86c83ef385e65336871c0fbaa78f7507b6cb86c589a8d57f02343fad59d7717d
tools-iuc	0dfd993e151cb880bbef237ba3d316b4dcf7ffea	tools/qiime/qiime_core/filter_alignment.xml	qiime_filter_alignment	e43f56274ee546641ee53a3c9730c19af3e00c8feb8d4de009db6a1170572578
tools-iuc	0dfd993e151cb880bbef237ba3d316b4dcf7ffea	tools/qiime/qiime_core/filter_fasta.xml	qiime_filter_fasta	cfd5bd776d7368f7e5fb3369828f310e9887d06677c49fd942e179361872159c
tools-iuc	0dfd993e151cb880bbef237ba3d316b4dcf7ffea	tools/qiime/qiime_core/filter_otus_from_otu_table.xml	qiime_filter_otus_from_otu_table	54dcd6fd2935ef81d9cda1085d7db2752172d968b90a9811846b31b60f4a3f29
tools-iuc	0dfd993e151cb880bbef237ba3d316b4dcf7ffea	tools/qiime/qiime_core/filter_samples_from_otu_table.xml	qiime_filter_samples_from_otu_table	c57fa411d04a986b55dda8369b12036d591610c6bb0d31c671e54c9bc85f197d
tools-iuc	0dfd993e151cb880bbef237ba3d316b4dcf7ffea	tools/qiime/qiime_core/filter_taxa_from_otu_table.xml	qiime_filter_taxa_from_otu_table	7dfa9f4d7ab6323d938161a4f0cd02af6ff8696446124db33d82e1e431155392
tools-iuc	0dfd993e151cb880bbef237ba3d316b4dcf7ffea	tools/qiime/qiime_core/jackknifed_beta_diversity.xml	qiime_jackknifed_beta_diversity	86753dd3dbb924a3e9ed442cbf381f54d797a8c0e219009269006ae0cfbdabc3
tools-iuc	0dfd993e151cb880bbef237ba3d316b4dcf7ffea	tools/qiime/qiime_core/make_emperor.xml	qiime_make_emperor	6011348bb22a29aba0db1ab0a157056014578dc25ae8bf2dd66b1f11016b9fba
tools-iuc	0dfd993e151cb880bbef237ba3d316b4dcf7ffea	tools/qiime/qiime_core/make_otu_heatmap.xml	qiime_make_otu_heatmap	5976ac1c6d8ba5944d321722192e96a193a54190e2029b2d4e2f3a6b6be227d6
tools-iuc	0dfd993e151cb880bbef237ba3d316b4dcf7ffea	tools/qiime/qiime_core/make_phylogeny.xml	qiime_make_phylogeny	52687d143e7c20b68069fe679c55168bdc3591fccf8c18a98f6005aeb87e50b0
tools-iuc	0dfd993e151cb880bbef237ba3d316b4dcf7ffea	tools/qiime/qiime_core/multiple_join_paired_ends.xml	qiime_multiple_join_paired_ends	47ef2934ee4df087856574620d1cc060ac355df31d9ff40e76adfbc800f80ef3
tools-iuc	0dfd993e151cb880bbef237ba3d316b4dcf7ffea	tools/qiime/qiime_core/multiple_split_libraries_fastq.xml	qiime_multiple_split_libraries_fastq	ea6dd920e7cb07dd4d0fdfcd858a19419dc605c879791a083d86e6aef54a9b9f
tools-iuc	0dfd993e151cb880bbef237ba3d316b4dcf7ffea	tools/qiime/qiime_core/pick_closed_reference_otus.xml	qiime_pick_closed_reference_otus	77db9c8cbb485b1f5b19551e80b3a1e69f32c83d128c977487a0e5e8fe606775
tools-iuc	0dfd993e151cb880bbef237ba3d316b4dcf7ffea	tools/qiime/qiime_core/pick_open_reference_otus.xml	qiime_pick_open_reference_otus	709dcb7691a8b58b2248746c8de641e068a9d0477927ee167a30cdd236dcfb19
tools-iuc	0dfd993e151cb880bbef237ba3d316b4dcf7ffea	tools/qiime/qiime_core/pick_otus.xml	qiime_pick_otus	356248c3a32cbcb075013031664b2cbef09b665aed08f01c763cd7da9b602191
tools-iuc	0dfd993e151cb880bbef237ba3d316b4dcf7ffea	tools/qiime/qiime_core/pick_rep_set.xml	qiime_pick_rep_set	928ec060718cc90cf5655d7983bb9e1a14740d2ba85651698b218123be5c66db
tools-iuc	0dfd993e151cb880bbef237ba3d316b4dcf7ffea	tools/qiime/qiime_core/plot_taxa_summary.xml	qiime_plot_taxa_summary	b5a0f131161dfac91fe6e2ba2ee46b769640420dc4d41e57d4a0e023b6724c60
tools-iuc	0dfd993e151cb880bbef237ba3d316b4dcf7ffea	tools/qiime/qiime_core/split_libraries.xml	qiime_split_libraries	b22aafc005d1dbcd9522911c6db3a6665789e766bc6a7c718d8710f9e35abc98
tools-iuc	0dfd993e151cb880bbef237ba3d316b4dcf7ffea	tools/qiime/qiime_core/split_libraries_fastq.xml	qiime_split_libraries_fastq	2ebdc5c263d6908f67822a35067131a2e90a8c5f30f059331c8359bb5fdb757b
tools-iuc	0dfd993e151cb880bbef237ba3d316b4dcf7ffea	tools/qiime/qiime_core/summarize_taxa.xml	qiime_summarize_taxa	a4a7055a5f705a4c27c1c3bb0720f0045df9a1e45e44f24bcb341edab51bc46e
tools-iuc	0dfd993e151cb880bbef237ba3d316b4dcf7ffea	tools/qiime/qiime_core/summarize_taxa_through_plots.xml	qiime_summarize_taxa_through_plots	d2d22582728642293ae09296b03808a80d82776bf7aef025501a64fe2672f079
tools-iuc	0dfd993e151cb880bbef237ba3d316b4dcf7ffea	tools/qiime/qiime_core/upgma_cluster.xml	qiime_upgma_cluster	baec5c29dbf3d7ff3c57bfdba8b531a2260883db4aa571dfcc330ce5ca9e576d
tools-iuc	0dfd993e151cb880bbef237ba3d316b4dcf7ffea	tools/qiime/qiime_core/validate_mapping_file.xml	qiime_validate_mapping_file	ebb7ab1d9e8367ad71ddb6144cb8237eeeadbd481c8e719c7d183ab176cac978
tools-iuc	0dfd993e151cb880bbef237ba3d316b4dcf7ffea	tools/qiime_extract_viz/qiime_extract_viz.xml	qiime_extract_viz	d25cae09783a37e1bff1949669625bea9c1b9dd81a939a853c89892821163c68
tools-iuc	0dfd993e151cb880bbef237ba3d316b4dcf7ffea	tools/qq_tools/qq_manhattan.xml	qq_manhattan	d49adbf87c7cb66aaf8ffdd3a65fccc19423d99e63bcf00f681f8ed5840aa9c7
tools-iuc	0dfd993e151cb880bbef237ba3d316b4dcf7ffea	tools/qualifilter/qualifilter.xml	qualifilter	164c59d1347b30b03e8dc0d2ebe09cfd22a50d1e6886104f9e5e506bc2164f79
tools-iuc	0dfd993e151cb880bbef237ba3d316b4dcf7ffea	tools/qualimap/qualimap_bamqc.xml	qualimap_bamqc	945e26fc17c5035e9279ea27fa36f2711853e20b557eaf9051d45518dee6d838
tools-iuc	0dfd993e151cb880bbef237ba3d316b4dcf7ffea	tools/qualimap/qualimap_counts.xml	qualimap_counts	371bafa20914b610d7d049400c3c8f1614ecf9dc1ee69b57d08b350792d68681
tools-iuc	0dfd993e151cb880bbef237ba3d316b4dcf7ffea	tools/qualimap/qualimap_multi_bamqc.xml	qualimap_multi_bamqc	8c0cf371b7d0b9eee30a2f26f8eb9cdaf85e49bd23671fc83f25eb79cbdbc55b
tools-iuc	0dfd993e151cb880bbef237ba3d316b4dcf7ffea	tools/qualimap/qualimap_rnaseq.xml	qualimap_rnaseq	2924c5b79b0e0fa200c676aaa037c9d847488bacc8431d8fc68ce9519827164c
tools-iuc	0dfd993e151cb880bbef237ba3d316b4dcf7ffea	tools/quast/quast.xml	quast	583862d032579b90d0e8ddc0ce20bcd6fd6f69af6c86e59b685c270b02ba35be
tools-iuc	0dfd993e151cb880bbef237ba3d316b4dcf7ffea	tools/query_impc/impc_tool.xml	query_impc	3fa2ab9c4f0a42a900871dd49443233d434a452a308771a9ff4f3a82eefed7e7
tools-iuc	0dfd993e151cb880bbef237ba3d316b4dcf7ffea	tools/query_tabular/filter_tabular.xml	filter_tabular	2bbd72a5181c26fe14ddee660586ed8670a0c372027a7d28814d5bf550265d18
tools-iuc	0dfd993e151cb880bbef237ba3d316b4dcf7ffea	tools/query_tabular/query_tabular.xml	query_tabular	a45339abbe0ecb8290753eb9de54a997dd7c3d49336b59c8afd7cb2c49fde4e2
tools-iuc	0dfd993e151cb880bbef237ba3d316b4dcf7ffea	tools/query_tabular/sqlite_to_tabular.xml	sqlite_to_tabular	5bf816301534cb52af9d41ab78c8d7b073e60917172dfcd8c78e3786e8f7eeb2
tools-iuc	0dfd993e151cb880bbef237ba3d316b4dcf7ffea	tools/quickmerge/quickmerge.xml	quickmerge	a91c141b2e8fdfd3f1591ef322efdbe4a99c3705b3b923be67110e43834782db
tools-iuc	0dfd993e151cb880bbef237ba3d316b4dcf7ffea	tools/quicktree/quicktree.xml	quicktree	b57e2693bdd144debbe17c7f8d2a8b4f760d493550b90cbd34691d974ea3d985
tools-iuc	0dfd993e151cb880bbef237ba3d316b4dcf7ffea	tools/raceid/raceid_clustering.xml	raceid_clustering	b0f3d288a0b56d29439211459541136e97e0533b1f91b79cd6189964d263a645
tools-iuc	0dfd993e151cb880bbef237ba3d316b4dcf7ffea	tools/raceid/raceid_filtnormconf.xml	raceid_filtnormconf	d8036fc4ca47988ec7e6b4c02531cca64e4bb889d4b4de76765f82beb9e98adc
tools-iuc	0dfd993e151cb880bbef237ba3d316b4dcf7ffea	tools/raceid/raceid_inspectclusters.xml	raceid_inspectclusters	3f9c1eecedd1fa5a4cbcc11edba5d117e2dcb2d54ef7e83d11fd01e908dde031
tools-iuc	0dfd993e151cb880bbef237ba3d316b4dcf7ffea	tools/raceid/raceid_inspecttrajectories.xml	raceid_inspecttrajectory	bdcae8879c0b367f66516161429e7b17557cc4656944f766ae417f7f3c469a89
tools-iuc	0dfd993e151cb880bbef237ba3d316b4dcf7ffea	tools/raceid/raceid_trajectory.xml	raceid_trajectory	02bf52270109c0ac3e2307a81b075df845565831cdcd849ad29480aa0e8092a3
tools-iuc	0dfd993e151cb880bbef237ba3d316b4dcf7ffea	tools/ragtag/ragtag.xml	ragtag	0fd3e3382fc7343ae6f0b0458f5ffe5abcf1dfdf326ccc8528cec8da24bea787
tools-iuc	0dfd993e151cb880bbef237ba3d316b4dcf7ffea	tools/rapidnj/rapidnj.xml	rapidnj	f878ec4863ca675e7f30c0772ebf0cf5365a40a1488b42ba616f3587e2ec2b16
tools-iuc	0dfd993e151cb880bbef237ba3d316b4dcf7ffea	tools/rasusa/rasusa.xml	rasusa	5ad0bf09158ebf1dc506840b57b75fc656608043476b8b388e639e3b3e70309e
tools-iuc	0dfd993e151cb880bbef237ba3d316b4dcf7ffea	tools/raven/raven.xml	raven	f19602b220bc6ca1bf42ec8ab6c8371775fca90301bdef95e5a77911939b4133
tools-iuc	0dfd993e151cb880bbef237ba3d316b4dcf7ffea	tools/raxml/raxml.xml	raxml	336422c5e0b1f46f1cb8d08bff15b8c6b1c73be86b52f41e0978c586a63305c2
tools-iuc	0dfd993e151cb880bbef237ba3d316b4dcf7ffea	tools/raxmlng/raxmlng.xml	raxmlng	771e96faa9eec46e6db158626ec4add0a3fd74efae328142e4213d82db94b1d1
tools-iuc	0dfd993e151cb880bbef237ba3d316b4dcf7ffea	tools/rcorrector/rcorrector.xml	rcorrector	632fcb716f92d9a30467a1f8b34cf8b47a621496b6179b06cdcd990b15dfa875
tools-iuc	0dfd993e151cb880bbef237ba3d316b4dcf7ffea	tools/read2tree/read2tree.xml	read2tree	51658aeb1a062e6fcfdbee8b986e6ccaaa3ef13548a3fac77a0f2ef9798f7736
tools-iuc	0dfd993e151cb880bbef237ba3d316b4dcf7ffea	tools/read_it_and_keep/read-it-and-keep.xml	read_it_and_keep	f1888a11045df2ac1f5697a28d25e13e2b07d9c972bce8d18b60983c4992d715
tools-iuc	0dfd993e151cb880bbef237ba3d316b4dcf7ffea	tools/recentrifuge/recentrifuge.xml	recentrifuge	8570736eb11cfc44bb15d4a54c102763d6e0d3c32b9964c8d6600206617cd559
tools-iuc	0dfd993e151cb880bbef237ba3d316b4dcf7ffea	tools/red/red.xml	red	7a5d0f1384cb622f72a4bebc757f190fa82497492c5f85712cc2a72fdee1cfb0
tools-iuc	0dfd993e151cb880bbef237ba3d316b4dcf7ffea	tools/regex_switch/regex_switch.xml	regex_switch	b075c23160032ab4af9b8868cebbe3dabdc8e7867126e57992775315d55234df
tools-iuc	0dfd993e151cb880bbef237ba3d316b4dcf7ffea	tools/remove_terminal_stop_codons/remove_terminal_stop_codons.xml	remove_terminal_stop_codons	3a990bb747508ece97fe85373aa5d8349efc9cc0bfeb85515a74eb48aaa3778e
tools-iuc	0dfd993e151cb880bbef237ba3d316b4dcf7ffea	tools/repeatmasker/repeatmasker.xml	repeatmasker_wrapper	545b610f29f8201b11a33cbec5b3d5520a85317b876e5b1482af5112a51de651
tools-iuc	0dfd993e151cb880bbef237ba3d316b4dcf7ffea	tools/repeatmodeler/repeatmodeler.xml	repeatmodeler	57813daf26d829365b6c02ca468df722278bd4a0b967cb89461cc0be8b40f941
tools-iuc	0dfd993e151cb880bbef237ba3d316b4dcf7ffea	tools/repmatch_gff3/repmatch_gff3.xml	repmatch_gff3	e55fe5675a5957dac34a87458d4c3f453d9498191a9a6e4669d5146e9032ea23
tools-iuc	0dfd993e151cb880bbef237ba3d316b4dcf7ffea	tools/reshape2/cast.xml	cast	0bfba661e34124f774099af51c8db843240646acb6c11de98af3bbcd395c0206
tools-iuc	0dfd993e151cb880bbef237ba3d316b4dcf7ffea	tools/reshape2/melt.xml	melt	8780001796fecd00e232f604ae229bc5084d1caddde67d599a5e6e6e922368bb
tools-iuc	0dfd993e151cb880bbef237ba3d316b4dcf7ffea	tools/resize_coordinate_window/resize_coordinate_window.xml	resize_coordinate_window	5c616575253921194eb08b89b45ba1d2aa23f9bbdb09738f3c364146c7ae016b
tools-iuc	0dfd993e151cb880bbef237ba3d316b4dcf7ffea	tools/revoluzer/crex.xml	revoluzer_crex	b8d8ad28fcc55bfba5157a1637d64dd15b7cef7c9164cae2c56c33ff67dda53a
tools-iuc	0dfd993e151cb880bbef237ba3d316b4dcf7ffea	tools/revoluzer/distmat.xml	revoluzer_distmat	f97f195373313c48f5fb7c31c35609c5cfef4d9358450fba78095634d86da861
tools-iuc	0dfd993e151cb880bbef237ba3d316b4dcf7ffea	tools/rgcca/rgcca.xml	rgcca	9397b78de7bfa63aef3ff98d943150aeb8107e29b2937febccac7b0b201fba86
tools-iuc	0dfd993e151cb880bbef237ba3d316b4dcf7ffea	tools/rgrnastar/rg_rnaStar.xml	rna_star	3263967d2e130b6f57dee20a2ba9c8e43620d9f696f53a73143e4b89c0ede4ea
tools-iuc	0dfd993e151cb880bbef237ba3d316b4dcf7ffea	tools/rgrnastar/rg_rnaStarSolo.xml	rna_starsolo	23abca1e695d9505a1362af4ca9595908dd69656bdc80f9cd10d78de80b10d47
tools-iuc	0dfd993e151cb880bbef237ba3d316b4dcf7ffea	tools/ribowaltz/ribowaltz.xml	ribowaltz_process	112992c5e493491a9b0de527104056e77129f6af0c3e3d0277eb5e2c7ec63e69
tools-iuc	0dfd993e151cb880bbef237ba3d316b4dcf7ffea	tools/ribowaltz/ribowaltz_plot.xml	ribowaltz_plot	f10731ef5e4b4a75915d5eaef19aa28006edcf8becb6539b3bca11555f030018
tools-iuc	0dfd993e151cb880bbef237ba3d316b4dcf7ffea	tools/rnaquast/rna_quast.xml	rna_quast	03bda0c5281bbbaadbf3f41e0b1b626ea4a71e2c25f016c6594dace496336022
tools-iuc	0dfd993e151cb880bbef237ba3d316b4dcf7ffea	tools/roary/roary.xml	roary	1416ba92b14bb390629c5da0100c68dccabe327be0508c5f9c781c86d53c246a
tools-iuc	0dfd993e151cb880bbef237ba3d316b4dcf7ffea	tools/rp2biosensor/rp2biosensor.xml	rp2biosensor	b68352ac3a70e97107658ce83cc9394d52392f7f8f1b12741eb6615503f9cc75
tools-iuc	0dfd993e151cb880bbef237ba3d316b4dcf7ffea	tools/rp2paths/rp2paths.xml	rp2paths	06d22f764594957e97de46a0c3a040be6cb23e33fb89ad2a1da70245b3d2d18f
tools-iuc	0dfd993e151cb880bbef237ba3d316b4dcf7ffea	tools/rpbasicdesign/rpbasicdesign.xml	rpbasicdesign	ac3f6c1e302f05b7ac2be2fe6ca6b442fce0f7904624e9862a028156eb40a216
tools-iuc	0dfd993e151cb880bbef237ba3d316b4dcf7ffea	tools/rpfba/rpfba.xml	rpfba	050c0e1493575b09599254b86864bd009e02659414647060ad8fd7da823cc4c7
tools-iuc	0dfd993e151cb880bbef237ba3d316b4dcf7ffea	tools/rptools/rpextractsink.xml	rptools_rpextractsink	a9ac06ba18a7f856349cdba3580e319af7de2ceed8c3819f28a59f33853bc900
tools-iuc	0dfd993e151cb880bbef237ba3d316b4dcf7ffea	tools/rptools/rpfba.xml	rptools_rpfba	7bd2847a87088e075364a2271ae547868e62f95f6ca2a0702ae470f4e0d25686
tools-iuc	0dfd993e151cb880bbef237ba3d316b4dcf7ffea	tools/rptools/rpranker.xml	rptools_rpranker	2906338a005883b7e8dbc283acc7d6f09f72890e8794655d9a2fd99de05f8874
tools-iuc	0dfd993e151cb880bbef237ba3d316b4dcf7ffea	tools/rptools/rpreport.xml	rptools_rpreport	f6170e2461be284f2319d615dd13aa40c33bea3cc41f5c83c083404b5851e41c
tools-iuc	0dfd993e151cb880bbef237ba3d316b4dcf7ffea	tools/rptools/rpviz.xml	rptools_rpviz	b9f6285e375f83de244637572664c16b7979fbf846420fce82c221877a83f03e
tools-iuc	0dfd993e151cb880bbef237ba3d316b4dcf7ffea	tools/rrmscorer/RRMScorer.xml	rrmscorer	3beb51db9fae171ced86447059b804c5ef4ffae7415ceeeeaebe6013847251c5
tools-iuc	0dfd993e151cb880bbef237ba3d316b4dcf7ffea	tools/rrparser/rrparser.xml	rrparser	b24c351452da76afc64beb5ba129ad7d427bd5d09f42e915cdb2600740070607
tools-iuc	0dfd993e151cb880bbef237ba3d316b4dcf7ffea	tools/rseqc/FPKM_count.xml	rseqc_FPKM_count	cf9ec78eedac89cb316ad7b3635adfa489331bb3445abc601acae2330dff5a0c
tools-iuc	0dfd993e151cb880bbef237ba3d316b4dcf7ffea	tools/rseqc/RNA_fragment_size.xml	rseqc_RNA_fragment_size	ca17fcaee1396d3d4f6661eb5bc7316d550c70c5ec5b4ff14ba20c984bf7caaf
tools-iuc	0dfd993e151cb880bbef237ba3d316b4dcf7ffea	tools/rseqc/RPKM_saturation.xml	rseqc_RPKM_saturation	6766244ad6ee3739baa1b1144be21d72f1d13e70ed017a0b61627eb6ea7508fc
tools-iuc	0dfd993e151cb880bbef237ba3d316b4dcf7ffea	tools/rseqc/bam2wig.xml	rseqc_bam2wig	8da0cc8a3cf9f95c90ae314c76664676afd8866be3face3c65024351338cc77a
tools-iuc	0dfd993e151cb880bbef237ba3d316b4dcf7ffea	tools/rseqc/bam_stat.xml	rseqc_bam_stat	8fdc9d35528f6eba2574cea3ab6260ecb97c07c6ec47c6c9d510bc11266c9513
tools-iuc	0dfd993e151cb880bbef237ba3d316b4dcf7ffea	tools/rseqc/clipping_profile.xml	rseqc_clipping_profile	1bb281f6777230d68641d5df7eae1fca6d587a24e3183cc788515e7a8b095270
tools-iuc	0dfd993e151cb880bbef237ba3d316b4dcf7ffea	tools/rseqc/deletion_profile.xml	rseqc_deletion_profile	8d00941f8bbea06874a3058a9bfcaadc05b2bf2a81ad1cd9a019accd70337a99
tools-iuc	0dfd993e151cb880bbef237ba3d316b4dcf7ffea	tools/rseqc/geneBody_coverage.xml	rseqc_geneBody_coverage	e29aabf1ecf8db0ebce888672dae40d1d671ce9d5b39c965ff79db167ef5f36e
tools-iuc	0dfd993e151cb880bbef237ba3d316b4dcf7ffea	tools/rseqc/geneBody_coverage2.xml	rseqc_geneBody_coverage2	98d5efba8d2cb9cdda80b72b1a1e5d3a6eaff54a0cc9703e78046a823cc8ed3c
tools-iuc	0dfd993e151cb880bbef237ba3d316b4dcf7ffea	tools/rseqc/infer_experiment.xml	rseqc_infer_experiment	afbfdc4de202dad7928b8fdd45ba19912bce911e6ec7171b753333344c8facf4
tools-iuc	0dfd993e151cb880bbef237ba3d316b4dcf7ffea	tools/rseqc/inner_distance.xml	rseqc_inner_distance	99b10e80c9a6e97e7f30bdf203f469a2009b54d70d53082c5237e31079a409f5
tools-iuc	0dfd993e151cb880bbef237ba3d316b4dcf7ffea	tools/rseqc/insertion_profile.xml	rseqc_insertion_profile	e355e6dcb2b0e76c735bba40671110034d73435a2afa58bad5a255824a983397
tools-iuc	0dfd993e151cb880bbef237ba3d316b4dcf7ffea	tools/rseqc/junction_annotation.xml	rseqc_junction_annotation	8313c69e9d3c8a7040c6e074f7d98e966a4935e16d7aca49e004a019a015f88f
tools-iuc	0dfd993e151cb880bbef237ba3d316b4dcf7ffea	tools/rseqc/junction_saturation.xml	rseqc_junction_saturation	75ca9deec4224b103c3d6c80960da0c1ed72beb9857d88158c8dfdf03408a7ab
tools-iuc	0dfd993e151cb880bbef237ba3d316b4dcf7ffea	tools/rseqc/mismatch_profile.xml	rseqc_mismatch_profile	375738cdf06b55762374680cd23df5bf4514d67467c6982319eac557e2c9ab85
tools-iuc	0dfd993e151cb880bbef237ba3d316b4dcf7ffea	tools/rseqc/read_GC.xml	rseqc_read_GC	3444fe7a2d1571bdc6e2aa3b9328deab7114052d9ebae6a26a700ca6aaa5adc0
tools-iuc	0dfd993e151cb880bbef237ba3d316b4dcf7ffea	tools/rseqc/read_NVC.xml	rseqc_read_NVC	5c5dda0e800c4d54b9305cdee27b0d85f67e8058eb89dc3c1069561c87edf755
tools-iuc	0dfd993e151cb880bbef237ba3d316b4dcf7ffea	tools/rseqc/read_distribution.xml	rseqc_read_distribution	5e808508d5f80248009a4ebb6bd0f34f46881c9514b7b2507bc861ad2234ccc0
tools-iuc	0dfd993e151cb880bbef237ba3d316b4dcf7ffea	tools/rseqc/read_duplication.xml	rseqc_read_duplication	f56da4ba37dadd7c1ae77d5eba5a8df6b9e76f9779e72889b8c4fbefe8ab447c
tools-iuc	0dfd993e151cb880bbef237ba3d316b4dcf7ffea	tools/rseqc/read_hexamer.xml	rseqc_read_hexamer	bf3d4957c826ae3e552df65a1c1aedb1e711c28bfe4c1e96fbf94cc5afee44aa
tools-iuc	0dfd993e151cb880bbef237ba3d316b4dcf7ffea	tools/rseqc/read_quality.xml	rseqc_read_quality	c66499c55a3f99bdad371be5de402bae0f59460266b48ea71b8187bee1d908c9
tools-iuc	0dfd993e151cb880bbef237ba3d316b4dcf7ffea	tools/rseqc/tin.xml	rseqc_tin	0ca603369b58932627f2298f34405001ea654961c4630c5c8b903219f8ab5c28
tools-iuc	0dfd993e151cb880bbef237ba3d316b4dcf7ffea	tools/ruvseq/ruvseq.xml	ruvseq	7d5a7f178ff569be41e1576178a9076df6e7494418c0d6b8d6c1bcddc1b465ab
tools-iuc	0dfd993e151cb880bbef237ba3d316b4dcf7ffea	tools/salsa2/salsa2.xml	salsa	001cfec585f85fecb66a6b93418735766c38f119444b5a49eed5f46a5a404d08
tools-iuc	0dfd993e151cb880bbef237ba3d316b4dcf7ffea	tools/samblaster/samblaster.xml	samblaster	4dce1394da05882d5bfb7bbb02f2c25ed7f329699eafa964fd6e84c0d685dbc1
tools-iuc	0dfd993e151cb880bbef237ba3d316b4dcf7ffea	tools/samestr/samestr_compare.xml	samestr_compare	3c171507f0c3a5d43f7610bb8161ffaceeb326533b6e803596e226d6cef18dca
tools-iuc	0dfd993e151cb880bbef237ba3d316b4dcf7ffea	tools/samestr/samestr_convert.xml	samestr_convert	48229ed8a1631fea34ead623c720b82863273ba0222a6a2ea448c55df3f04ea6
tools-iuc	0dfd993e151cb880bbef237ba3d316b4dcf7ffea	tools/samestr/samestr_extract.xml	samestr_extract	8f440eba5500e3c6f0070759c40efb4328bc417c9449b5b551f7d92ad4c9440d
tools-iuc	0dfd993e151cb880bbef237ba3d316b4dcf7ffea	tools/samestr/samestr_filter.xml	samestr_filter	f457d08e0ce408ee94da734bbfdb9d262b1af255d528b21c5a3d54712358c247
tools-iuc	0dfd993e151cb880bbef237ba3d316b4dcf7ffea	tools/samestr/samestr_merge.xml	samestr_merge	ca1e20a51959df3c459d7a0f688b0436fc8f32d6f578508da84353316131b50d
tools-iuc	0dfd993e151cb880bbef237ba3d316b4dcf7ffea	tools/samestr/samestr_stats.xml	samestr_stats	03d23f5c99342f636fb2dc4494d1f9141cb209e0094bc38abcd717242dafe1e3
tools-iuc	0dfd993e151cb880bbef237ba3d316b4dcf7ffea	tools/samestr/samestr_summarize.xml	samestr_summarize	c1028bd5b64bbe505b17b1c9b9ec1c30df77518c6c68c0117f6a8296e052344a
tools-iuc	0dfd993e151cb880bbef237ba3d316b4dcf7ffea	tools/sansa/annotate.xml	sansa_annotate	871a34f701ec34e1bf91d312befd3a3b277f0706b33d4317dc3506a96caf87ac
tools-iuc	0dfd993e151cb880bbef237ba3d316b4dcf7ffea	tools/sarscov2formatter/sarscov2formatter.xml	sarscov2formatter	9061ea2603c64018a545330712325eba938c67146cde3d4ca3a2023a64289bca
tools-iuc	0dfd993e151cb880bbef237ba3d316b4dcf7ffea	tools/sarscov2summary/sarscov2summary.xml	sarscov2summary	eb5fbd09f082e1e58b4753e07240dda873b05ca9a64daa3bb694903017a71a2c
tools-iuc	0dfd993e151cb880bbef237ba3d316b4dcf7ffea	tools/sbml2sbol/sbml2sbol.xml	sbml2sbol	44c976033893aaa3eb7d1b370bd204009167b3068da607bbaee8687b4325ead1
tools-iuc	0dfd993e151cb880bbef237ba3d316b4dcf7ffea	tools/scanpy/cluster_reduce_dimension.xml	scanpy_cluster_reduce_dimension	eb72a73fc3737030019dd4ee3eed9d42623ce318326cb3e54a85e0ea3d08fb24
tools-iuc	0dfd993e151cb880bbef237ba3d316b4dcf7ffea	tools/scanpy/filter.xml	scanpy_filter	84c7ee0e5f2142ba6c6b62e2aacc06684e253e0328a9504b5d9455d36efd793b
tools-iuc	0dfd993e151cb880bbef237ba3d316b4dcf7ffea	tools/scanpy/inspect.xml	scanpy_inspect	7cb3e69d342b2261b7907536471b6104eddffaf22895dfb15857b70067f616e3
tools-iuc	0dfd993e151cb880bbef237ba3d316b4dcf7ffea	tools/scanpy/normalize.xml	scanpy_normalize	f5e579100258873fb5fb4af595eec1bd9674848ccae98b57d47c1fc9b43eaf3f
tools-iuc	0dfd993e151cb880bbef237ba3d316b4dcf7ffea	tools/scanpy/plot.xml	scanpy_plot	8ca72cf6a996537db499ea6f8b4d545d9fbfe06e3dd0a7e7524be3dc0ed862fb
tools-iuc	0dfd993e151cb880bbef237ba3d316b4dcf7ffea	tools/scanpy/remove_confounders.xml	scanpy_remove_confounders	c035cbf68de3cf931c9ac2c432818e402c213a26ba13c766d9da99003a1e554d
tools-iuc	0dfd993e151cb880bbef237ba3d316b4dcf7ffea	tools/scater/scater-create-qcmetric-ready-sce.xml	scater_create_qcmetric_ready_sce	b085c52ae90654c63c921ac7621b3533b8f193a1c405e6bba726e77e96c471c4
tools-iuc	0dfd993e151cb880bbef237ba3d316b4dcf7ffea	tools/scater/scater-filter.xml	scater_filter	3438c5904d251e41eec69ff462533c92b1f9b3a80a7edcff199fdd59ec7ec9c9
tools-iuc	0dfd993e151cb880bbef237ba3d316b4dcf7ffea	tools/scater/scater-plot-dist-scatter.xml	scater_plot_dist_scatter	daf21d121887fb374a834e3508018c01fafba8ebdc59c7ef15c434c51cde2cc6
tools-iuc	0dfd993e151cb880bbef237ba3d316b4dcf7ffea	tools/scater/scater-plot-pca.xml	scater_plot_pca	90498f2d41a126fa13a1cd4ecc3852a6fab532d413499645c15f7290446e0a0a
tools-iuc	0dfd993e151cb880bbef237ba3d316b4dcf7ffea	tools/scater/scater-plot-tsne.xml	scater_plot_tsne	0aa65c2b93b9ecf4d2ca1f17d431bfc08e33180d992ddd36e548d57f50a80e33
tools-iuc	0dfd993e151cb880bbef237ba3d316b4dcf7ffea	tools/sceasy/sceasy.xml	sceasy_convert	fde2524ad6cdbbfa41b6e68fa276a74bf711ebc68a5d26e37b2395bf55acd1fb
tools-iuc	0dfd993e151cb880bbef237ba3d316b4dcf7ffea	tools/schicexplorer/scHicAdjustMatrix.xml	schicexplorer_schicadjustmatrix	9e85290fe6464f430f00cb1552d56be8901b2b8e2b00fa074b948a46de7e7e0e
tools-iuc	0dfd993e151cb880bbef237ba3d316b4dcf7ffea	tools/schicexplorer/scHicCluster.xml	schicexplorer_schiccluster	6529b5aa27f9d3268f88674f1533cd4cc3babd64d1e9a6919bf14bcb68dacdb0
tools-iuc	0dfd993e151cb880bbef237ba3d316b4dcf7ffea	tools/schicexplorer/scHicClusterCompartments.xml	schicexplorer_schicclustercompartments	ce9ba32380595d591d14c9cd4395b4f7c4121b4f58b65648ed9649ccb3674aed
tools-iuc	0dfd993e151cb880bbef237ba3d316b4dcf7ffea	tools/schicexplorer/scHicClusterMinHash.xml	schicexplorer_schicclusterminhash	23b0af1931c1f0c2ba6e5e8efec2921e2279ab8a3b2c004b49258650efcb7178
tools-iuc	0dfd993e151cb880bbef237ba3d316b4dcf7ffea	tools/schicexplorer/scHicClusterSVL.xml	schicexplorer_schicclustersvl	afe3cd441c28e9c90f517728cccc19e5d19bf7957c665d356120195eb02b7d34
tools-iuc	0dfd993e151cb880bbef237ba3d316b4dcf7ffea	tools/schicexplorer/scHicConsensusMatrices.xml	schicexplorer_schicconsensusmatrices	11006ff5ed23fdab3665530fec3fcc6b39728f02e613f7571dd30aa18c8c1153
tools-iuc	0dfd993e151cb880bbef237ba3d316b4dcf7ffea	tools/schicexplorer/scHicCorrectMatrices.xml	schicexplorer_schiccorrectmatrices	cf1edd3ab5dfb6f0738329531a83c659f037d64712723ba05e97e763bda5565e
tools-iuc	0dfd993e151cb880bbef237ba3d316b4dcf7ffea	tools/schicexplorer/scHicCreateBulkMatrix.xml	schicexplorer_schiccreatebulkmatrix	9dcd946d0dcc7837575def3437c6b5d495346bf178aead80d82d2932f746dcef
tools-iuc	0dfd993e151cb880bbef237ba3d316b4dcf7ffea	tools/schicexplorer/scHicDemultiplex.xml	schicexplorer_schicdemultiplex	177f14e0507190a60aa2e250252b4abf48a5e5f47f54cf1daf39ce147ba907e3
tools-iuc	0dfd993e151cb880bbef237ba3d316b4dcf7ffea	tools/schicexplorer/scHicInfo.xml	schicexplorer_schicinfo	242dfb52d75f51272a78041f7c73d227cf618a4c657611aef959474d8492923d
tools-iuc	0dfd993e151cb880bbef237ba3d316b4dcf7ffea	tools/schicexplorer/scHicMergeMatrixBins.xml	schicexplorer_schicmergematrixbins	d313633766cefb73bfc672020e04fdf9c6f20e4904a93eff0bc1170a0ee012ef
tools-iuc	0dfd993e151cb880bbef237ba3d316b4dcf7ffea	tools/schicexplorer/scHicMergeToSCool.xml	schicexplorer_schicmergetoscool	edef92f8a0f5169f6d3684164316f51cc6b7ac90af00265b3247dc4dd45da7ea
tools-iuc	0dfd993e151cb880bbef237ba3d316b4dcf7ffea	tools/schicexplorer/scHicNormalize.xml	schicexplorer_schicnormalize	3d57ee8abe4dc723ee782db46c441cc56f47d77fe8437061080f8e4d6462fbe8
tools-iuc	0dfd993e151cb880bbef237ba3d316b4dcf7ffea	tools/schicexplorer/scHicPlotClusterProfiles.xml	schicexplorer_schicplotclusterprofiles	d891343e80f4495623412f47cb04ff4214e978df1f33864a97096a2fe2205926
tools-iuc	0dfd993e151cb880bbef237ba3d316b4dcf7ffea	tools/schicexplorer/scHicPlotConsensusMatrices.xml	schicexplorer_schicplotconsensusmatrices	dddf226a582cb3401c52ca5cf687c838efa49159df2c5ea656addfedbc241e9e
tools-iuc	0dfd993e151cb880bbef237ba3d316b4dcf7ffea	tools/schicexplorer/scHicQualityControl.xml	schicexplorer_schicqualitycontrol	9781ec3a0990c60cbcc7c41b8f7144ae3306229a152592160d01f51bfb846c86
tools-iuc	0dfd993e151cb880bbef237ba3d316b4dcf7ffea	tools/scikit-bio/scikit_bio_diversity_beta_diversity.xml	scikit_bio_diversity_beta_diversity	6e0547422c7e2de19e1f28f032ed5012a7f0fe2206562a66eaaf8ad298d4c813
tools-iuc	0dfd993e151cb880bbef237ba3d316b4dcf7ffea	tools/scoary/scoary.xml	scoary	9bf7d25921039d7bc952f692d7c0b55f059b7b2a7d2224a4da9a9a0713d55c54
tools-iuc	0dfd993e151cb880bbef237ba3d316b4dcf7ffea	tools/scop3p/scop3p.xml	scop3p	0423f7c8eea875c2a6ba166c2939de07bb92634c74ade395c390235780a8d65d
tools-iuc	0dfd993e151cb880bbef237ba3d316b4dcf7ffea	tools/scpipe/scpipe.xml	scpipe	49e04c01f1e103ba3cea51848f985b08273c03103df72af8925fb672d773786a
tools-iuc	0dfd993e151cb880bbef237ba3d316b4dcf7ffea	tools/seaborn/seaborn.xml	seaborn	3897f79050b76017475ccaf6648a6724b3b7758b4fa916315137d6d5bd143e27
tools-iuc	0dfd993e151cb880bbef237ba3d316b4dcf7ffea	tools/seaborn/seaborn_pairgrid.xml	seaborn_pairgrid	e21cc067504ce70a88f4bd96be2c711f44b0d15f6697f2e6c5c029df589f1198
tools-iuc	0dfd993e151cb880bbef237ba3d316b4dcf7ffea	tools/seacr/seacr.xml	seacr	844dc7f924a4ffaad001f813bb999913d869cf9e28dc88dae38884dbe5f45d7a
tools-iuc	0dfd993e151cb880bbef237ba3d316b4dcf7ffea	tools/selenzy_wrapper/selenzy_wrapper.xml	selenzy_wrapper	184ac8545f325a06aa8b48e415aeb7681e92a818ee7ca5c672a45cc9778a2c4f
tools-iuc	0dfd993e151cb880bbef237ba3d316b4dcf7ffea	tools/semibin/bin.xml	semibin_bin	64dcd48c94a7686742e65c332a230c21b4142a8422abfc0ae70e0259d2b51fb0
tools-iuc	0dfd993e151cb880bbef237ba3d316b4dcf7ffea	tools/semibin/concatenate_fasta.xml	semibin_concatenate_fasta	83ad141f78f1c7a3d8c7f4377b6a052e039abb647b4e250175d225aa335498a9
tools-iuc	0dfd993e151cb880bbef237ba3d316b4dcf7ffea	tools/semibin/generate_cannot_links.xml	semibin_generate_cannot_links	a9e2ef3b52d369e2d925035fffe364e83a5286dd55c9824f0f3511c23493a133
tools-iuc	0dfd993e151cb880bbef237ba3d316b4dcf7ffea	tools/semibin/generate_sequence_features.xml	semibin_generate_sequence_features	ac7f7bb9c641fc85171298205b3e174d9e311a7b94d7ce779c33e6bc936c071b
tools-iuc	0dfd993e151cb880bbef237ba3d316b4dcf7ffea	tools/semibin/semibin.xml	semibin	33d48cc91af69d32cfe53b2290720adeb11f4e59c41a5e2c9f2242d27beb6f6a
tools-iuc	0dfd993e151cb880bbef237ba3d316b4dcf7ffea	tools/semibin/train.xml	semibin_train	02eabd96b5aa4692ce48eb57b7bf1ae4042ca520d9e44dc8639d41c992e8d65c
tools-iuc	0dfd993e151cb880bbef237ba3d316b4dcf7ffea	tools/seq2hla/seq2hla.xml	seq2hla	61873a3d503e7b6078fb8c7cedf3634511db1c8831577ed86484429f7fed51fb
tools-iuc	0dfd993e151cb880bbef237ba3d316b4dcf7ffea	tools/seqcomplexity/seqcomplexity.xml	seqcomplexity	eb929c370bd020b5d4df2f6750636b58121a89450bda569e7747efac7bf9ead7
tools-iuc	0dfd993e151cb880bbef237ba3d316b4dcf7ffea	tools/seqkit/seqkit_fx2tab.xml	seqkit_fx2tab	dc0c4f02f40f7a988d40a853478e7699c492d126f63e3ee0c6de4130b54a16fa
tools-iuc	0dfd993e151cb880bbef237ba3d316b4dcf7ffea	tools/seqkit/seqkit_grep.xml	seqkit_grep	677f496eacc703e1300af5875a15d275d8d72b58b53929fb6ed8449ac5c1c967
tools-iuc	0dfd993e151cb880bbef237ba3d316b4dcf7ffea	tools/seqkit/seqkit_head.xml	seqkit_head	6a48180447b841d9d5488cbc0211dddea50aab88279aff26766090b359f01868
tools-iuc	0dfd993e151cb880bbef237ba3d316b4dcf7ffea	tools/seqkit/seqkit_locate.xml	seqkit_locate	c4ad7d5125f449d59d0890f72939439ba55e86ec549bc66a38683e29f942e0a8
tools-iuc	0dfd993e151cb880bbef237ba3d316b4dcf7ffea	tools/seqkit/seqkit_sort.xml	seqkit_sort	185db1d9eaa7b2521dcb8315599484f18462bfddbe6e2001677ef996ccec762c
tools-iuc	0dfd993e151cb880bbef237ba3d316b4dcf7ffea	tools/seqkit/seqkit_split2.xml	seqkit_split2	4dd057d4321b6430fe8d2ee1b652851916770ecde54f3d38f7afa8511c09e6c1
tools-iuc	0dfd993e151cb880bbef237ba3d316b4dcf7ffea	tools/seqkit/seqkit_stats.xml	seqkit_stats	d0be97f5229b1f795064bf6413598fbd8f8e7d6e52d740d1d6673b3938592769
tools-iuc	0dfd993e151cb880bbef237ba3d316b4dcf7ffea	tools/seqkit/seqkit_translate.xml	seqkit_translate	cc695d3c9e3a2c3888de427f26fd9dab6254255be838578eafe679158903d0cb
tools-iuc	0dfd993e151cb880bbef237ba3d316b4dcf7ffea	tools/seqprep/seqprep.xml	seqprep	de7c27751d48bc70e316c79aee6be867e0ec7d0320cba3035c510c671b346829
tools-iuc	0dfd993e151cb880bbef237ba3d316b4dcf7ffea	tools/seqsero2/seqsero2.xml	seqsero2	4bb588e423a36e200995e4541422968e24dcd2f789833e8a4055131b0e21197f
tools-iuc	0dfd993e151cb880bbef237ba3d316b4dcf7ffea	tools/seqtk/seqtk_comp.xml	seqtk_comp	fd3343f7cab4a531e58cacf318a01bf8989b7daa70a1d4f5f8c83e2a81522cab
tools-iuc	0dfd993e151cb880bbef237ba3d316b4dcf7ffea	tools/seqtk/seqtk_cutN.xml	seqtk_cutN	0622f990c30b6e14cbc4130a8f589b38551cfe483a936c942fb05c3ec48ba33c
tools-iuc	0dfd993e151cb880bbef237ba3d316b4dcf7ffea	tools/seqtk/seqtk_dropse.xml	seqtk_dropse	316acb9b7a8b56aff1e7924f4da11dc6353ee5ac8d09ac11fd3d4f84a06e5c5f
tools-iuc	0dfd993e151cb880bbef237ba3d316b4dcf7ffea	tools/seqtk/seqtk_fqchk.xml	seqtk_fqchk	3aa27dfb86a71191f8a665e7b49587504fd9447c21571f998b0027ced4f3f7e3
tools-iuc	0dfd993e151cb880bbef237ba3d316b4dcf7ffea	tools/seqtk/seqtk_hety.xml	seqtk_hety	bd7150fdb2264998165ad67f886b377d7b818a634580adef8b0bb9d04db683f3
tools-iuc	0dfd993e151cb880bbef237ba3d316b4dcf7ffea	tools/seqtk/seqtk_listhet.xml	seqtk_listhet	3b61b89066a4cfa6329a19448ca6a18d94fa51c74680cf41ba2132d0698fff5e
tools-iuc	0dfd993e151cb880bbef237ba3d316b4dcf7ffea	tools/seqtk/seqtk_mergefa.xml	seqtk_mergefa	b3b1a66d4b926193eee6c6f39079324892e6dff265918d47f234fcd9e4f1703e
tools-iuc	0dfd993e151cb880bbef237ba3d316b4dcf7ffea	tools/seqtk/seqtk_mergepe.xml	seqtk_mergepe	ea308ea55468a57733335764f0411135e7351963ee63436276b87048e8edf0f1
tools-iuc	0dfd993e151cb880bbef237ba3d316b4dcf7ffea	tools/seqtk/seqtk_mutfa.xml	seqtk_mutfa	77bb9c78f77fe99e894c92000c653325e1bb956dc8626f99c4ac7542f3107fc4
tools-iuc	0dfd993e151cb880bbef237ba3d316b4dcf7ffea	tools/seqtk/seqtk_randbase.xml	seqtk_randbase	1494727bb6281423c8378f92af1a2d4dbc995889ba64e2be2db96fc23f79003c
tools-iuc	0dfd993e151cb880bbef237ba3d316b4dcf7ffea	tools/seqtk/seqtk_sample.xml	seqtk_sample	17267bc58215f838b736c73a056b121f9f7080fd5de125a507c5cdd95560fd22
tools-iuc	0dfd993e151cb880bbef237ba3d316b4dcf7ffea	tools/seqtk/seqtk_seq.xml	seqtk_seq	70e79c8dbdc065ef436d5fb8b1087f9a3da78ca72003b9e26acec1f1b5052e58
tools-iuc	0dfd993e151cb880bbef237ba3d316b4dcf7ffea	tools/seqtk/seqtk_subseq.xml	seqtk_subseq	cac8ad6c617ed58b723ff31e6e0c473eb7080dc3ce905a10efaa2f70c44d1f61
tools-iuc	0dfd993e151cb880bbef237ba3d316b4dcf7ffea	tools/seqtk/seqtk_telo.xml	seqtk_telo	e08555816b46b93ff46f32172e6c0de1350a90389c2999584eeacd4afa859dfc
tools-iuc	0dfd993e151cb880bbef237ba3d316b4dcf7ffea	tools/seqtk/seqtk_trimfq.xml	seqtk_trimfq	6a253b16fbc0a5dc2ad6e30f96d78823387bb19099dd71563c16f657ec27a479
tools-iuc	0dfd993e151cb880bbef237ba3d316b4dcf7ffea	tools/sequali/sequali.xml	sequali	13186f31d8cdfc0f8423d8122cb337c98be80832338552e5c555924dc81c8266
tools-iuc	0dfd993e151cb880bbef237ba3d316b4dcf7ffea	tools/seqwish/seqwish.xml	seqwish	921c6701130f4463ffd3fbeeb356426e56f99ad622331f5b15eeb19df81ea5a0
tools-iuc	0dfd993e151cb880bbef237ba3d316b4dcf7ffea	tools/seurat/create_seurat.xml	seurat_create	c9a32df099051c66dd2600bae4f3f33705e1a5b0ee0dd73bdd6ddcffdfcb675e
tools-iuc	0dfd993e151cb880bbef237ba3d316b4dcf7ffea	tools/seurat/inspect_and_manipulate.xml	seurat_data	914c08e7790eb009c47303fcfa962ade7c61d601bf65c87b26b8ab0b9b54c7c8
tools-iuc	0dfd993e151cb880bbef237ba3d316b4dcf7ffea	tools/seurat/integrate.xml	seurat_integrate	3c171fb75660fd986700213fbf07f943e57a5ba6cc1f53a57182678f3dfa183f
tools-iuc	0dfd993e151cb880bbef237ba3d316b4dcf7ffea	tools/seurat/neighbors_clusters_markers.xml	seurat_clustering	db8a270b342b17577fdc3a5792b205bfa9e14997b24f6afe345e28a5ed32b627
tools-iuc	0dfd993e151cb880bbef237ba3d316b4dcf7ffea	tools/seurat/normalize_select_features_scale.xml	seurat_preprocessing	2908be0afbf5975deb9a8e32965c67fd769cc96443a0fceedfdbf1292d08dd0c
tools-iuc	0dfd993e151cb880bbef237ba3d316b4dcf7ffea	tools/seurat/plot.xml	seurat_plot	b0e05aaf657c0329b723b97f3d03be0cf792ab972b00956e2d37461b7dcdcce4
tools-iuc	0dfd993e151cb880bbef237ba3d316b4dcf7ffea	tools/seurat/reduce_dimensions.xml	seurat_reduce_dimension	42e714ec78a8d275f4064d7dd5af887d154bb3dc2c184e5939bee189ca6413bd
tools-iuc	0dfd993e151cb880bbef237ba3d316b4dcf7ffea	tools/sexdeterrmine/sexdeterrmine.xml	sexdeterrmine	04869d786ad978a64dcf2b23815d54632f6e908060c481e1a4e34d7161c2b501
tools-iuc	0dfd993e151cb880bbef237ba3d316b4dcf7ffea	tools/sfold/sfold.xml	sfold	22988fbc5ec7145d89800fbab731db1e276e1ba822d0c2c63e59907f2aab8d19
tools-iuc	0dfd993e151cb880bbef237ba3d316b4dcf7ffea	tools/shasta/shasta.xml	shasta	595d8c81be447c2e25eb0c9c9bc2f79986411b0f5770fa9b17b429c85715eaad
tools-iuc	0dfd993e151cb880bbef237ba3d316b4dcf7ffea	tools/shorah/shorah.xml	shorah_amplicon	8695edc23db09a32a08766e91903729437e86bf74b1c6c201227eb6e6c949117
tools-iuc	0dfd993e151cb880bbef237ba3d316b4dcf7ffea	tools/shovill/shovill.xml	shovill	e326f265bbcf3a9a215c5f4ef5e85cfef32109d0d20e543660c896e42b6654ca
tools-iuc	0dfd993e151cb880bbef237ba3d316b4dcf7ffea	tools/sickle/sickle.xml	sickle	a98044f3df8ccca0a76fb53797664d44211fd2431bb5e820d2ca219f73423c27
tools-iuc	0dfd993e151cb880bbef237ba3d316b4dcf7ffea	tools/simtext/abstracts_by_pmids.xml	abstracts_by_pmids	6c68434e7b6e74b850dfad14ab8cf24511f9172f6da389514eb86b57d999e350
tools-iuc	0dfd993e151cb880bbef237ba3d316b4dcf7ffea	tools/simtext/pmids_to_pubtator_matrix.xml	pmids_to_pubtator_matrix	bde02f8a268fdc23cf464416a11def8bf7bfc5a10a9e869a7cf7b30acf6c6c46
tools-iuc	0dfd993e151cb880bbef237ba3d316b4dcf7ffea	tools/simtext/pubmed_by_queries.xml	pubmed_by_queries	7155d646ac330f1ecf40b608af19e0578e8608d71a10e57945b7faa0a6e79f06
tools-iuc	0dfd993e151cb880bbef237ba3d316b4dcf7ffea	tools/simtext/text_to_wordmatrix.xml	text_to_wordmatrix	98976db60dc8a25c5a9ffcd40951b0645e18d870f65ea64796dd4ec41ac943c4
tools-iuc	0dfd993e151cb880bbef237ba3d316b4dcf7ffea	tools/sina/sina.xml	sina	cd6be05c539c58b622e46429dab026adc43ac4f73b4a86713aee1f33def1d123
tools-iuc	0dfd993e151cb880bbef237ba3d316b4dcf7ffea	tools/sinto/sinto_barcode.xml	sinto_barcode	0ac25feaa1b431ee09602a103b2fd7c21e0853342e1f69f99819274091534600
tools-iuc	0dfd993e151cb880bbef237ba3d316b4dcf7ffea	tools/sinto/sinto_fragments.xml	sinto_fragments	cbcdee1003918055e7c336f00f86380eb74fd2ccd61cc8b41403655646e6a1bd
tools-iuc	0dfd993e151cb880bbef237ba3d316b4dcf7ffea	tools/slamdunk/alleyoop.xml	alleyoop	0e951ce36bc11657e034719785f00b4a3fe28fe3c5d7603903093f5ec25ca31c
tools-iuc	0dfd993e151cb880bbef237ba3d316b4dcf7ffea	tools/slamdunk/slamdunk.xml	slamdunk	9802aa10823485de73b2baaa9a5edbe124655297b577acac09e37bb4d99c8ae0
tools-iuc	0dfd993e151cb880bbef237ba3d316b4dcf7ffea	tools/sleuth/sleuth.xml	sleuth	0e21ad9324d2ebeca324d604086ea1b8e1b6760a7f218e07bff6f2d248aa372e
tools-iuc	0dfd993e151cb880bbef237ba3d316b4dcf7ffea	tools/smallgenomeutilities/frameshift_deletions_checks.xml	smgu_frameshift_deletions_checks	29a5f4b77aa3dadf68d8acf947c8bd1e18be9a495de78ce44d262ff4574d7af6
tools-iuc	0dfd993e151cb880bbef237ba3d316b4dcf7ffea	tools/smudgeplot/smudgeplot.xml	smudgeplot	a66da7521a560ecc6b0ecc3c9d8e3aa78906a1b39a56a351cc8f3b2dd966d720
tools-iuc	0dfd993e151cb880bbef237ba3d316b4dcf7ffea	tools/snap/snap.xml	snap	4d2103832b76abf56aeead2ae11cb1967d02c4ebe5912b7d090bebac74b3fb83
tools-iuc	0dfd993e151cb880bbef237ba3d316b4dcf7ffea	tools/snap/snap_training.xml	snap_training	767666b2bac5e777a182b85cba39126ae312e9d614931e510d556586d3bd3d9f
tools-iuc	0dfd993e151cb880bbef237ba3d316b4dcf7ffea	tools/snapatac2/dimension_reduction_clustering.xml	snapatac2_clustering	c79014e029827c97ae20e68cd1fcb7fffd5073876efae91c90bc60bf4c0a7a1c
tools-iuc	0dfd993e151cb880bbef237ba3d316b4dcf7ffea	tools/snapatac2/metrics.xml	snapatac2_metrics	2258c62b5189292c7824c00bb38d00b7d1c39f61dbb79f4b98e2aaf30e99902e
tools-iuc	0dfd993e151cb880bbef237ba3d316b4dcf7ffea	tools/snapatac2/network.xml	snapatac2_network	7e1e7b03035927a68eb86b46b3233ecb1beb694c5ac7872c5a86eb49e4481c76
tools-iuc	0dfd993e151cb880bbef237ba3d316b4dcf7ffea	tools/snapatac2/peaks_and_motif_analysis.xml	snapatac2_peaks_and_motif	50f394b2d54b116b42746f3dd9aecf00beb16526becac6bb38d2ba5079731906
tools-iuc	0dfd993e151cb880bbef237ba3d316b4dcf7ffea	tools/snapatac2/plotting.xml	snapatac2_plotting	b3bf557ef7c8d3f3ec7a1f58ee78084584b5c85e0e7f2157084bc2873a5fef1f
tools-iuc	0dfd993e151cb880bbef237ba3d316b4dcf7ffea	tools/snapatac2/preprocessing.xml	snapatac2_preprocessing	6801b131bcc93e99ffcecb23e861c188ec22529900a882a8710f4053b9edda83
tools-iuc	0dfd993e151cb880bbef237ba3d316b4dcf7ffea	tools/sniffles/sniffles.xml	sniffles	5cf2fe3b72145a6278f587c2926fe1c2084c7a1939c8eb5b951aa2b5d9218e96
tools-iuc	0dfd993e151cb880bbef237ba3d316b4dcf7ffea	tools/snipit/snipit.xml	snipit	221d257e12a157b1857aebc1741a7c3b9f0ded29eabf531de132f12f0a18ac6c
tools-iuc	0dfd993e151cb880bbef237ba3d316b4dcf7ffea	tools/snippy/snippy-core.xml	snippy_core	ee958e881fb20aba4f2e5b01e006141fb01307b6035b4b1e9e5fb16298fee621
tools-iuc	0dfd993e151cb880bbef237ba3d316b4dcf7ffea	tools/snippy/snippy.xml	snippy	6a43fa15248e9c09d651eebef430be8d6935b12cc5bb7eba9377a1b5c678bb8d
tools-iuc	0dfd993e151cb880bbef237ba3d316b4dcf7ffea	tools/snippy/snippy_clean_full_aln.xml	snippy_clean_full_aln	ae2d770167d184c7b07f3249c6e91b29775c9ea4ec1f63b494586304628eb562
tools-iuc	0dfd993e151cb880bbef237ba3d316b4dcf7ffea	tools/snp-dists/snp-dists.xml	snp_dists	da18f8e71d6a36047a7a010c3c106969d2d563dc0877fde3cea649520ff1473e
tools-iuc	0dfd993e151cb880bbef237ba3d316b4dcf7ffea	tools/snp-sites/snp-sites.xml	snp_sites	2c06536caeb39e397f9f37a93f1f432de009a64c1f5c0d70094b4dc7b7581494
tools-iuc	0dfd993e151cb880bbef237ba3d316b4dcf7ffea	tools/snpeff-covid19/snpEff.xml	snpeff_sars_cov_2	e09359b58d9030585fdd9d50ab20ef78c8ec3e7431be9f5ac2f9d382f07d0ea3
tools-iuc	0dfd993e151cb880bbef237ba3d316b4dcf7ffea	tools/snpfreqplot/snpfreqplot.xml	snpfreqplot	34230907d14c25657a4f8b73a050906cc61fcc2a17993c78ed62254cdc5b4cc1
tools-iuc	0dfd993e151cb880bbef237ba3d316b4dcf7ffea	tools/socru/socru.xml	socru	17e3c812a427fdbb62714b80036b2a15ec3dc055d4c7a281bf15a63951186cbd
tools-iuc	0dfd993e151cb880bbef237ba3d316b4dcf7ffea	tools/sonneityping/parse_mykrobe_predict.xml	sonneityping	308c857bfa84c68627f1ab5f5a0c5b813c55dd1f1d065c5af9d61302269288cb
tools-iuc	0dfd993e151cb880bbef237ba3d316b4dcf7ffea	tools/spacexr/spacexr_cside.xml	spacexr_cside	78f2575502339473449ee52096350c641c42ea73aa95b5d8c9f9a263d5ff9867
tools-iuc	0dfd993e151cb880bbef237ba3d316b4dcf7ffea	tools/spacexr/spacexr_rctd.xml	spacexr_rctd	57ec52d9f90abf56cbc49b278e9cb95b0cf0e1b1817c8fd6ecc3e6aa27b8a58c
tools-iuc	0dfd993e151cb880bbef237ba3d316b4dcf7ffea	tools/spades/biosyntheticspades.xml	spades_biosyntheticspades	542856a8b1b8a03535268e3277cf2732e1b0d97a67440b29255e7d0d9a9a0b95
tools-iuc	0dfd993e151cb880bbef237ba3d316b4dcf7ffea	tools/spades/coronaspades.xml	spades_coronaspades	56d817cd6a2447c58a207a9c3b54f2bbcac52bb97e94eb75ef84ba40c006ab6d
tools-iuc	0dfd993e151cb880bbef237ba3d316b4dcf7ffea	tools/spades/metaplasmidspades.xml	spades_metaplasmidspades	5cd4e8b7c009146b1ade3e66f4ca8b68c24c2f333420fb2b780844de3ea70b46
tools-iuc	0dfd993e151cb880bbef237ba3d316b4dcf7ffea	tools/spades/metaspades.xml	metaspades	b62472e0eac5370386ba97ce45b12c9a4a56870d267a84dd5a917542297af619
tools-iuc	0dfd993e151cb880bbef237ba3d316b4dcf7ffea	tools/spades/metaviralspades.xml	spades_metaviralspades	2480d9572777e4a812a66185a5cf08e578a2d20729e748e0465ff3fde52bfd64
tools-iuc	0dfd993e151cb880bbef237ba3d316b4dcf7ffea	tools/spades/plasmidspades.xml	spades_plasmidspades	4ee5636612c290d3c470a8f30cc8d9f8790b4de77a6f6a72a3126be115883dbb
tools-iuc	0dfd993e151cb880bbef237ba3d316b4dcf7ffea	tools/spades/rnaspades.xml	rnaspades	ae4d347046d6cafd430765f7e5117864a773ec53decf514ef6e29b096efbed16
tools-iuc	0dfd993e151cb880bbef237ba3d316b4dcf7ffea	tools/spades/rnaviralspades.xml	spades_rnaviralspades	8779570eb25f2a3e2b249ac8fcf381de68fdce26f7d7113f59ef1907154725d3
tools-iuc	0dfd993e151cb880bbef237ba3d316b4dcf7ffea	tools/spades/spades.xml	spades	e699edcc3ba57aaa8d1bfdf2d46ef8e7904acf6a74aa8555ff95101f57423dd8
tools-iuc	0dfd993e151cb880bbef237ba3d316b4dcf7ffea	tools/spaln/list_spaln_tables.xml	list_spaln_tables	d1589b8bade137bfba204d855b91bbb7dd6def7952ca9802f8c928987ff75314
tools-iuc	0dfd993e151cb880bbef237ba3d316b4dcf7ffea	tools/spaln/spaln.xml	spaln	d7523df7ad28e08b32186f9679063aad58de82581ae49b0520ba21a333da697d
tools-iuc	0dfd993e151cb880bbef237ba3d316b4dcf7ffea	tools/spapros/evaluation.xml	spapros_evaluation	a5dd7698f902db10e6505366c696e86e942992ec3ec36f041efc9a914123119b
tools-iuc	0dfd993e151cb880bbef237ba3d316b4dcf7ffea	tools/spapros/selection.xml	spapros_selection	8650aaa1b09863ed76c98b10d2715590fc80a9ee894a639b55856cfa6e7cad26
tools-iuc	0dfd993e151cb880bbef237ba3d316b4dcf7ffea	tools/spatialdata/spatialdata_io.xml	spatialdata_io	52b2232f529e6be4bed1ee80a40d2b81f9d08428ee1e233b6bf44ea1c14d4f10
tools-iuc	0dfd993e151cb880bbef237ba3d316b4dcf7ffea	tools/spatialdata/spatialdata_operation.xml	spatialdata_operation	9807b11261191476cd1a26b525c1f6683ad296fbbd3c17b886abf8debe7c921c
tools-iuc	0dfd993e151cb880bbef237ba3d316b4dcf7ffea	tools/spatialdata/spatialdata_plot.xml	spatialdata_plot	66aa56bfd9e6a6f146d9058c3f6a47001f8357026d2b6970be1ea502b6fbe9a0
tools-iuc	0dfd993e151cb880bbef237ba3d316b4dcf7ffea	tools/spotyping/spotyping.xml	spotyping	46abd998e5943162f4afea96772ecd8c306344d73a6a24ee53a1506b664b9c4c
tools-iuc	0dfd993e151cb880bbef237ba3d316b4dcf7ffea	tools/spyboat/spyboat.xml	spyboat	b4cb13f35d4fc6aed1fce54ffbb63fe538bd3053dfa353aee4abcec83fcfa6c3
tools-iuc	0dfd993e151cb880bbef237ba3d316b4dcf7ffea	tools/squirrel/squirrel-phylo.xml	squirrel_phylo	f87af712725448da618b32cd893c437eaea830edb6cc13984a4d1a1fd9c14a20
tools-iuc	0dfd993e151cb880bbef237ba3d316b4dcf7ffea	tools/squirrel/squirrel-qc.xml	squirrel_qc	7c87f07cccd12bd0ba5fcde3b7d373c450894eb5a0d243b7393cbb46823ecadf
tools-iuc	0dfd993e151cb880bbef237ba3d316b4dcf7ffea	tools/sra-tools/fasterq_dump.xml	fasterq_dump	00cf6c785ffeb803042fa8671b1eba951c8f7c704533654658a37ea40f45dc97
tools-iuc	0dfd993e151cb880bbef237ba3d316b4dcf7ffea	tools/sra-tools/fastq_dump.xml	fastq_dump	5834e72529fbf9c8b8897c2de7650c50fb67849e4be2a3686614132f660b1664
tools-iuc	0dfd993e151cb880bbef237ba3d316b4dcf7ffea	tools/sra-tools/sam_dump.xml	sam_dump	3c541ba9ffad758867f63f9bfdc38199dcf056525d350e246526d38b4709d9b9
tools-iuc	0dfd993e151cb880bbef237ba3d316b4dcf7ffea	tools/srst2/srst2.xml	srst2	259ccb2b297be6a3b5e7a5f3c0d69387583cad5e912d66600d39913af1b9e0a4
tools-iuc	0dfd993e151cb880bbef237ba3d316b4dcf7ffea	tools/stacks/stacks_assembleperead.xml	stacks_assembleperead	bb9dbe650d771195f26b716cc7dbd22b4e7b7e5f92bade2339585591122f67cc
tools-iuc	0dfd993e151cb880bbef237ba3d316b4dcf7ffea	tools/stacks/stacks_clonefilter.xml	stacks_clonefilter	4b9dcf8e5d9e7f28a8b501bf7141f99cf8a5b4c9415e1d03668f760550afc87b
tools-iuc	0dfd993e151cb880bbef237ba3d316b4dcf7ffea	tools/stacks/stacks_cstacks.xml	stacks_cstacks	05ea8a96856d9b6b12b64173c1461dc662f08082ff225a1c977f58f44749b50a
tools-iuc	0dfd993e151cb880bbef237ba3d316b4dcf7ffea	tools/stacks/stacks_denovomap.xml	stacks_denovomap	bbff3ac3f88312622a55c1fbf2faf97a91d8dda82fe3f775fd7eeae95a302bb7
tools-iuc	0dfd993e151cb880bbef237ba3d316b4dcf7ffea	tools/stacks/stacks_genotypes.xml	stacks_genotypes	a98d0841543e5cd5f33dcc9e1fc591e3fedb86541d0572101e58ed640840aec1
tools-iuc	0dfd993e151cb880bbef237ba3d316b4dcf7ffea	tools/stacks/stacks_populations.xml	stacks_populations	65f3777e3ec9c86ef6b277f4230158f275640346a0808d71e92d3c2f695db81e
tools-iuc	0dfd993e151cb880bbef237ba3d316b4dcf7ffea	tools/stacks/stacks_procrad.xml	stacks_procrad	e41ce7a54f190bf41f37fb334a07fcde087efc237606c25510a0392d4e883613
tools-iuc	0dfd993e151cb880bbef237ba3d316b4dcf7ffea	tools/stacks/stacks_pstacks.xml	stacks_pstacks	157be4d4f8756593a1739083ecbcd9623f45ee7c0a14a38f9b43ac9696a13ca5
tools-iuc	0dfd993e151cb880bbef237ba3d316b4dcf7ffea	tools/stacks/stacks_refmap.xml	stacks_refmap	ac49b30e6e6e53afc00878082f4c3338fe4789549f88b5e9ea1a443f775266fe
tools-iuc	0dfd993e151cb880bbef237ba3d316b4dcf7ffea	tools/stacks/stacks_rxstacks.xml	stacks_rxstacks	3add855b69c587b09599e25d43b0d6d3783adbd955501e867867ea2e97d99e7a
tools-iuc	0dfd993e151cb880bbef237ba3d316b4dcf7ffea	tools/stacks/stacks_sstacks.xml	stacks_sstacks	b050b5a3e1cc1308c05aadb5bfeed84dd42ea395379f96bf7b86edead219ff61
tools-iuc	0dfd993e151cb880bbef237ba3d316b4dcf7ffea	tools/stacks/stacks_stats.xml	stacks_stats	d5a24bee3072bfcd8348144c3988b1dcb5a9a5756f8a813ecd9afdaabb8dedf2
tools-iuc	0dfd993e151cb880bbef237ba3d316b4dcf7ffea	tools/stacks/stacks_ustacks.xml	stacks_ustacks	ecd55b2a3f415e497eb695a581d2ffb27dfb0b4a4aa0487fbf17e5248cb795d0
tools-iuc	0dfd993e151cb880bbef237ba3d316b4dcf7ffea	tools/stacks2/stacks_clonefilter.xml	stacks2_clonefilter	50fbd38f5222d6becaa7261a16a4dbc69ebdf20d33bca8e37403bc6f62ab2cea
tools-iuc	0dfd993e151cb880bbef237ba3d316b4dcf7ffea	tools/stacks2/stacks_cstacks.xml	stacks2_cstacks	94d30a8730a285281a2564d4ebe82475fb668f419771f7d61f5b067e7c503baf
tools-iuc	0dfd993e151cb880bbef237ba3d316b4dcf7ffea	tools/stacks2/stacks_denovomap.xml	stacks2_denovomap	8ab675cad2b94e758b1f1b462e48fefc5bdcc5c7fddc966a1aed006ad3bb02e5
tools-iuc	0dfd993e151cb880bbef237ba3d316b4dcf7ffea	tools/stacks2/stacks_gstacks.xml	stacks2_gstacks	4f5ce130780c61b689ca0269d41f8bcf24bcb56d87fafcde5018c2f2c78f10d6
tools-iuc	0dfd993e151cb880bbef237ba3d316b4dcf7ffea	tools/stacks2/stacks_kmerfilter.xml	stacks2_kmerfilter	e60d1315950a203f05896a009a67e7bf0d7fb7ddd20ef632d787d32a22b657ad
tools-iuc	0dfd993e151cb880bbef237ba3d316b4dcf7ffea	tools/stacks2/stacks_populations.xml	stacks2_populations	e6775548ede2aa48ac2b6af3372182d6f98c37270fb68e68c9cff33cab13de67
tools-iuc	0dfd993e151cb880bbef237ba3d316b4dcf7ffea	tools/stacks2/stacks_procrad.xml	stacks2_procrad	cde47118cd56e06c25a31674f7a6f0b6d8667fdd4b5725a2bdc1d41b11a2f6a7
tools-iuc	0dfd993e151cb880bbef237ba3d316b4dcf7ffea	tools/stacks2/stacks_refmap.xml	stacks2_refmap	5b144a95400c01e23d993e12f3159b9da2ae2263670e108a0c338c9728d46dcd
tools-iuc	0dfd993e151cb880bbef237ba3d316b4dcf7ffea	tools/stacks2/stacks_shortreads.xml	stacks2_shortreads	53bd74f309d0d6081a5f9c2507d253b45634a46f607d0173c4f43ec3e7067578
tools-iuc	0dfd993e151cb880bbef237ba3d316b4dcf7ffea	tools/stacks2/stacks_sstacks.xml	stacks2_sstacks	f905ea1b99b1416521ca0ffceb99825a41683bcc94d6e70c6a4534d217fce979
tools-iuc	0dfd993e151cb880bbef237ba3d316b4dcf7ffea	tools/stacks2/stacks_tsv2bam.xml	stacks2_tsv2bam	77f3e5ed10dd97a8e666e5d95663ac92e17488995d9641ebfe78e872d2b41753
tools-iuc	0dfd993e151cb880bbef237ba3d316b4dcf7ffea	tools/stacks2/stacks_ustacks.xml	stacks2_ustacks	953c5a952f49e4633fb04f7435f3516d6a81b21adfb660c7cd156bf9b4b7ed4b
tools-iuc	0dfd993e151cb880bbef237ba3d316b4dcf7ffea	tools/star_fusion/star_fusion.xml	star_fusion	a0980c1f4bbe7874b21e7f391ca5f5056aed79305ca626aff78a44c5adc24119
tools-iuc	0dfd993e151cb880bbef237ba3d316b4dcf7ffea	tools/staramr/staramr_search.xml	staramr_search	3a8a96271472aee13a85195bebcf674611699efc393e1ace0dc7551df49a1469
tools-iuc	0dfd993e151cb880bbef237ba3d316b4dcf7ffea	tools/straindesign/analyzing-model.xml	straindesign_analyzing_model	eacccdea57adfe068c3d9d152928fa5e4504ce3d55dfdb0a332b86b6df6f6835
tools-iuc	0dfd993e151cb880bbef237ba3d316b4dcf7ffea	tools/straindesign/reduce-model.xml	straindesign_reduce_model	680b0044b2f60e9b7fff3ecbfa64d5b7ebc55f471012b64ebca57f9f1e1d5c22
tools-iuc	0dfd993e151cb880bbef237ba3d316b4dcf7ffea	tools/straindesign/simulate-deletion.xml	straindesign_simulate_deletion	ab53b6fb04248b9674d9f5eb9803c1af4f62fc4f94225d6acf65bceff7248d81
tools-iuc	0dfd993e151cb880bbef237ba3d316b4dcf7ffea	tools/strelka/strelka_germline.xml	strelka_germline	a536b219e55588d1f8b59dfba8a2db9728ecd880afe0d5478d89439c6ab69140
tools-iuc	0dfd993e151cb880bbef237ba3d316b4dcf7ffea	tools/strelka/strelka_somatic.xml	strelka_somatic	d29a45a18cd71b4df2a052e047d811db6345b62c560dad0757e994206182af8e
tools-iuc	0dfd993e151cb880bbef237ba3d316b4dcf7ffea	tools/stringtie/stringtie.xml	stringtie	7b68beabb38bbfc92588dfd5221663be0e634dba84e453b1addaeb2861021ad9
tools-iuc	0dfd993e151cb880bbef237ba3d316b4dcf7ffea	tools/stringtie/stringtie_merge.xml	stringtie_merge	ed11d431ba0c5dbbece4c3790efff73829a9f3969f0d2960db268ffd8f5bd5cd
tools-iuc	0dfd993e151cb880bbef237ba3d316b4dcf7ffea	tools/structure/structure.xml	structure	a579c6f7e45c23d8f5101d5f3b1ed44560c68331b51bb81e319547500c455e43
tools-iuc	0dfd993e151cb880bbef237ba3d316b4dcf7ffea	tools/structureharvester/structureharvester.xml	structureharvester	b0a4212838679b36d3323cd0d9814c22f650d36923b53dd050bd7628bdd69cd7
tools-iuc	0dfd993e151cb880bbef237ba3d316b4dcf7ffea	tools/swift/swift.xml	swiftlink	218753a615ca1ce592ec6935171ef41879bfa97b1eb1dd9ba764a1ac313cf55d
tools-iuc	0dfd993e151cb880bbef237ba3d316b4dcf7ffea	tools/swissmodel_modelling_api/swissmodel_api.xml	swissmodel_modelling_api	e42b03ff9de900e77d944f32aa2f3ff0b9120b1aab104d815ae10aef50916ba8
tools-iuc	0dfd993e151cb880bbef237ba3d316b4dcf7ffea	tools/syndiva/syndiva.xml	syndiva	ef993a237b227dd0bece7f8751e2d13df70ebbed58ddab9c81952b7eee094bb6
tools-iuc	0dfd993e151cb880bbef237ba3d316b4dcf7ffea	tools/syri/syri.xml	syri	c36d7a92058b7cbb33e35998ed2a59ef9b7426ce64af6b21d12d01b487113042
tools-iuc	0dfd993e151cb880bbef237ba3d316b4dcf7ffea	tools/table_compute/table_compute.xml	table_compute	09f83426b80a856f9878c590197245c7a0d901b1df2ce32d7b5b23ff3e64a17b
tools-iuc	0dfd993e151cb880bbef237ba3d316b4dcf7ffea	tools/taffy/taffy_add_gap_bases.xml	taffy_add_gap_bases	45c5f2fd75567810d6c0f6e09941914c8bac4081eddc7226a6f853e108a1bd7d
tools-iuc	0dfd993e151cb880bbef237ba3d316b4dcf7ffea	tools/taffy/taffy_annotate.xml	taffy_annotate	7da8bbd831e72938b39563d5cc076701a9db1b13d3e1bf7a41c93698370709ec
tools-iuc	0dfd993e151cb880bbef237ba3d316b4dcf7ffea	tools/taffy/taffy_coverage.xml	taffy_coverage	7b7e0a5b4f752ab670f6f3b8b429296095e97b392d5d047774655418dae35a77
tools-iuc	0dfd993e151cb880bbef237ba3d316b4dcf7ffea	tools/taffy/taffy_norm.xml	taffy_norm	24e4be0742398c0da85cebeef8bb23dc72b40c542d3cd9f2bc402e003baacc08
tools-iuc	0dfd993e151cb880bbef237ba3d316b4dcf7ffea	tools/taffy/taffy_sort.xml	taffy_sort	075c0b4e3112586512d9799a5e4a9a1422cebfb1fe2a9cefc39c0902add6c41b
tools-iuc	0dfd993e151cb880bbef237ba3d316b4dcf7ffea	tools/taffy/taffy_stats.xml	taffy_stats	45e6d0d4a10c9418e76faeaec8e464298dce0b449672d2123926389762fbe96a
tools-iuc	0dfd993e151cb880bbef237ba3d316b4dcf7ffea	tools/taffy/taffy_view.xml	taffy_view	eb14c08ddb948b80fd4398c8f3e69afa61bf57276a7360be7c8dd9515feb3d92
tools-iuc	0dfd993e151cb880bbef237ba3d316b4dcf7ffea	tools/tag_pileup_frequency/tag_pileup_frequency.xml	tag_pileup_frequency	583159469f6c1850d9e77c0d339c04f588806aaa2efd2e3c3b107a6ee17b2563
tools-iuc	0dfd993e151cb880bbef237ba3d316b4dcf7ffea	tools/tasmanian_mismatch/Tasmanian.xml	tasmanian_mismatch	b70205eebf844188c8cf41d6c2a295b0a5e710c084c7621cf2daa910cd1a3bd4
tools-iuc	0dfd993e151cb880bbef237ba3d316b4dcf7ffea	tools/taxonkit/taxonkit_name2taxid.xml	name2taxid	25d406d3eedc1b7714c814b9aa8d5a78090a8a1ad8b8a2ca2ead20fcb38485de
tools-iuc	0dfd993e151cb880bbef237ba3d316b4dcf7ffea	tools/taxonkit/taxonkit_profile2cami.xml	profile2cami	5df5151a8b0fcdbf7fda684f08a5e782b0f68e0bd76283cfda76ef5705d81e61
tools-iuc	0dfd993e151cb880bbef237ba3d316b4dcf7ffea	tools/taxonomy_filter_refseq/taxonomy_filter_refseq.xml	taxonomy_filter_refseq	4d59df781784a0c3701fd43c02689b1fd8eb8d969f476a1929ad731b523bdd22
tools-iuc	0dfd993e151cb880bbef237ba3d316b4dcf7ffea	tools/taxonomy_krona_chart/taxonomy_krona_chart.xml	taxonomy_krona_chart	bcd1d70137faef575124cf67140d0588c67aa66616168dda8b6f875a02028967
tools-iuc	0dfd993e151cb880bbef237ba3d316b4dcf7ffea	tools/taxpasta/taxpasta.xml	taxpasta	2a4a77c62b210657691a36763ebe4f2ec684e282a7ca3001559d8c84e5ba80a7
tools-iuc	0dfd993e151cb880bbef237ba3d316b4dcf7ffea	tools/tb-profiler/tb_profiler_collate.xml	tb_profiler_collate	745e6fc265d029bcfc93a0f83fdfd71a45b8841091474fcb091112ec65034215
tools-iuc	0dfd993e151cb880bbef237ba3d316b4dcf7ffea	tools/tb-profiler/tb_profiler_profile.xml	tb_profiler_profile	4528c3afb10a3f548a4014a4462ef0e683d570e7005afb816178c3778c980986
tools-iuc	0dfd993e151cb880bbef237ba3d316b4dcf7ffea	tools/tb_variant_filter/tb_variant_filter.xml	tb_variant_filter	d2d969215913fc816d4b8cda29b4a14bba05dea01667e8fd41c7d0afdee47505
tools-iuc	0dfd993e151cb880bbef237ba3d316b4dcf7ffea	tools/tbl2gff3/tbl2gff3.xml	tbl2gff3	4f3b8f69d39e832be3978748b4724c711746da888f942dda654208333fd72361
tools-iuc	0dfd993e151cb880bbef237ba3d316b4dcf7ffea	tools/tbvcfreport/tbvcfreport.xml	tbvcfreport	54fd84dd66edef1d6b5b036c45a016ac01ac221c7bd908c2983cd54b51791556
tools-iuc	0dfd993e151cb880bbef237ba3d316b4dcf7ffea	tools/te_finder/TEfinder.xml	te_finder	6ed4c7a7102ef56dde9c438fbd908512798e71435f1e7f3b6856af3b9d77ee29
tools-iuc	0dfd993e151cb880bbef237ba3d316b4dcf7ffea	tools/telescope/telescope_assign.xml	telescope_assign	e8ebe138b0116fceed06eeedb1285f9d4cb5e8d83f787e4bb1f3bf6e6ce04982
tools-iuc	0dfd993e151cb880bbef237ba3d316b4dcf7ffea	tools/telogator/telogator.xml	telogator	17a43f7c73c1911e7f4dba8e3e9a36e0e2e5aa248d37c1d2d94f80201e1b68d0
tools-iuc	0dfd993e151cb880bbef237ba3d316b4dcf7ffea	tools/telogator/telogator_make_ref.xml	telogator_make_ref	2327632a494a2ca56a1f5f03b1ae48c8154af7f3b1ebc15c6add7ee83675246c
tools-iuc	0dfd993e151cb880bbef237ba3d316b4dcf7ffea	tools/teloscope/teloscope.xml	teloscope	0c4fe6cdd82943f8f63df35414eb0c996fb6ef0c369d84b09d9636feb63c7140
tools-iuc	0dfd993e151cb880bbef237ba3d316b4dcf7ffea	tools/tesseract/tesseract.xml	tesseract	a006fe20eb83227c9706b1472d0897c32d2cd62bacf17ae4bd934919646188bc
tools-iuc	0dfd993e151cb880bbef237ba3d316b4dcf7ffea	tools/tetoolkit/tetranscript.xml	tetoolkit_tetranscripts	2b175496d123469c4dd3c0634a1d9e7e1a1e7296875ad488b28d85fc0f91be04
tools-iuc	0dfd993e151cb880bbef237ba3d316b4dcf7ffea	tools/tetyper/tetyper.xml	tetyper	35123b4c198f0cb00e17775db4be63d1d1663d3497cc3083f8952afd1b6938b1
tools-iuc	0dfd993e151cb880bbef237ba3d316b4dcf7ffea	tools/tiberius/tiberius.xml	tiberius	856031c2d39a7387c17125396b82ca7aa24b611b5b79047487bb33ec0e378ecb
tools-iuc	0dfd993e151cb880bbef237ba3d316b4dcf7ffea	tools/tn93/readreduce.xml	tn93_readreduce	9a9287b1d358e77563731fe5ac11dd26bd637a9383e503683b1a4c86b8740a99
tools-iuc	0dfd993e151cb880bbef237ba3d316b4dcf7ffea	tools/tn93/tn93.xml	tn93	f2d666e1bd77713fec6074b1a6ae7e930762db9a14a1049dc8405a2362c39404
tools-iuc	0dfd993e151cb880bbef237ba3d316b4dcf7ffea	tools/tn93/tn93_cluster.xml	tn93_cluster	642dd582d26342557d5a08ece16a213af57f56673798414868b00bd898d51e28
tools-iuc	0dfd993e151cb880bbef237ba3d316b4dcf7ffea	tools/tn93/tn93_filter.xml	tn93_filter	68af26700fb6df9edc77aff92609473e33ef4a1cd8cf40560a9dfa36216cbee7
tools-iuc	0dfd993e151cb880bbef237ba3d316b4dcf7ffea	tools/tooldistillator/tooldistillator.xml	tooldistillator	5f5f9f64024c1d8945c82b3855ee689fb39a5753bd723c5df5c7f9fe58e0419c
tools-iuc	0dfd993e151cb880bbef237ba3d316b4dcf7ffea	tools/tooldistillator/tooldistillator_summarize.xml	tooldistillator_summarize	edb3f4e8a04d83cac1c0e03f64f969f935de4bea15385f0a989ecef9d0aa207b
tools-iuc	0dfd993e151cb880bbef237ba3d316b4dcf7ffea	tools/tracegroomer/tracegroomer.xml	tracegroomer	ae3900d4f2f87d7cebc3966459ad34e2d59d648745fe6088d6db2cb45ff58a97
tools-iuc	0dfd993e151cb880bbef237ba3d316b4dcf7ffea	tools/tracy/tracy_align.xml	tracy_align	038faf5313d1a5437226c5e7bfac28a925b8bee3a7aa5c9fb94ed8f45b713f9a
tools-iuc	0dfd993e151cb880bbef237ba3d316b4dcf7ffea	tools/tracy/tracy_assemble.xml	tracy_assemble	21a349ad6f9a852588461b5dcfe9823baf59893bcf742e91d0df08243e048467
tools-iuc	0dfd993e151cb880bbef237ba3d316b4dcf7ffea	tools/tracy/tracy_basecall.xml	tracy_basecall	65b2588ba2123153b4d504e628d1f336191b73910f4c0b2d4b012f291777a043
tools-iuc	0dfd993e151cb880bbef237ba3d316b4dcf7ffea	tools/tracy/tracy_decompose.xml	tracy_decompose	9a7c5db6d901f241871b3991263f525a2a8ac5cf935500bfde37238726f09fa1
tools-iuc	0dfd993e151cb880bbef237ba3d316b4dcf7ffea	tools/transdecoder/transdecoder.xml	transdecoder	b70a17b09c6ed85dc959ecba8aeec215c67dbe3c290e11cbf18203fc8c714904
tools-iuc	0dfd993e151cb880bbef237ba3d316b4dcf7ffea	tools/transit/convert_gff.xml	gff_to_prot	0a7289fe5027dd518f345b35d7e092469dba30edf86f7623ef2921a04eeeb652
tools-iuc	0dfd993e151cb880bbef237ba3d316b4dcf7ffea	tools/transit/transit_gumbel.xml	transit_gumbel	42dda0d1d6687eea6f951c66ae8dbc36477564cd8f30cf185ee2a5a274d065b6
tools-iuc	0dfd993e151cb880bbef237ba3d316b4dcf7ffea	tools/transit/transit_hmm.xml	transit_hmm	23c6a1d82ecdc19328e78ba992e3afbc1305cc9c6d559172e71e74760ac9f0d4
tools-iuc	0dfd993e151cb880bbef237ba3d316b4dcf7ffea	tools/transit/transit_resampling.xml	transit_resampling	34252f44cd392475a6bf983a1e7dd4c39fde63f2974b28bd94edb806ca8d2878
tools-iuc	0dfd993e151cb880bbef237ba3d316b4dcf7ffea	tools/transit/transit_tn5gaps.xml	transit_tn5gaps	5e3158413d79b272c302561122b7e68e548d15183d263c0a0498e23c73967643
tools-iuc	0dfd993e151cb880bbef237ba3d316b4dcf7ffea	tools/transtermhp/transtermhp.xml	transtermhp	23a0f161505a4640677eeaed59ff9f0c0e1b8d230738147f6bd8f7c64d2fa7e7
tools-iuc	0dfd993e151cb880bbef237ba3d316b4dcf7ffea	tools/trimal/trimal.xml	trimal	e2fafe97508125d7e9aedea885cc6e1dbbfa58c8cd7438437605feb9fc54bdb0
tools-iuc	0dfd993e151cb880bbef237ba3d316b4dcf7ffea	tools/trimmomatic/trimmomatic.xml	trimmomatic	c339bff0ebd82419a81d18dad2a1b67ed8b214828e9f7a5cb4a7a0877ea8f566
tools-iuc	0dfd993e151cb880bbef237ba3d316b4dcf7ffea	tools/trinity/abundance_estimates_to_matrix.xml	trinity_abundance_estimates_to_matrix	d7a3d62b6bcee4a5a54282c7af2a1993e862b05f6d0f77bf404a51696db166d8
tools-iuc	0dfd993e151cb880bbef237ba3d316b4dcf7ffea	tools/trinity/align_and_estimate_abundance.xml	trinity_align_and_estimate_abundance	553eae81401c454c83b8be1c902509b896401de92ef450f30618dabab988d11e
tools-iuc	0dfd993e151cb880bbef237ba3d316b4dcf7ffea	tools/trinity/analyze_diff_expr.xml	trinity_analyze_diff_expr	591426edd59b894acede064898fdc506c2989fd351b5ea27a5870fe9caee73da
tools-iuc	0dfd993e151cb880bbef237ba3d316b4dcf7ffea	tools/trinity/contig_exn50_statistic.xml	trinity_contig_exn50_statistic	db2ef960c22a67f9bdfae20955d5658f88183047b90cdbc786e1e9b41c22610b
tools-iuc	0dfd993e151cb880bbef237ba3d316b4dcf7ffea	tools/trinity/define_clusters_by_cutting_tree.xml	trinity_define_clusters_by_cutting_tree	3a97d31ba173d47b51a0e8255e5653e4864c8c34f1126a8471564c4239bfdd12
tools-iuc	0dfd993e151cb880bbef237ba3d316b4dcf7ffea	tools/trinity/describe_samples.xml	describe_samples	3bdcd5f2b078a2b365a3c659b59fc32e0aaa161a8f7beb9739157af5026c7053
tools-iuc	0dfd993e151cb880bbef237ba3d316b4dcf7ffea	tools/trinity/filter_low_expr_transcripts.xml	trinity_filter_low_expr_transcripts	1fe4f3c00306c7dda84a84e09c4aa47c9bea8097d54cf3c441cac82dcea0385f
tools-iuc	0dfd993e151cb880bbef237ba3d316b4dcf7ffea	tools/trinity/gene_to_trans_map.xml	trinity_gene_to_trans_map	78e937176cdf7c675f8f15194652421ca7c125fe12bf22761f13629e59afb08c
tools-iuc	0dfd993e151cb880bbef237ba3d316b4dcf7ffea	tools/trinity/run_de_analysis.xml	trinity_run_de_analysis	756135341f358d04ad2017692b6b170e10c93e7bcb7e42bedf96e33125946bf4
tools-iuc	0dfd993e151cb880bbef237ba3d316b4dcf7ffea	tools/trinity/samples_qccheck.xml	trinity_samples_qccheck	ad74577a3110a518b0049da3015788df84448028e4ed7f492763269d07bdb05e
tools-iuc	0dfd993e151cb880bbef237ba3d316b4dcf7ffea	tools/trinity/super_transcripts.xml	trinity_super_transcripts	18c36d26a03f49172f3a959b84e3b1952ab1e327e0157a04090ed233aba389e6
tools-iuc	0dfd993e151cb880bbef237ba3d316b4dcf7ffea	tools/trinity/trinity.xml	trinity	591cf71b3d937abeb8e8b6bf300d87c0c17c89fd0ccac741ef1fd6ec9dabd366
tools-iuc	0dfd993e151cb880bbef237ba3d316b4dcf7ffea	tools/trinity/trinityStats.xml	trinity_stats	1bab6c6af324d2f220e113065b9160e093ba962005dd055652a3073af480f92f
tools-iuc	0dfd993e151cb880bbef237ba3d316b4dcf7ffea	tools/trinotate/trinotate.xml	trinotate	05ff5a4b2833b0113ec47cc15773f5f6fc3791077cc1edf15f61314ea7249b28
tools-iuc	0dfd993e151cb880bbef237ba3d316b4dcf7ffea	tools/trycycler/trycycler_cluster.xml	trycycler_cluster	f529e7d0b25b0ca91cfa04c25b57bece1a6ab4a509a1dcc59f9cb42912609f2a
tools-iuc	0dfd993e151cb880bbef237ba3d316b4dcf7ffea	tools/trycycler/trycycler_consensus.xml	trycycler_consensus	2ba27e1b97219b9dec1fe0f9dbaf6bfa79661527e2808e89a0ad59e80c729e2d
tools-iuc	0dfd993e151cb880bbef237ba3d316b4dcf7ffea	tools/trycycler/trycycler_partition.xml	trycycler_partition	9436328a5e146f50dd81e66d8e644f8c521efa5594b87255028a554bcf9b0ccb
tools-iuc	0dfd993e151cb880bbef237ba3d316b4dcf7ffea	tools/trycycler/trycycler_reconcile_msa.xml	trycycler_reconcile_msa	1069d06c3dc7897f17e1168ff66e1a8b61081e58f65e9a8781bd981b1b6209b9
tools-iuc	0dfd993e151cb880bbef237ba3d316b4dcf7ffea	tools/trycycler/trycycler_subsample.xml	trycycler_subsample	42b791fd2496e5d930745baa38ea0be8889690a9da7f05bf6e12d268cc0d6a3d
tools-iuc	0dfd993e151cb880bbef237ba3d316b4dcf7ffea	tools/tsebra/tsebra.xml	tsebra	31023b9e185293c210c34b3dd8724774835f31b66c347292aa3cedcb2a099a49
tools-iuc	0dfd993e151cb880bbef237ba3d316b4dcf7ffea	tools/tsne/rtsne.xml	tsne	90e5bd5363cee8adc936a66d3bd339dfa0e463d55ffca18a24f1506df88121d4
tools-iuc	0dfd993e151cb880bbef237ba3d316b4dcf7ffea	tools/tximport/tximport.xml	tximport	7b24f971ae0a03538832dcc075b9285e4a89798ab11c31b216f3136991f8b11a
tools-iuc	0dfd993e151cb880bbef237ba3d316b4dcf7ffea	tools/ucsc_blat/blat.xml	ucsc_blat	afaadee649fe028aef18c9ed63c4f7feffd1355f94da53887eeb62fe7050641d
tools-iuc	0dfd993e151cb880bbef237ba3d316b4dcf7ffea	tools/ucsc_tools/fasplit/fasplit.xml	fasplit	a940b35a145b7a3cf00b6c409da64eb1ad7453f47554ca9f1e2e7c7749d5053d
tools-iuc	0dfd993e151cb880bbef237ba3d316b4dcf7ffea	tools/ucsc_tools/fatovcf/fatovcf.xml	fatovcf	e43d890971628a44e56583eff51bc99d5f6e323233c41832cb4a8cc819da92b3
tools-iuc	0dfd993e151cb880bbef237ba3d316b4dcf7ffea	tools/ucsc_tools/maftoaxt/maftoaxt.xml	maftoaxt	5dae4522b2fc14fb7d234295bcc7b0d9ddea157a4ace62d1a36495528c25a6c0
tools-iuc	0dfd993e151cb880bbef237ba3d316b4dcf7ffea	tools/ucsc_tools/maftools/mafAddIRows.xml	ucsc_mafaddirows	f823513d7ee1a767fc80b3c798f451af314424c7ae437363a981c26f41cd0be5
tools-iuc	0dfd993e151cb880bbef237ba3d316b4dcf7ffea	tools/ucsc_tools/maftools/mafCoverage.xml	ucsc_mafcoverage	825a970d0b9e96fbc7adfff17290c89f14bc369f04ebf769bd63565438f86f92
tools-iuc	0dfd993e151cb880bbef237ba3d316b4dcf7ffea	tools/ucsc_tools/maftools/mafFetch.xml	ucsc_maffetch	78720e651f57f91736a2dc2d3bd2dc708ab75553f0fcb4abfd243dc17c4c5dfb
tools-iuc	0dfd993e151cb880bbef237ba3d316b4dcf7ffea	tools/ucsc_tools/maftools/mafFilter.xml	ucsc_mafFilter	18caab501f3020b5552d3ccf61a43a4f27a90288591e1717d2607b88e10f05e0
tools-iuc	0dfd993e151cb880bbef237ba3d316b4dcf7ffea	tools/ucsc_tools/maftools/mafFrag.xml	ucsc_maffrag	3f265d648635743b9b9824deda03b69174e527b6f33ccaf4ee7707874fb5311c
tools-iuc	0dfd993e151cb880bbef237ba3d316b4dcf7ffea	tools/ucsc_tools/maftools/mafFrags.xml	ucsc_maffrags	6601aaa683fe045cefe572705e648435d866378dbae4525996650785f1f2cdc0
tools-iuc	0dfd993e151cb880bbef237ba3d316b4dcf7ffea	tools/ucsc_tools/maftools/mafGene.xml	ucsc_mafgene	089bb63cfb26e95d70ddf8464f12c70688b468d4729e10edff74a56ef87dc2a5
tools-iuc	0dfd993e151cb880bbef237ba3d316b4dcf7ffea	tools/ucsc_tools/twobittofa/twobittofa.xml	ucsc-twobittofa	37b59a90c51f0c2ef586651e9cadc8dca57a604c45b6e39d864177ecd6079797
tools-iuc	0dfd993e151cb880bbef237ba3d316b4dcf7ffea	tools/ucsc_tools/ucsc_axtchain/axtchain.xml	ucsc_axtchain	b43707abc138532beafe296e932f764509803c35730f1c0a6717c19d4c9695b6
tools-iuc	0dfd993e151cb880bbef237ba3d316b4dcf7ffea	tools/ucsc_tools/ucsc_axttomaf/axttomaf.xml	ucsc_axtomaf	87be43e989cb1f752c442906162dfd0bb66297d465ab658aca12fca7010ea594
tools-iuc	0dfd993e151cb880bbef237ba3d316b4dcf7ffea	tools/ucsc_tools/ucsc_chainantirepeat/ucsc_chainantirepeat.xml	ucsc_chainantirepeat	57f52fce7fa7d2d9df9622870b001b494ae8ae26cafee255ce99717e02f54f14
tools-iuc	0dfd993e151cb880bbef237ba3d316b4dcf7ffea	tools/ucsc_tools/ucsc_chainnet/chainnet.xml	ucsc_chainnet	a86d0945de87100df1f43ac23e00b6b06109dc369d22a9402ae119ea59045a90
tools-iuc	0dfd993e151cb880bbef237ba3d316b4dcf7ffea	tools/ucsc_tools/ucsc_chainprenet/chainprenet.xml	ucsc_chainprenet	c27ef4e6455c63ac89d60f8d51dbf7607f2102edbdda215cf46b360642bbacdc
tools-iuc	0dfd993e151cb880bbef237ba3d316b4dcf7ffea	tools/ucsc_tools/ucsc_chainsort/chainsort.xml	ucsc_chainsort	931eb88448058f1bd16634c7df2b266439925e80d765a31a8426f04227617ee9
tools-iuc	0dfd993e151cb880bbef237ba3d316b4dcf7ffea	tools/ucsc_tools/ucsc_chainswap/chainswap.xml	ucsc_chainswap	7d6b64b3b8680fc12b5fe70e52d835c7e83f5e77752070dc7fb0e26aee6972c2
tools-iuc	0dfd993e151cb880bbef237ba3d316b4dcf7ffea	tools/ucsc_tools/ucsc_netchainsubset/netchainsubset.xml	ucsc_netchainsubset	d762772aeff24dc8e61c1dc8ce89b4d615d4f0c20e522d3c9f1e4c19182f3a11
tools-iuc	0dfd993e151cb880bbef237ba3d316b4dcf7ffea	tools/ucsc_tools/ucsc_netfilter/netfilter.xml	ucsc_netfilter	3b32780c67990d147a3a1b0784d60eae3d0a22dbdd65d136aa5fe6a0ecf5a098
tools-iuc	0dfd993e151cb880bbef237ba3d316b4dcf7ffea	tools/ucsc_tools/ucsc_netsyntenic/netsyntenic.xml	ucsc_netsyntenic	a9ab827a8439eaebe109d2c354499a96630bb4d7a2fada07fd8de8ba46db4c66
tools-iuc	0dfd993e151cb880bbef237ba3d316b4dcf7ffea	tools/ucsc_tools/ucsc_nettoaxt/nettoaxt.xml	ucsc_nettoaxt	7d17400e85e0ded37f7331a1c4b9bfb7628764c5d32f5a2e15af5bbe9a253ccd
tools-iuc	0dfd993e151cb880bbef237ba3d316b4dcf7ffea	tools/ucsc_tools/wigtobigwig/wigtobigwig.xml	ucsc_wigtobigwig	f6f9f1444fcfae1da28a2b105224434f410fd99452f0f06c7e2ae3dbe6515b7e
tools-iuc	0dfd993e151cb880bbef237ba3d316b4dcf7ffea	tools/umi_tools/umi-tools_counts.xml	umi_tools_count	1b136a0da059091957497328df19f4f5b5b0119cf089f4a92def05f077432499
tools-iuc	0dfd993e151cb880bbef237ba3d316b4dcf7ffea	tools/umi_tools/umi-tools_dedup.xml	umi_tools_dedup	63801f3fcf2a38e95c458d5b6d96f0030f68b2a8f5a13b0959c41a73437b2273
tools-iuc	0dfd993e151cb880bbef237ba3d316b4dcf7ffea	tools/umi_tools/umi-tools_extract.xml	umi_tools_extract	d847ab0b56b0d628aecd40f7cfd75c3842c52d4dab3f824a3d3965d675bc7ceb
tools-iuc	0dfd993e151cb880bbef237ba3d316b4dcf7ffea	tools/umi_tools/umi-tools_group.xml	umi_tools_group	beaed3b37e26da6bc1a7f37c4948153b6b537f15859ee4c5ed67d6a1d8a0efca
tools-iuc	0dfd993e151cb880bbef237ba3d316b4dcf7ffea	tools/umi_tools/umi-tools_whitelist.xml	umi_tools_whitelist	7fc75fab96164b607dec9e86583458fec72684fe12a96c6f92bf9c1a160ff5a3
tools-iuc	0dfd993e151cb880bbef237ba3d316b4dcf7ffea	tools/unicycler/unicycler.xml	unicycler	c4642e8ecf028b8e264b68ad2bdcc2f13a76e29574a41feff771b059c9cfc915
tools-iuc	0dfd993e151cb880bbef237ba3d316b4dcf7ffea	tools/upsetr/rcx_upsetplot.xml	rcx_upsetplot	92b9f2c47fe8e841be365e4c6ff95437da5721147fe1fb319f1e7a0da605aeb6
tools-iuc	0dfd993e151cb880bbef237ba3d316b4dcf7ffea	tools/usher/matutils.xml	usher_matutils	fc01c8985191045b21696abb7a29f22dbef3a5f6e5070a22bee31dc314089b78
tools-iuc	0dfd993e151cb880bbef237ba3d316b4dcf7ffea	tools/usher/ripples.xml	usher_ripples	05cfb74486e54991fd495b93721fbb32756dcbda2fdb8129db9347b1cc969e1e
tools-iuc	0dfd993e151cb880bbef237ba3d316b4dcf7ffea	tools/usher/usher.xml	usher	bdf4007496518de3872daab850bcb8360f6893758e9c76ae6a91fc5fc8fc1e7a
tools-iuc	0dfd993e151cb880bbef237ba3d316b4dcf7ffea	tools/valet/valet.xml	valet	5daafc479110a98cab4d8a50996d2715bb8b9d5c8da8fb5dd0a8e6dc455933a5
tools-iuc	0dfd993e151cb880bbef237ba3d316b4dcf7ffea	tools/vapor/vapor.xml	vapor	a8467ce29ed5130202d43f3df9d5a1a4517866e88ed801dab4c57993dbc1dc9e
tools-iuc	0dfd993e151cb880bbef237ba3d316b4dcf7ffea	tools/vardict/vardict.xml	vardict_java	e8dec39069a24d1f2dabc2dd165d5ffe0911183af92e0e029f94c34307cda110
tools-iuc	0dfd993e151cb880bbef237ba3d316b4dcf7ffea	tools/variant_analyzer/mut2read.xml	mut2read	06a74bbd93c11bfc18b597aa6de8fd2449015505775ad228c50b5cbc7b6bda09
tools-iuc	0dfd993e151cb880bbef237ba3d316b4dcf7ffea	tools/variant_analyzer/mut2sscs.xml	mut2sscs	8ebf4b3b2f30354ddb8ca4166b0fa6c3cb50b7085d17ecae1430f6ddb45aa1d9
tools-iuc	0dfd993e151cb880bbef237ba3d316b4dcf7ffea	tools/variant_analyzer/read2mut.xml	read2mut	28c856a8b752ff50c8c521fe4498c4080d1c8c664248817162a16085bfe0137e
tools-iuc	0dfd993e151cb880bbef237ba3d316b4dcf7ffea	tools/varscan/varscan_copynumber.xml	varscan_copynumber	7a5f14a6c271e54871a2c255c7b8d7d804f499e5081a6aa8532aad30e7a1d3af
tools-iuc	0dfd993e151cb880bbef237ba3d316b4dcf7ffea	tools/varscan/varscan_mpileup.xml	varscan_mpileup	d38dfb7dd6d52fc1503be24f1d0669a5f9c8940d14e74fb7144f559758dae9ce
tools-iuc	0dfd993e151cb880bbef237ba3d316b4dcf7ffea	tools/varscan/varscan_somatic.xml	varscan_somatic	4e9bea8e00f00b196de4538c7e67719787882d4278450ba17721d1447d07cbd7
tools-iuc	0dfd993e151cb880bbef237ba3d316b4dcf7ffea	tools/varvamp/varvamp.xml	varvamp	5651f67b47eb840c6d582ae59b556c65b8b5fba7ab04581ce35ec6ad0ded6e34
tools-iuc	0dfd993e151cb880bbef237ba3d316b4dcf7ffea	tools/vcf2maf/vcf2maf.xml	vcf2maf	fe7590792fa65e77b3bbd8f232980a1acff289cee3c9154de7ce04162a5493e7
tools-iuc	0dfd993e151cb880bbef237ba3d316b4dcf7ffea	tools/vcfanno/vcfanno.xml	vcfanno	07c02528935db2608485abd2cfcc3c6c62e76eb02d3d7b1628bca9712271c538
tools-iuc	0dfd993e151cb880bbef237ba3d316b4dcf7ffea	tools/vcontact2/vcontact.xml	vcontact2	c514e8320fc75e4ffd7a731f01d898e421ef10118bf4ee40b3fc79f8e7e7b21c
tools-iuc	0dfd993e151cb880bbef237ba3d316b4dcf7ffea	tools/vcontact2/vcontact_gene2genome.xml	vcontact2_gene2genome	a30344d19a6519570dd3e93b0a7f88963b1d5c41aa64894fa316e176183fd0c2
tools-iuc	0dfd993e151cb880bbef237ba3d316b4dcf7ffea	tools/vegan/vegan_diversity.xml	vegan_diversity	4f8430ecd5fe7edb8e367de6d2c398a2533545b25f41606f53f953d5280cd1c6
tools-iuc	0dfd993e151cb880bbef237ba3d316b4dcf7ffea	tools/vegan/vegan_fisher_alpha.xml	vegan_fisher_alpha	591f071ae92aabb47c57105b2e0020c23a060c6a47304eb2a16d87ca761e22eb
tools-iuc	0dfd993e151cb880bbef237ba3d316b4dcf7ffea	tools/vegan/vegan_rarefaction.xml	vegan_rarefaction	f57ff210eb0db7464d87c41e5d9f79481ce80c1e394198538bf1af40d6572ab0
tools-iuc	0dfd993e151cb880bbef237ba3d316b4dcf7ffea	tools/velocyto/velocyto_cli.xml	velocyto_cli	4d263978d4a76e00ef045a2a4cb65ba5cdf2e89b3f27ce2ef79309d26bce0f59
tools-iuc	0dfd993e151cb880bbef237ba3d316b4dcf7ffea	tools/velvet/velvetg.xml	velvetg	a8dbfe459bd90142e3eeab115b84814f20fb4258f5cb5eb29c6f6d8d9e2366ec
tools-iuc	0dfd993e151cb880bbef237ba3d316b4dcf7ffea	tools/velvet/velveth.xml	velveth	8ddda8ab68e350c5327563429745913137669b5ffd00f4222a0ae6ec73d3e2eb
tools-iuc	0dfd993e151cb880bbef237ba3d316b4dcf7ffea	tools/velvet_optimiser/velvetoptimiser.xml	velvetoptimiser	91c8cac24416c7a3df79a51c10e0fe95703c854d1ac6ebc187a348fa00b9a6e5
tools-iuc	0dfd993e151cb880bbef237ba3d316b4dcf7ffea	tools/verkko/verkko.xml	verkko	fe0ab359875bffc91aa322914841ad49d383a62b4242676ba98d79a270d99aef
tools-iuc	0dfd993e151cb880bbef237ba3d316b4dcf7ffea	tools/vg/convert.xml	vg_convert	33644fc0a01faebd0d590bf1ffcfb3ef468782945d0892b3a6ce101675f152f7
tools-iuc	0dfd993e151cb880bbef237ba3d316b4dcf7ffea	tools/vg/deconstruct.xml	vg_deconstruct	dc0154442511f49a33ad4a1b47f03d1a4b3bbae6dc70f6ac8ee443bb73234ec1
tools-iuc	0dfd993e151cb880bbef237ba3d316b4dcf7ffea	tools/vg/view.xml	vg_view	ddfdb960aa8f10bff3014ff00a3e905c36e7d94839f8efbc06443fa42731c3ed
tools-iuc	0dfd993e151cb880bbef237ba3d316b4dcf7ffea	tools/vgp_processcuration/chromosome_assignment.xml	vgp_chromosome_assignment	c7935af8cf193cf4446925acb88ff49114810e7b40f931e98775fea5c36b7d28
tools-iuc	0dfd993e151cb880bbef237ba3d316b4dcf7ffea	tools/vgp_processcuration/sak_generation.xml	vgp_sak_generation	30f602d568092ae09605d43a4b085232527f61d39159d1c04579ea31264ea715
tools-iuc	0dfd993e151cb880bbef237ba3d316b4dcf7ffea	tools/vgp_processcuration/split_agp.xml	vgp_split_agp	4032e91f58a461bd48e7c2dd9b14be73ca97551f6668403da9ae6be00cd42c27
tools-iuc	0dfd993e151cb880bbef237ba3d316b4dcf7ffea	tools/viralverify/viralverify.xml	viralverify	4ac5f5779206a62d94839b467c4437a46cd7fa74f14872e780047edf7caf186e
tools-iuc	0dfd993e151cb880bbef237ba3d316b4dcf7ffea	tools/virannot/virAnnot_blast2tsv.xml	virannot_blast2tsv	a7aac30297325a91e4c46f9c61bf0b454955d15f932422db39881f5b812fc7b4
tools-iuc	0dfd993e151cb880bbef237ba3d316b4dcf7ffea	tools/virannot/virAnnot_otu.xml	virannot_otu	78e2c9320859ee5eaec833a8baefd53d50e3b2a0ed4d6e94ff006f50eba65494
tools-iuc	0dfd993e151cb880bbef237ba3d316b4dcf7ffea	tools/virannot/virAnnot_rps2tsv.xml	virAnnot_rps2tsv	3ccd2cdce34b8cb09d2d9d174b7e10781ff0e60e4285433299ef8192a73ba1e6
tools-iuc	0dfd993e151cb880bbef237ba3d316b4dcf7ffea	tools/virheat/virheat.xml	virheat	a38d0b5833b13a0f3cdfa81b72ce44df65931423c770f5a8453e07b0cb651717
tools-iuc	0dfd993e151cb880bbef237ba3d316b4dcf7ffea	tools/virhunter/virhunter.xml	virhunter	7273311fe2e4ec87a6457b949ea70fd997c59a36f18c4e77b2c231534f5a1571
tools-iuc	0dfd993e151cb880bbef237ba3d316b4dcf7ffea	tools/virulign/virulign.xml	virulign	540c454692e099701ab87db632df51f80be1220ef2da9e3a756c6b774a4c3e8a
tools-iuc	0dfd993e151cb880bbef237ba3d316b4dcf7ffea	tools/volcanoplot/volcanoplot.xml	volcanoplot	01b841cd68641f59e7ead27af9ca6cc2faaef52651009b79842e1782fe52deea
tools-iuc	0dfd993e151cb880bbef237ba3d316b4dcf7ffea	tools/vsearch/alignment.xml	vsearch_alignment	ec96469b91d24ac97092a607917c77d052042be593993bf8ae28a8fcc421a8d1
tools-iuc	0dfd993e151cb880bbef237ba3d316b4dcf7ffea	tools/vsearch/chimera.xml	vsearch_chimera_detection	924962475fd74de0e615e4a6c2b093b036484c945a6de3a4c2af84f9d18bab63
tools-iuc	0dfd993e151cb880bbef237ba3d316b4dcf7ffea	tools/vsearch/clustering.xml	vsearch_clustering	5c7b01b22d36ee8d9f8e3f0331abf81145d8ed7f00767838495e2ed1d473a3a8
tools-iuc	0dfd993e151cb880bbef237ba3d316b4dcf7ffea	tools/vsearch/dereplication.xml	vsearch_dereplication	dcaee04ce9435094adc5e4223d64ae57121097df857671577deaa2a5e905d2bc
tools-iuc	0dfd993e151cb880bbef237ba3d316b4dcf7ffea	tools/vsearch/masking.xml	vsearch_masking	12cab9c4a90c73b2e2a11282481e38f4a4e85b940bf07576eb88e120230344e7
tools-iuc	0dfd993e151cb880bbef237ba3d316b4dcf7ffea	tools/vsearch/search.xml	vsearch_search	703c3a43019a16a8b25f798fa7310caecd74dc0c7c997b4ba832ed1c14e50c95
tools-iuc	0dfd993e151cb880bbef237ba3d316b4dcf7ffea	tools/vsearch/shuffling.xml	vsearch_shuffling	90f3b009d87f16735fc7b2741968d5f3a5f5a4caed85b4b58061cd0ba72e1503
tools-iuc	0dfd993e151cb880bbef237ba3d316b4dcf7ffea	tools/vsearch/sorting.xml	vsearch_sorting	abd87755b952b30cc42828174715bc96f99728acb7ddf8fa7c9f1f55caa7796f
tools-iuc	0dfd993e151cb880bbef237ba3d316b4dcf7ffea	tools/vsnp/vsnp_add_zero_coverage.xml	vsnp_add_zero_coverage	a5f291aebe3edab62bc0e02162f8da0f82f295609098469d3bc443255211638b
tools-iuc	0dfd993e151cb880bbef237ba3d316b4dcf7ffea	tools/vsnp/vsnp_build_tables.xml	vsnp_build_tables	baeaede3a0822ca7e40a70fc0585e42f840f1c986997ab954f6404d9dbbb9150
tools-iuc	0dfd993e151cb880bbef237ba3d316b4dcf7ffea	tools/vsnp/vsnp_determine_ref_from_data.xml	vsnp_determine_ref_from_data	b8741c730972be955feb86b1ea242ca4d73e98369ba143d512b08fb9f95ee619
tools-iuc	0dfd993e151cb880bbef237ba3d316b4dcf7ffea	tools/vsnp/vsnp_get_snps.xml	vsnp_get_snps	7919b7f54b9607f5c97db1bb0f3ad167856537a86263a3082ee9630aa891f78f
tools-iuc	0dfd993e151cb880bbef237ba3d316b4dcf7ffea	tools/vsnp/vsnp_statistics.xml	vsnp_statistics	29621502e1ce4b8341c1a5543991fd5df3268f65e4efcef7c2e7f6d128561d57
tools-iuc	0dfd993e151cb880bbef237ba3d316b4dcf7ffea	tools/weather_app/simple_weather.xml	simple_weather	7f65ef47683d56a19bda7fa44103337bcdc50383c1d936209bcb5946eb2d4b3b
tools-iuc	0dfd993e151cb880bbef237ba3d316b4dcf7ffea	tools/weblogo3/rgWebLogo3.xml	rgweblogo3	8e8ef123b8345ea0e4cb921d00edaf17745415f924cd8414989e5be7e66abd07
tools-iuc	0dfd993e151cb880bbef237ba3d316b4dcf7ffea	tools/wfmash/wfmash.xml	wfmash	3f627268cc20872d0a9f134d959d9d1aa82584f6f5e465499953064c21e02bf0
tools-iuc	0dfd993e151cb880bbef237ba3d316b4dcf7ffea	tools/windowmasker/windowmasker_mkcounts.xml	windowmasker_mkcounts	cb5bd67642a15cd0afc11cfbd8e0de57d0097df904a4360a213aad30fd2efcc5
tools-iuc	0dfd993e151cb880bbef237ba3d316b4dcf7ffea	tools/windowmasker/windowmasker_ustat.xml	windowmasker_ustat	017b426e2805cbd89bcea1e5090007ae8143308003cbdeadf11f93cc978f596d
tools-iuc	0dfd993e151cb880bbef237ba3d316b4dcf7ffea	tools/winnowmap/winnowmap.xml	winnowmap	4170efce512d4c82f13f4913b05b59dc0ae64147351edc9c937b16b48848dd3b
tools-iuc	0dfd993e151cb880bbef237ba3d316b4dcf7ffea	tools/xpath/xpath.xml	xpath	b5b015da0ebf2c9674197664b39d69563d1935417ec4c739f073df69b5ef5907
tools-iuc	0dfd993e151cb880bbef237ba3d316b4dcf7ffea	tools/yahs/yahs.xml	yahs	604494ec742fe163f48edb217264c4b6320cfd820c6c40d7424ef1fa8cb369d6
tools-iuc	0dfd993e151cb880bbef237ba3d316b4dcf7ffea	tools/zerone/zerone.xml	zerone	56b98323ba217820eb5ad02b5f3fd84f7385d9b3297fe888eef2a3e32751e2be
bgruening-galaxytools	662e7be86a4a1d44b779b7d234eccde528ed0226	chemicaltoolbox/PaDEL/PaDEL.xml	padel	30481d64bbea8859ae5c4e2b58bdca6644cbb1ac469a3cff9e23576e0e6fb543
bgruening-galaxytools	662e7be86a4a1d44b779b7d234eccde528ed0226	chemicaltoolbox/autodock_vina/docking/docking.xml	docking	ba883431e6992a5b5341d224208f48e3e1f192a1856451a5f1b14f83576768a5
bgruening-galaxytools	662e7be86a4a1d44b779b7d234eccde528ed0226	chemicaltoolbox/autodock_vina/prepare_box/prepare_box.xml	prepare_box	1f3ebca3d402c9e80f14a84eabffb41595241c3a18be7b16cf7fee2f3e286eb7
bgruening-galaxytools	662e7be86a4a1d44b779b7d234eccde528ed0226	chemicaltoolbox/autodock_vina/prepare_ligand/prepare_ligand.xml	prepare_ligand	1bec0362165b35156643855e2c3eb85130ef9ac0d8348de3c9fdf37d2c84c3b7
bgruening-galaxytools	662e7be86a4a1d44b779b7d234eccde528ed0226	chemicaltoolbox/autodock_vina/prepare_receptor/prepare_receptor.xml	prepare_receptor	7023d2ae7e9911e719dc21c6cb6b600c84163618cba3edd4d984bc75358c65d6
bgruening-galaxytools	662e7be86a4a1d44b779b7d234eccde528ed0226	chemicaltoolbox/chembl/chembl.xml	chembl	a01145e65770104588daaf2800ad1fed13ad92b930e2930f7e598ec538b79ce1
bgruening-galaxytools	662e7be86a4a1d44b779b7d234eccde528ed0226	chemicaltoolbox/chembl/chembl_structure_pipeline.xml	chembl_structure_pipeline	58554713ae6ba27cd7136c6c320fa608f752f4660d6f5c1398cbd790e38a595a
bgruening-galaxytools	662e7be86a4a1d44b779b7d234eccde528ed0226	chemicaltoolbox/chemfp/butina_clustering.xml	ctb_chemfp_butina_clustering	39850c8f0094c60cb43129c54b45d21e183a54e84cc89a72bc79f66034601ab8
bgruening-galaxytools	662e7be86a4a1d44b779b7d234eccde528ed0226	chemicaltoolbox/chemfp/mol2fps.xml	ctb_chemfp_mol2fps	e39d57f5183d483468cc8c7e690885f255d9eb425d77aeca17e6a4102dc1f1d8
bgruening-galaxytools	662e7be86a4a1d44b779b7d234eccde528ed0226	chemicaltoolbox/chemfp/nxn_clustering.xml	ctb_chemfp_nxn_clustering	48ea8354f70622a80527fa43122565a812337379c42375abbd94a53e17bfe59b
bgruening-galaxytools	662e7be86a4a1d44b779b7d234eccde528ed0226	chemicaltoolbox/chemfp/sdf2fps.xml	ctb_sdf2fps	e43304cba23045092ab67cbd43fad1041a31863cb87ec32c72692f6e73469733
bgruening-galaxytools	662e7be86a4a1d44b779b7d234eccde528ed0226	chemicaltoolbox/confab/confab.xml	ctb_confab	1bfb1a2c095d590195f60308a06102fb3e88eed16520bc67e81cb3ac85a5e21a
bgruening-galaxytools	662e7be86a4a1d44b779b7d234eccde528ed0226	chemicaltoolbox/data_source/get_online_data/get_online_data.xml	ctb_online_data_fetch	bd6b318cb310b8cc700adf219cf4fde616d5d189f0369bd64b4ba83f77a06770
bgruening-galaxytools	662e7be86a4a1d44b779b7d234eccde528ed0226	chemicaltoolbox/data_source/get_pdb/get_pdb.xml	get_pdb	64eada35224167f206ccd93c6fd4949686d74106576f7991f8b47be266579c4b
bgruening-galaxytools	662e7be86a4a1d44b779b7d234eccde528ed0226	chemicaltoolbox/data_source/get_pubchem/get_pubchem_as_smiles.xml	ctb_pubchem_download_as_smiles	21cd8f04cc22fceb29c7f3c4d82f1d74efc6702dc03ed9329f46a1a95677e799
bgruening-galaxytools	662e7be86a4a1d44b779b7d234eccde528ed0226	chemicaltoolbox/data_source/get_pubchem/get_pubchem_assays.xml	ctb_pubchem_download_assays	25cdf642ff1fe70a070f08ff333baded16efb993782df59acb39bcf042dde8db
bgruening-galaxytools	662e7be86a4a1d44b779b7d234eccde528ed0226	chemicaltoolbox/data_source/jmoleditor/jmoleditor.xml	jmoleditor	468b7a5341be768302681522003778f44a6745c380abb6fb380103fa86a35461
bgruening-galaxytools	662e7be86a4a1d44b779b7d234eccde528ed0226	chemicaltoolbox/fpocket/dpocket.xml	dpocket	7d80b47e71e220b65e331b2a5ea8a9a4673a727c1cd80562c8c19440dbe3f0cf
bgruening-galaxytools	662e7be86a4a1d44b779b7d234eccde528ed0226	chemicaltoolbox/fpocket/fpocket.xml	fpocket	5b19b757373ce9fdb24d6a11bd4a556bd06f7c6cdaa9e946d4d24751cdb166f8
bgruening-galaxytools	662e7be86a4a1d44b779b7d234eccde528ed0226	chemicaltoolbox/fragmenter/fragmenter.xml	fragmenter	99e5d61ec17f0767bc64d6b9b5def1d1b21bedeb1d4593586aaa2d01d5c4047f
bgruening-galaxytools	662e7be86a4a1d44b779b7d234eccde528ed0226	chemicaltoolbox/fragmenter/merger.xml	bgchem_fragment_merger	358ad0dabe90d1027377784f69d58abe21d927dfd8626c586fe558167b7542cd
bgruening-galaxytools	662e7be86a4a1d44b779b7d234eccde528ed0226	chemicaltoolbox/im-pipelines/cluster_butina.xml	ctb_im_cluster_butina	4deb7fb6ffa271a7a7ea56510f869d8621933205fc088357d6485d69aede21be
bgruening-galaxytools	662e7be86a4a1d44b779b7d234eccde528ed0226	chemicaltoolbox/im-pipelines/cluster_butina_matrix.xml	ctb_im_cluster_butina_matrix	4730aec4a145c3d25809c602335c87a89900d4148bb17a010e430d5fc8d6cb4f
bgruening-galaxytools	662e7be86a4a1d44b779b7d234eccde528ed0226	chemicaltoolbox/im-pipelines/conformers.xml	ctb_im_conformers	3088eef8737cc064849f293b6231fc8d6b6548b1fbb29946178b5f45665ed01e
bgruening-galaxytools	662e7be86a4a1d44b779b7d234eccde528ed0226	chemicaltoolbox/im-pipelines/constrained_conf_gen.xml	ctb_im_constrained_conf_gen	1b25885eb3e024233cc60908ec974406d47c54e8ccf7735f3b3a496e299cbc8c
bgruening-galaxytools	662e7be86a4a1d44b779b7d234eccde528ed0226	chemicaltoolbox/im-pipelines/featurestein.xml	featurestein	076c18b27eaf649c73e414dddce8226a4a2d87d34512a14fc542b7ee9cfcf9d5
bgruening-galaxytools	662e7be86a4a1d44b779b7d234eccde528ed0226	chemicaltoolbox/im-pipelines/max_min_picker.xml	ctb_im_max_min_picker	92b822aeb70a639c7600b2369594a1273e17b71890241b470fffdbc377979295
bgruening-galaxytools	662e7be86a4a1d44b779b7d234eccde528ed0226	chemicaltoolbox/im-pipelines/o3dalign.xml	ctb_im_o3dalign	297bf248393dee5529bb747cdb7936523896c5b0feba1e6c39eb82d758eb9228
bgruening-galaxytools	662e7be86a4a1d44b779b7d234eccde528ed0226	chemicaltoolbox/im-pipelines/pbf_ev.xml	ctb_im_pbf_ev	0dc816f5fec4b0619985d15582f2f46b903b543bdad344b05e3d65015f146285
bgruening-galaxytools	662e7be86a4a1d44b779b7d234eccde528ed0226	chemicaltoolbox/im-pipelines/rxn_maker.xml	ctb_im_rxn_maker	c154b5f7c93897c54881e21937151d2ae08149f0b73a5d1bf980b033161a25c9
bgruening-galaxytools	662e7be86a4a1d44b779b7d234eccde528ed0226	chemicaltoolbox/im-pipelines/rxn_smarts_filter.xml	ctb_im_rxn_smarts_filter	edd0cbf41f93093ad39202dc6b850be491a6f74e6b434e92c5bc71288d763c8a
bgruening-galaxytools	662e7be86a4a1d44b779b7d234eccde528ed0226	chemicaltoolbox/im-pipelines/screen.xml	ctb_im_screen	f6f483f1f0a9252829187da56d8a752b99900d4392cc15629447f6a52b7ffccf
bgruening-galaxytools	662e7be86a4a1d44b779b7d234eccde528ed0226	chemicaltoolbox/im-pipelines/standardize.xml	ctb_im_standardize	38f32dafa33e3a6371f33e1b6032c73eea8eca7f578f02b9c7389fbf0034bcca
bgruening-galaxytools	662e7be86a4a1d44b779b7d234eccde528ed0226	chemicaltoolbox/im-pipelines/xcos.xml	ctb_im_xcos	9eb31e0ceae82665c4dd153b46ddb156eda87b45457d1e92a6a4f83d13cdc813
bgruening-galaxytools	662e7be86a4a1d44b779b7d234eccde528ed0226	chemicaltoolbox/lirasearch/lirasearch.xml	lirasearch	e23848a77fcbd0912c3c26b471cee6c972fae940b4c5a017a1f995edd39d3e0c
bgruening-galaxytools	662e7be86a4a1d44b779b7d234eccde528ed0226	chemicaltoolbox/mordred/mordred_descriptors.xml	ctb_mordred_descriptors	8688449dc97e10be05e5f9374d77f0287cf3dbe06ae5d71ed24a3e4e0f45e443
bgruening-galaxytools	662e7be86a4a1d44b779b7d234eccde528ed0226	chemicaltoolbox/natural_product_likeness/natural_product_likeness_calculator.xml	ctb_np-likeness-calculator	80dd2966cd3199575dc383511e366455fd91719d1517563c8a2f79ceaf59a43a
bgruening-galaxytools	662e7be86a4a1d44b779b7d234eccde528ed0226	chemicaltoolbox/openbabel/change_title_to_metadata_value.xml	openbabel_change_title	a815f52b68844e4b25cd0d6feb72ed1a99c789596a8b433f90b36f6c9c2ac8bd
bgruening-galaxytools	662e7be86a4a1d44b779b7d234eccde528ed0226	chemicaltoolbox/openbabel/distance_finder.xml	openbabel_structure_distance_finder	7a20002159627a9049c823166d909a52cf07699a4c7011dcccb41b77ce2c916e
bgruening-galaxytools	662e7be86a4a1d44b779b7d234eccde528ed0226	chemicaltoolbox/openbabel/ob_addh.xml	openbabel_addh	62c56c6aa31d6f97db053d160ae8aeedb3433faa6b4f23e6d4424f293f249b93
bgruening-galaxytools	662e7be86a4a1d44b779b7d234eccde528ed0226	chemicaltoolbox/openbabel/ob_convert.xml	openbabel_compound_convert	1b4ac310dfec5744d5ae3ec516c93d691b01351934846f137fa971ed7dc3aaf5
bgruening-galaxytools	662e7be86a4a1d44b779b7d234eccde528ed0226	chemicaltoolbox/openbabel/ob_depiction_svg.xml	openbabel_svg_depiction	aaeccc2b96c379e0347451bc82f49681b92643ca851cb00f111937a17085d39d
bgruening-galaxytools	662e7be86a4a1d44b779b7d234eccde528ed0226	chemicaltoolbox/openbabel/ob_filter.xml	openbabel_filter	d612cf65170b062ccdffbb14f663b226b55855334e1975fe60176d17350065c8
bgruening-galaxytools	662e7be86a4a1d44b779b7d234eccde528ed0226	chemicaltoolbox/openbabel/ob_genProp.xml	openbabel_genProp	a12ff4ac29d7690b58366e74ecc33e0c497cb528bc4404eafd2e52fd7c950121
bgruening-galaxytools	662e7be86a4a1d44b779b7d234eccde528ed0226	chemicaltoolbox/openbabel/ob_grep.xml	openbabel_obgrep	6eddfbe761cda9ed9528bba6550653e1f08442187d8727a6a390ebc92cbf4fdb
bgruening-galaxytools	662e7be86a4a1d44b779b7d234eccde528ed0226	chemicaltoolbox/openbabel/ob_prepare_ligands.xml	prepare_ligands_for_docking	428e2018bf601cf21313d7ce1367fd622d867cd9d132cab520d00258d0bbf330
bgruening-galaxytools	662e7be86a4a1d44b779b7d234eccde528ed0226	chemicaltoolbox/openbabel/ob_remDuplicates.xml	openbabel_remDuplicates	b3adabaffb2fdd594b89925ef244fe77afbe10d86cd05f5c05b2e7217f5326d1
bgruening-galaxytools	662e7be86a4a1d44b779b7d234eccde528ed0226	chemicaltoolbox/openbabel/ob_remIons.xml	openbabel_remIons	9dfd5cf8fe068c3515cc6e66c530f7464128362338938a14601b397f97182591
bgruening-galaxytools	662e7be86a4a1d44b779b7d234eccde528ed0226	chemicaltoolbox/openbabel/ob_remSmall.xml	openbabel_remSmall	d3ba4ffa62ac1fcbd8c92cac1b1ffaa2f9d15e67f23fd68b369dae8820b41f9d
bgruening-galaxytools	662e7be86a4a1d44b779b7d234eccde528ed0226	chemicaltoolbox/openbabel/ob_spectrophore_search.xml	openbabel_spectrophore_search	de98ff4d58d7fb0e4e23ed99232a6d556b425b6618a30c5e2cd2f9414d5ebca6
bgruening-galaxytools	662e7be86a4a1d44b779b7d234eccde528ed0226	chemicaltoolbox/openbabel/remove_protonation_state.xml	openbabel_remove_protonation_state	4a8493a0e8a9945080a4ae3b657a3f1f3c6cd3f30f4fb001b1091b60f98b0846
bgruening-galaxytools	662e7be86a4a1d44b779b7d234eccde528ed0226	chemicaltoolbox/openbabel/subsearch.xml	openbabel_subsearch	ebd35d0490dded344595d77d750f31355d31fd2ed70dc1c2bf7aa62f7745320b
bgruening-galaxytools	662e7be86a4a1d44b779b7d234eccde528ed0226	chemicaltoolbox/openduck/openduck_chunk.xml	openduck_chunk	9a4e6a4c89196798f2b063f2d4e08672095baa3f95596ac0b2f60addac721ad1
bgruening-galaxytools	662e7be86a4a1d44b779b7d234eccde528ed0226	chemicaltoolbox/openduck/openduck_run_smd.xml	openduck_run_smd	c9280cbeb5e627911f9f852a49b5f598e95b29c40938951b37700ac423819c58
bgruening-galaxytools	662e7be86a4a1d44b779b7d234eccde528ed0226	chemicaltoolbox/openmg/openmg.xml	ctb_openmg	8d9c554a0adf0a416f1309106f9ab461ae55c6b6a6cbb231e2f85e463f9159cc
bgruening-galaxytools	662e7be86a4a1d44b779b7d234eccde528ed0226	chemicaltoolbox/opsin/opsin.xml	ctb_opsin	13c1ea144c42db638bfa56086ddf276436dffb4bd22e37e9e98996c84dc2d71a
bgruening-galaxytools	662e7be86a4a1d44b779b7d234eccde528ed0226	chemicaltoolbox/osra/osra.xml	ctb_osra	641ae2d27aa90b0d32f6b08a86758399d18f6e40dddec524db3d86974dcd44b0
bgruening-galaxytools	662e7be86a4a1d44b779b7d234eccde528ed0226	chemicaltoolbox/pgchem/admin/GenericMolecule.xml	generic_molecule_insertion	b577c26ec018eb066dbf9587fd3370c41019da615e9526a802913bae192b598e
bgruening-galaxytools	662e7be86a4a1d44b779b7d234eccde528ed0226	chemicaltoolbox/pgchem/pgchem/db_fetch_by_id.xml	pgchem_db_fetch_by_id	194b843f0e67204286756ed02f9e3f77d6c53c88b246f5503f5d0206fa6936b4
bgruening-galaxytools	662e7be86a4a1d44b779b7d234eccde528ed0226	chemicaltoolbox/pgchem/pgchem/db_filter.xml	pgchem_db_filter	44cc81ba2771fa0a573cd392bf58c6e451b48dc27c2f9e7e8bc01d03209b19a8
bgruening-galaxytools	662e7be86a4a1d44b779b7d234eccde528ed0226	chemicaltoolbox/pgchem/pgchem/db_similarity_search.xml	pgchem_db_sim_search	d61e8349941acae1485e30cdc75557185ccde5c6fbb316c591c3e78134e86185
bgruening-galaxytools	662e7be86a4a1d44b779b7d234eccde528ed0226	chemicaltoolbox/pgchem/pgchem/db_substructure_search.xml	pgchem_db_sub_search	9515dad31d467cb8afb8ce3f3e70d4b601b9004d813d8e20951c3cfa6fb1a339
bgruening-galaxytools	662e7be86a4a1d44b779b7d234eccde528ed0226	chemicaltoolbox/rdkit/enumerate_charges.xml	enumerate_charges	e07aaf4057676307f4e34a9774e056e34c86ceda5d4d09506e9980c3454c91db
bgruening-galaxytools	662e7be86a4a1d44b779b7d234eccde528ed0226	chemicaltoolbox/rdkit/rdconf.xml	rdconf	8dbf3c2bd90135fd9ecf18a05c087f310d6b56a69be8787f2620d1315f970be0
bgruening-galaxytools	662e7be86a4a1d44b779b7d234eccde528ed0226	chemicaltoolbox/rdkit/rdkit_descriptors.xml	ctb_rdkit_descriptors	ddf57fdf023b7d06cbfa12ab7d7ac9fc6b464b2f009cbbfa6f19d9a5709b5e3e
bgruening-galaxytools	662e7be86a4a1d44b779b7d234eccde528ed0226	chemicaltoolbox/rdkit/sdf_to_tab.xml	sdf_to_tab	e309120dc92a8041d413993e0f7ea47fe3a3671910ae49b5ec35d9a7c578df1f
bgruening-galaxytools	662e7be86a4a1d44b779b7d234eccde528ed0226	chemicaltoolbox/rdock/rbcavity.xml	rdock_rbcavity	9d0b3dbc1b940169fe9ec6d7716efdf351d7ce940314cd330411bcba934d12fe
bgruening-galaxytools	662e7be86a4a1d44b779b7d234eccde528ed0226	chemicaltoolbox/rdock/rbdock.xml	rdock_rbdock	7a372a833bab09ccb544478abfc71e211d9b44eaef20a3c48940f9aeba75cb61
bgruening-galaxytools	662e7be86a4a1d44b779b7d234eccde528ed0226	chemicaltoolbox/rdock/select_points_SDF.xml	ctb_frankenstein_ligand	e40c437b9d35ff82268e5dc490de63e00f44ea15f00f426530e23c440d98c748
bgruening-galaxytools	662e7be86a4a1d44b779b7d234eccde528ed0226	chemicaltoolbox/rdock/sort_filter.xml	rdock_sort_filter	10d0e83eb6ce2c53355d2b59e950e457b17e93a44ed0c6f730aef347f535f08c
bgruening-galaxytools	662e7be86a4a1d44b779b7d234eccde528ed0226	chemicaltoolbox/rxdock/rbcavity.xml	rxdock_rbcavity	5d2333a597602ce7f0d9c9ae991a02640d3931177c1f43a1b5df0905fa9ed3b4
bgruening-galaxytools	662e7be86a4a1d44b779b7d234eccde528ed0226	chemicaltoolbox/rxdock/rbdock.xml	rxdock_rbdock	8378b9206b098861290eb4a42475b0a8a447a1090624e232538d8fe29c12d78f
bgruening-galaxytools	662e7be86a4a1d44b779b7d234eccde528ed0226	chemicaltoolbox/rxdock/sort_filter.xml	rxdock_sort_filter	1f32602efca3eadabc897ca580ec2c1f04428458e7e2fff19158747e3795d3ad
bgruening-galaxytools	662e7be86a4a1d44b779b7d234eccde528ed0226	chemicaltoolbox/silicos-it/align-it/align-it.xml	ctb_alignit	325b33fcbaaba90d1d4a463278bd5f830384a5f6214601aa86d2473be04267d3
bgruening-galaxytools	662e7be86a4a1d44b779b7d234eccde528ed0226	chemicaltoolbox/silicos-it/align-it/align-it_create_db.xml	ctb_alignit_create_db	96c0b2bf8d20a0423f245e6e3d8c6e6ea2c8d62d283a8deb0700c934811ad80f
bgruening-galaxytools	662e7be86a4a1d44b779b7d234eccde528ed0226	chemicaltoolbox/silicos-it/qed/silicos_qed.xml	ctb_silicos_qed	89544e41f1a1398713bba19c995bcfd7cbedcff653445d2b0f91d2b367833cd2
bgruening-galaxytools	662e7be86a4a1d44b779b7d234eccde528ed0226	chemicaltoolbox/silicos-it/shape-it/shape-it.xml	ctb_shapeit	1e26a45c2148dfe50c4ddd3ad0ef131468f2d2b1c711fbcb313bf60a28d82938
bgruening-galaxytools	662e7be86a4a1d44b779b7d234eccde528ed0226	chemicaltoolbox/silicos-it/strip-it/strip-it.xml	ctb_stripit	e8cbb313bfcb1a657a43d781d2417334379dd7a86dd0c71260ed3acc4e6cd3c8
bgruening-galaxytools	662e7be86a4a1d44b779b7d234eccde528ed0226	chemicaltoolbox/simsearch/simsearch.xml	ctb_simsearch	d9b5dc7d43241d54be001615b2732de88aebc8e13310a6776eec68c1fc5f41c2
bgruening-galaxytools	662e7be86a4a1d44b779b7d234eccde528ed0226	chemicaltoolbox/spectral_hk/spectral_hk.xml	spectral_hk	58afece98db1e99db66c769633cae87f1d7967d968307c6b0ad5672c936b1c70
bgruening-galaxytools	662e7be86a4a1d44b779b7d234eccde528ed0226	chemicaltoolbox/sucos/sucos.xml	sucos_docking_scoring	3fa2f6e87e45fec84b571835966e8701ba7f5f16c5040ba8e4c8c2a737cc1624
bgruening-galaxytools	662e7be86a4a1d44b779b7d234eccde528ed0226	chemicaltoolbox/sucos/sucos_cluster.xml	sucos_clustering	57ade9187b1f607eb08e5ed34441ca3236a082e4d18a6f235f97d0a902f48613
bgruening-galaxytools	662e7be86a4a1d44b779b7d234eccde528ed0226	chemicaltoolbox/sucos/sucos_max.xml	sucos_max_score	3c48b65c89a8702605362102a661b0df3849ca037f9c6e45ae9c8dc8349258c4
bgruening-galaxytools	662e7be86a4a1d44b779b7d234eccde528ed0226	chemicaltoolbox/sygma/sygma.xml	sygma	aa86f62033ffa68e53cebd941c819d77cda066f6374df4ec24c4b4209d08d054
bgruening-galaxytools	662e7be86a4a1d44b779b7d234eccde528ed0226	chemicaltoolbox/xchem-deep/transfs.xml	xchem_transfs_scoring	d97e33eaa50980e719dc377c91e6fde5f0ff946fdf108ca34617be54171e5b4a
bgruening-galaxytools	662e7be86a4a1d44b779b7d234eccde528ed0226	data_managers/data_manager_kmetashot/data_manager/kmetashot_datamanager.xml	kmetashot_build_database	0d59fc0c6d7a8218361323ff814c6b4b17cd6dda1e9420975e14c18a82ebaca7
bgruening-galaxytools	662e7be86a4a1d44b779b7d234eccde528ed0226	data_managers/data_manager_motus_db_downloader/data_manager/motus_db_fetcher.xml	motus_db_fetcher	6ba81c891e636f7b6b96c63c8fc6ce024c300cbe55545880c4c8dea682337e07
bgruening-galaxytools	662e7be86a4a1d44b779b7d234eccde528ed0226	data_managers/data_manager_sortmerna_database_downloader/data_manager/data_manager_sortmerna_download.xml	data_manager_sortmerna_download	1fd5f8c3eb739ccf5a887a4cef5fd758cdc8ebcf914273e215b61fc781edd024
bgruening-galaxytools	662e7be86a4a1d44b779b7d234eccde528ed0226	data_managers/data_manager_sylph_database/data_manager/data_manager_sylph_database.xml	data_manager_sylph_database	6155d0f6815d10815f5ec1567c2af138a821d922f19378861b244829fba12087
bgruening-galaxytools	662e7be86a4a1d44b779b7d234eccde528ed0226	data_managers/data_manager_sylph_tax_database/data_manager/data_manager_sylph_tax_database.xml	data_manager_sylph_tax_database	8295f41a7a7365f710fe13cd71ddf0dd6d7a03f4259878f0a3ff29ce23c2799a
bgruening-galaxytools	662e7be86a4a1d44b779b7d234eccde528ed0226	deprecated/tools/augustus/augustus.xml	augustus	60070f384f9026280d296ca03b451f6c77745950e429208b0bd523ee6d4d2a2d
bgruening-galaxytools	662e7be86a4a1d44b779b7d234eccde528ed0226	tools/10x_bamtofastq/10x_bamtofastq.xml	10x_bamtofastq	7b6431b9300341c2ac67eb3cd1207d86c0b6f27e40f26ab223f96d10e42db1d6
bgruening-galaxytools	662e7be86a4a1d44b779b7d234eccde528ed0226	tools/3dtrees_detailview/detailview.xml	3dtrees_detailview	aec2f8fe7b44fd830ac10dfe83ff4037d93dd1ac29c44d55aa4e15e2934b0a0a
bgruening-galaxytools	662e7be86a4a1d44b779b7d234eccde528ed0226	tools/3dtrees_overviews/overviews.xml	3dtrees_overviews	4fe95f7a1d5584514526d8fceb19d60c0542502cbb12a3d15705bc8c98755362
bgruening-galaxytools	662e7be86a4a1d44b779b7d234eccde528ed0226	tools/3dtrees_potree/3dtrees_potree.xml	3dtrees_potree	918f7e1a650a68951850cc5151e260722f7a710ab6fa03d64cd13b1dea16ecf5
bgruening-galaxytools	662e7be86a4a1d44b779b7d234eccde528ed0226	tools/3dtrees_py3dtiles/py3dtiles.xml	3dtrees_py3dtiles	c629e37c99025fa43a0199be951d9dee1ebe2d5b93fbe5fe56f6576f09661be2
bgruening-galaxytools	662e7be86a4a1d44b779b7d234eccde528ed0226	tools/3dtrees_raycloudtools/raycloudtools.xml	3dtrees_raycloudtools	4078f745b0b9916923691fed0249ca62f285c6176ab8d399de60137cab0ed212
bgruening-galaxytools	662e7be86a4a1d44b779b7d234eccde528ed0226	tools/3dtrees_segmentanytree/segmentanytree.xml	3dtrees_segmentanytree	e64dfa12ad7cdf8422e74ae2be07a81ef8edc272268220a595eaf8ee51b7a0c8
bgruening-galaxytools	662e7be86a4a1d44b779b7d234eccde528ed0226	tools/3dtrees_smart_tile/smart_tile.xml	3dtrees_smart_tile	81d562f8fa35d48493bc73d75cfa73dd026e0df286e89a6dae89a44aac915ea6
bgruening-galaxytools	662e7be86a4a1d44b779b7d234eccde528ed0226	tools/3dtrees_standardization/standard.xml	3dtrees_standardization	daade7cb380f78d873200492159ff5edd3edca118d8e5c0cdc4501be9f68bd78
bgruening-galaxytools	662e7be86a4a1d44b779b7d234eccde528ed0226	tools/3dtrees_tile_merge/til_mer.xml	3dtrees_tile_merge	438b723c503a019c1e1f15df3388d8e0eb4b45e87cdc84ba109b681b13573747
bgruening-galaxytools	662e7be86a4a1d44b779b7d234eccde528ed0226	tools/EDeN/EDeN/EDeN_cross_validation.xml	bg_eden_cross_validation	874ff2068e81bd0c99339d91721ebd4fed22caffe054ade3d45db8f2c9403ce8
bgruening-galaxytools	662e7be86a4a1d44b779b7d234eccde528ed0226	tools/EDeN/EDeN/EDeN_feature.xml	bg_eden_feature	c6d50b3c23196fc9d29c2eb7fa2a44c2dd34d42ec24420776e123ef8ca12a5fd
bgruening-galaxytools	662e7be86a4a1d44b779b7d234eccde528ed0226	tools/EDeN/EDeN/EDeN_nearest_neighbor.xml	bg_eden_nearest_neighbor	15293535124b38efb62887c1fe6c62527ef3b75b92c30888f39e3916fbb63f94
bgruening-galaxytools	662e7be86a4a1d44b779b7d234eccde528ed0226	tools/EDeN/EDeN/EDeN_test.xml	bg_eden_test	1b347cf682f6fd51041723c72e22c7258719ee6875813ff88f0cb845746cb6de
bgruening-galaxytools	662e7be86a4a1d44b779b7d234eccde528ed0226	tools/EDeN/EDeN/EDeN_train.xml	bg_eden_train	32dcbb74a1024c9311876af0b18d40d121c5f182f65b2680626a8083e4302cb9
bgruening-galaxytools	662e7be86a4a1d44b779b7d234eccde528ed0226	tools/EDeN/pyeden/annotate.xml	bg_eden_annotate	757a1917eabfa62ff0896a8f96037dc43d4fffff7667d3dd4a29524d6a872731
bgruening-galaxytools	662e7be86a4a1d44b779b7d234eccde528ed0226	tools/EDeN/pyeden/cluster_dbscan.xml	bg_eden_cluster_dbscan	979f3a4e33fc84d3bc2e286dc0462877ef2c4e7e6252e2c1d5d4c0a34e5690b3
bgruening-galaxytools	662e7be86a4a1d44b779b7d234eccde528ed0226	tools/EDeN/pyeden/cluster_kmeans.xml	bg_eden_cluster_kmeans	0d673a98f12fedf4b89e46036bde1bc2e3d8ea24b9137fbb38533409143dcd53
bgruening-galaxytools	662e7be86a4a1d44b779b7d234eccde528ed0226	tools/EDeN/pyeden/dendogram.xml	bg_eden_dendogram	2b8c59358b3bd8d7c79fa36947cabccc67588830f9679a11ecd809c98f3d4dbf
bgruening-galaxytools	662e7be86a4a1d44b779b7d234eccde528ed0226	tools/EDeN/pyeden/features.xml	bg_eden_features	be131ed57a2fe292efe23e4feac3b93c3bca777ff4e39db6474c8f9380186074
bgruening-galaxytools	662e7be86a4a1d44b779b7d234eccde528ed0226	tools/EDeN/pyeden/fit.xml	bg_eden_fit	220507b83f71a6c0e785a0a063849344da766ee861cb1fde5272e7b7145052ac
bgruening-galaxytools	662e7be86a4a1d44b779b7d234eccde528ed0226	tools/EDeN/pyeden/matrix.xml	bg_eden_matrix	b001e331dca6abb99ad7e96466fb255ff77e659e84f7cebefcd775c4a07d816d
bgruening-galaxytools	662e7be86a4a1d44b779b7d234eccde528ed0226	tools/EDeN/pyeden/nearest_neighbor.xml	bg_eden_nearest_neighbor	a76b0fffe2e54326faf2325dc92728cf90b31a603c21975cae1ea80691a72e19
bgruening-galaxytools	662e7be86a4a1d44b779b7d234eccde528ed0226	tools/EDeN/pyeden/predict.xml	bg_eden_predict	d8db0f4a6c0529351adf58937ec73f10339b9c01220e10412274629b7db38495
bgruening-galaxytools	662e7be86a4a1d44b779b7d234eccde528ed0226	tools/GraphClust/AggregateAlignments/graphclust_aggregate.xml	graphclust_aggregate_alignments	376aae750b1f7c5f60f275a0608d4be398c5b0f80d50114edea8b609b04c3405
bgruening-galaxytools	662e7be86a4a1d44b779b7d234eccde528ed0226	tools/GraphClust/AlignCluster/align_cluster.xml	graphclust_align_cluster	0db0b761a165e4b0b7962a6664d51907d341345a4d743aafce991d9d9779171c
bgruening-galaxytools	662e7be86a4a1d44b779b7d234eccde528ed0226	tools/GraphClust/CMFinder/cmFinder.xml	cmFinder	413113aa3f38e29de127c1c4571f5047ccb4ecfe7f32470ab1af6dfc4f2446b8
bgruening-galaxytools	662e7be86a4a1d44b779b7d234eccde528ed0226	tools/GraphClust/CollectResults/glob_report.xml	glob_report	050023d3c0a6280f913b37b8918fa4de57517c68d814771ea093c35ece098e80
bgruening-galaxytools	662e7be86a4a1d44b779b7d234eccde528ed0226	tools/GraphClust/CollectResultsNoAlign/glob_report_no_align.xml	graphclust_glob_report_no_align	ae1561d54e92e06450bca551b72be25330be653432fd08ed0a23c15553992cf7
bgruening-galaxytools	662e7be86a4a1d44b779b7d234eccde528ed0226	tools/GraphClust/GSPAN/fasta2shrep_gspan.xml	gspan	8fa0bc55d2cd93d4d6fa92e07efd1d33763c821d3d8f13dac859410fa8edb4e4
bgruening-galaxytools	662e7be86a4a1d44b779b7d234eccde528ed0226	tools/GraphClust/LocARNAGraphClust/locarna_best_subtree.xml	locarna_best_subtree	f538544912895138cb548da549bd408178234f760bffd4962ae156884425b2a2
bgruening-galaxytools	662e7be86a4a1d44b779b7d234eccde528ed0226	tools/GraphClust/NSPDK/NSPDK_candidateClusters.xml	NSPDK_candidateClust	58da8554f32a8f16cf7cb380d80d9c85df5dcb7e50dcf2493be078f75ee7199c
bgruening-galaxytools	662e7be86a4a1d44b779b7d234eccde528ed0226	tools/GraphClust/NSPDK/NSPDK_sparseVect.xml	nspdk_sparse	913cc3828ec3f187e3a86fe60df0496a5f9f560efae955227244c9fdbed559f9
bgruening-galaxytools	662e7be86a4a1d44b779b7d234eccde528ed0226	tools/GraphClust/Plotting/MotifFinderPlot.xml	motifFinderPlot	eb658b1422210812abfe4760dc91e6e7a4b221ef26a40cd9b21c69000225d55c
bgruening-galaxytools	662e7be86a4a1d44b779b7d234eccde528ed0226	tools/GraphClust/PrepareForMlocarna/preMlocarna.xml	preMloc	84d201026108970596d487399e7b1fc2dabdcdc6f2c77b2727732c6a1e567651
bgruening-galaxytools	662e7be86a4a1d44b779b7d234eccde528ed0226	tools/GraphClust/Preprocessing/preprocessing.xml	preproc	cd7afb0483a01380d5525482e91283fc83d2f6abf899e47250b3b4850878ef2d
bgruening-galaxytools	662e7be86a4a1d44b779b7d234eccde528ed0226	tools/GraphClust/Structure_GSPAN/structure_to_gspan.xml	structure_to_gspan	c75c221a942041426f1a5d635eef787ddb24b62e1253deb4fc41e3759694dec1
bgruening-galaxytools	662e7be86a4a1d44b779b7d234eccde528ed0226	tools/agat/agat.xml	agat	ecf4c3890062c3c76332ca7c2bcebb3670375e01c1c44f5f6cf39e4ddf17aff7
bgruening-galaxytools	662e7be86a4a1d44b779b7d234eccde528ed0226	tools/antismash/antismash.xml	antismash	421e81991613d45df15a0d9925a350cc9ba7fb5f25a29c0104f81bba1f6e5ddc
bgruening-galaxytools	662e7be86a4a1d44b779b7d234eccde528ed0226	tools/atactk_trim_adapters/trim_adapters.xml	atactk_trim_adapters	e23383aefe56db2508388d7b9d8bd2118caac3884a12393a28adb48805b0a0b2
bgruening-galaxytools	662e7be86a4a1d44b779b7d234eccde528ed0226	tools/bamhash/bamhash.xml	bamhash	691765a1282827666c141b273ec22bba1ad0b59b77c637710c86a3fb765447e6
bgruening-galaxytools	662e7be86a4a1d44b779b7d234eccde528ed0226	tools/barcode_collapse/barcode_collapse_pe.xml	barcode_collapse	781a7c49f21d07743fa478222f6ebd4300b2a898ecff1246e2ac46d342253f12
bgruening-galaxytools	662e7be86a4a1d44b779b7d234eccde528ed0226	tools/bcftools/0.1.x/bcftools_view.xml	bcftools_view	97ec4e730e51a9734960785b3c25447231a557ab65bacb85d8791969d3b377f3
bgruening-galaxytools	662e7be86a4a1d44b779b7d234eccde528ed0226	tools/bcftools/0.2.x/bcftools_view.xml	bcfview	5f45865a8e8d483f023e08d62f9e83d590570de7367a3f38213dfb2492b47c60
bgruening-galaxytools	662e7be86a4a1d44b779b7d234eccde528ed0226	tools/bigwig_to_bedgraph/bigwig_to_bedgraph.xml	bigwig_to_bedgraph	3a1889e23bb48c7ce88ab111c9eca2edff95c35140c2da57db253a318b3df5f5
bgruening-galaxytools	662e7be86a4a1d44b779b7d234eccde528ed0226	tools/bioimaging/bioimage_inference.xml	bioimage_inference	1241100719f8b69bc55d9aa5072f7ab203ad3fd8ff29f5195f49fd9805642fe3
bgruening-galaxytools	662e7be86a4a1d44b779b7d234eccde528ed0226	tools/biomodelsML/biomodels_BIOMD0000001066.xml	biomodels_biomd0000001066	e21a492b93eddcd5fd2c6a3bc919290a2533207117361b3e8f21cab74599fc8f
bgruening-galaxytools	662e7be86a4a1d44b779b7d234eccde528ed0226	tools/biomodelsML/biomodels_BIOMD0000001076.xml	biomodels_biomd0000001076	a18f8246d6b2c4dabdae5965a3663c1691f7fee55edea6d965540dabd617fc31
bgruening-galaxytools	662e7be86a4a1d44b779b7d234eccde528ed0226	tools/bionano/bionano_scaffold.xml	bionano_scaffold	6c615b282395c279bf4fd0f0871fc149c823acbe8d31207ce9ac81f2d3732695
bgruening-galaxytools	662e7be86a4a1d44b779b7d234eccde528ed0226	tools/biopython/base_distribution.xml	biopython_base_distribution	1acabb9ee2033205f64a27f138ee1031722255cf90f1a8e7464b110000e8a547
bgruening-galaxytools	662e7be86a4a1d44b779b7d234eccde528ed0226	tools/biopython/codon_count.xml	Codon count	28c849dd5a63070ca3dd13b60464098f75e4eba01a1f11eb29a54af918740f4b
bgruening-galaxytools	662e7be86a4a1d44b779b7d234eccde528ed0226	tools/biopython/converters/gb_embl_to_gff.xml	genbank_to_gff	43b8ec639966e119619887c57f0fb24098c8cb29aece29192ea4533d81f7aaa9
bgruening-galaxytools	662e7be86a4a1d44b779b7d234eccde528ed0226	tools/biopython/converters/gb_to_sequence.xml	gbk_to_orf	f5e237eea419e3a2c73f06809627b0c6db6e3979d304947f61ea5395c8995a64
bgruening-galaxytools	662e7be86a4a1d44b779b7d234eccde528ed0226	tools/biopython/converters/gff_to_gb_or_embl.xml	gff_to_sequence	98a09ce2c5f32c50447c4aaac867ce0479d762a7504cf7f3dddb46b530683cce
bgruening-galaxytools	662e7be86a4a1d44b779b7d234eccde528ed0226	tools/biopython/converters/gff_to_sequence.xml	extract_all_sequences_from_gff	3cd592212c9153a60cc097aef297e605246cab239c9581c9631fabd906e4dd67
bgruening-galaxytools	662e7be86a4a1d44b779b7d234eccde528ed0226	tools/biopython/converters/reverse_complement.xml	reverse_complement	875ee62907f955234955b83349439aa947945e8fb5f0442f953481b323d3d8d2
bgruening-galaxytools	662e7be86a4a1d44b779b7d234eccde528ed0226	tools/biopython/converters/sequence_converter.xml	sequence_convert	92cb4fc97eed0b9395d39ec8c781452876f4f529652c77a96e2d1394e2d33889
bgruening-galaxytools	662e7be86a4a1d44b779b7d234eccde528ed0226	tools/biopython/converters/translate.xml	translate_nucleotides	ce1ab185747f25e14f8dc615d466b2054823dbf3995422b35e51428c50a6e270
bgruening-galaxytools	662e7be86a4a1d44b779b7d234eccde528ed0226	tools/bismark/bismark2report_wrapper.xml	bismark_pretty_report	5914af3ae775b980d24a28c42c5bf12e5ea071d6f0eb35df50017fd0b5be612a
bgruening-galaxytools	662e7be86a4a1d44b779b7d234eccde528ed0226	tools/bismark/bismark_bowtie2_wrapper.xml	bismark_bowtie2	837058d6b48f4d9181ed59a7622ddb668dc452e36309dd15628cc40aecc3eeeb
bgruening-galaxytools	662e7be86a4a1d44b779b7d234eccde528ed0226	tools/bismark/bismark_deduplicate_wrapper.xml	bismark_deduplicate	a21a6621cecfe0bc0a2fe457169af9f09d9bcc13a7ab3b2b2445f88a9f315881
bgruening-galaxytools	662e7be86a4a1d44b779b7d234eccde528ed0226	tools/bismark/bismark_methylation_extractor.xml	bismark_methylation_extractor	6f7c82c098721ef0ec40eaedb1a6d648207549744c8629ed378fabf54b134d88
bgruening-galaxytools	662e7be86a4a1d44b779b7d234eccde528ed0226	tools/blobtoolkit/blobtoolkit.xml	blobtoolkit	b5a35ca6b349026b576a4a5f108b7226ca02010ced7f22748dd709eaf9750509
bgruening-galaxytools	662e7be86a4a1d44b779b7d234eccde528ed0226	tools/blockbuster/blockbuster.xml	blockbuster	72d45254f4658edb7c86b37fbc3435e9f886bf9a913b8a2712462d22435e1c3e
bgruening-galaxytools	662e7be86a4a1d44b779b7d234eccde528ed0226	tools/canu/canu.xml	canu	0525fb8bbf25266b7d9e9ecc468308325eb9787a732ebf5cb7fef54dde92da95
bgruening-galaxytools	662e7be86a4a1d44b779b7d234eccde528ed0226	tools/carveme/carveme.xml	carveme	341c0a144443bf4f11fde030f1e38dc7e4536450595d0b750b1f754783457edd
bgruening-galaxytools	662e7be86a4a1d44b779b7d234eccde528ed0226	tools/cellpose/cellpose.xml	cellpose	1498de6b967204d29073f16de976467348f70cd83d1d757e6493fde6a60638ef
bgruening-galaxytools	662e7be86a4a1d44b779b7d234eccde528ed0226	tools/cellpose_v4/cellpose.xml	cellposesam	c77e11bb258db0a574b569d794057403944b40e848189df01846d70747429f96
bgruening-galaxytools	662e7be86a4a1d44b779b7d234eccde528ed0226	tools/cellprofiler/cellprofiler.xml	cp_cellprofiler	302a5aed93437b6484c8e519e319cd301f1360bb92fb0847545c8ea61968a9a0
bgruening-galaxytools	662e7be86a4a1d44b779b7d234eccde528ed0226	tools/cellprofiler/color_to_gray.xml	cp_color_to_gray	3149720ea322b341b201133492ab55cbb0eb40500a24e36ff1f3318f8640431f
bgruening-galaxytools	662e7be86a4a1d44b779b7d234eccde528ed0226	tools/cellprofiler/convert_objects_to_image.xml	cp_convert_objects_to_image	1d23172caf05146b3f651645bc9ffc16a07e5404428c6d0c30e7b056ef7401ba
bgruening-galaxytools	662e7be86a4a1d44b779b7d234eccde528ed0226	tools/cellprofiler/display_data_on_image.xml	cp_display_data_on_image	93a176b12de5fbc869ca752abd56bbf3658d3b885f5ba1799a0a1b941efe6f70
bgruening-galaxytools	662e7be86a4a1d44b779b7d234eccde528ed0226	tools/cellprofiler/enhance_or_suppress_features.xml	cp_enhance_or_suppress_features	cfbdf07d9ab4b32b49f199d88f214834bd8a8a8486062640dc03a74f8d61e534
bgruening-galaxytools	662e7be86a4a1d44b779b7d234eccde528ed0226	tools/cellprofiler/export_to_spreadsheet.xml	cp_export_to_spreadsheet	e77c348813bd56c4233dbefc4000a9a947c17aae3618e56d07642b541ef5bebd
bgruening-galaxytools	662e7be86a4a1d44b779b7d234eccde528ed0226	tools/cellprofiler/gray_to_color.xml	cp_gray_to_color	34f2a6899231d979921aa93d9352ce5828eb8f4c7d4f099ddbde3b4b0b3a5a19
bgruening-galaxytools	662e7be86a4a1d44b779b7d234eccde528ed0226	tools/cellprofiler/identify_primary_objects.xml	cp_identify_primary_objects	1a1437fe32a8ef417099588d56aa1af32a7bdc9994b5e988ea14f1093ba9d931
bgruening-galaxytools	662e7be86a4a1d44b779b7d234eccde528ed0226	tools/cellprofiler/image_math.xml	cp_image_math	7088e47b90cc0bf5672a2bb64f9d9ef27270cbd5526b3e76c295d41d079d3498
bgruening-galaxytools	662e7be86a4a1d44b779b7d234eccde528ed0226	tools/cellprofiler/mask_image.xml	cp_mask_image	af3451da0009979ae8cc95b9bc0699448b4213cda18a93ddbefff643d5a0cc15
bgruening-galaxytools	662e7be86a4a1d44b779b7d234eccde528ed0226	tools/cellprofiler/measure_granularity.xml	cp_measure_granularity	399013943f6f02ac4cc9e9b19839a176da8bc638a0983c0b9d082e5db4668de9
bgruening-galaxytools	662e7be86a4a1d44b779b7d234eccde528ed0226	tools/cellprofiler/measure_image_area_occupied.xml	cp_measure_image_area_occupied	ad84ee5cf4a5abcb2694c0d66a248d63e3d35345954b0c0ad28b6cdb0e01b98b
bgruening-galaxytools	662e7be86a4a1d44b779b7d234eccde528ed0226	tools/cellprofiler/measure_image_intensity.xml	cp_measure_image_intensity	bbb41a8e26aaecf1c598a507e18a88821e7a8ee20ee21080aaac611d20f3c56e
bgruening-galaxytools	662e7be86a4a1d44b779b7d234eccde528ed0226	tools/cellprofiler/measure_image_quality.xml	cp_measure_image_quality	9e9107df4ae5d9be2a0c28fb0af2750c50aca37f32c2e8605ed2d76121fc3198
bgruening-galaxytools	662e7be86a4a1d44b779b7d234eccde528ed0226	tools/cellprofiler/measure_object_intensity.xml	cp_measure_object_intensity	eeeaf4ba35ee0d8d7b6ce1985dfbb4132a2f79e8981d80015e06977160f1350f
bgruening-galaxytools	662e7be86a4a1d44b779b7d234eccde528ed0226	tools/cellprofiler/measure_object_size_shape.xml	cp_measure_object_size_shape	018a80acc925bc09abd2c608bd134cd028f6cb940008f6d5be10341bcc5f931f
bgruening-galaxytools	662e7be86a4a1d44b779b7d234eccde528ed0226	tools/cellprofiler/measure_texture.xml	cp_measure_texture	5c852d99973a0f0157aeccb38e2860608a6fa82cd71703003c6b7f34898cbdc4
bgruening-galaxytools	662e7be86a4a1d44b779b7d234eccde528ed0226	tools/cellprofiler/overlay_outlines.xml	cp_overlay_outlines	3b7e84c67289952efd0277c314de20d31d41c42ead4ca5c0dcf5c2946aabecb3
bgruening-galaxytools	662e7be86a4a1d44b779b7d234eccde528ed0226	tools/cellprofiler/relate_objects.xml	cp_relate_objects	070d0dbeff7d058ca52ae0bf110a45f0823b9d8b46d9e8d45b60173cb6b60b13
bgruening-galaxytools	662e7be86a4a1d44b779b7d234eccde528ed0226	tools/cellprofiler/save_images.xml	cp_save_images	6af0d9bccd526efe28200e82932edb1bc0ae8005dde0e7c8597ce597db6e034b
bgruening-galaxytools	662e7be86a4a1d44b779b7d234eccde528ed0226	tools/cellprofiler/starting_modules.xml	cp_common	f9dfca5d81debd34df7f4f524ce694d196ef9982f240f9ece68bfb0c0eeeaefe
bgruening-galaxytools	662e7be86a4a1d44b779b7d234eccde528ed0226	tools/cellprofiler/tile.xml	cp_tile	9ddf47601d4da58726b4f0b6a0805d598fd7474a8f202be35024f860b6d0d3d5
bgruening-galaxytools	662e7be86a4a1d44b779b7d234eccde528ed0226	tools/cellprofiler/track_objects.xml	cp_track_objects	87f98592d114b5bb429acb4e69ecc74b4bd226f44eef0238a2a9ff1bdd27f2ee
bgruening-galaxytools	662e7be86a4a1d44b779b7d234eccde528ed0226	tools/cellprofiler_v4/cellprofiler.xml	cp_cellprofiler4	ebac3335697832f6942a67b1ad72560eacb489ddcd5555171ae5673ee16e03f9
bgruening-galaxytools	662e7be86a4a1d44b779b7d234eccde528ed0226	tools/chatgpt/chatgpt.xml	chatgpt_openai_api	a46c730033f247d69f8fcaa2f2712cc3c796d2b2ced0e813b2730e8e51570a55
bgruening-galaxytools	662e7be86a4a1d44b779b7d234eccde528ed0226	tools/chipseeker/chipseeker.xml	chipseeker	2010117ee9986a666227852559f1f112860fcfaef825385d19eb55d339d25366
bgruening-galaxytools	662e7be86a4a1d44b779b7d234eccde528ed0226	tools/circexplorer/circexplorer.xml	circexplorer	32f2b05e6dccaf747d9f143feca88ab01547830ffa1f999e1d3d89badc213965
bgruening-galaxytools	662e7be86a4a1d44b779b7d234eccde528ed0226	tools/cleanlab/cleanlab_issue_handler.xml	cleanlab_issue_handler	908a121b8d2dd3699cdff168b7cb4774ca2343a8af3bb71f424d87a9107f8375
bgruening-galaxytools	662e7be86a4a1d44b779b7d234eccde528ed0226	tools/combine_metaphlan_humann/combine_metaphlan_humann.xml	combine_metaphlan_humann	17dc9ac25375cb505ae296a28754802ee600ad225b0628b875bf8a670595d8de
bgruening-galaxytools	662e7be86a4a1d44b779b7d234eccde528ed0226	tools/compare_humann2_output/compare_humann2_output.xml	compare_humann2_output	6afd9c56eb1949e59e08ebf7368408719600e3940b141b59dc83b2c2db10381a
bgruening-galaxytools	662e7be86a4a1d44b779b7d234eccde528ed0226	tools/cpat/cpat.xml	cpat	22b08919f67295945cba90517059a171ed6eb763ac856baed90b98dafed6607a
bgruening-galaxytools	662e7be86a4a1d44b779b7d234eccde528ed0226	tools/crt/crt.xml	crispr_recognition_tool	812868a3e05daabac1aa269fc1b1a93a51ba4e8ad67f30f5f55c101ddb1a3cd6
bgruening-galaxytools	662e7be86a4a1d44b779b7d234eccde528ed0226	tools/diff/diff.xml	diff	76e3f9e0f9228e6a038c4533ac7c4e933cda72d693be89870229facac0699576
bgruening-galaxytools	662e7be86a4a1d44b779b7d234eccde528ed0226	tools/dotprep/dotPrep.xml	dotprep	fcc7420cc824dc2847b2fa9c95c9729388d8ac13b1a1d62b9c98ee8e06860e16
bgruening-galaxytools	662e7be86a4a1d44b779b7d234eccde528ed0226	tools/ear/make_EAR.xml	make_ear	f16d466dc6d305d4dbdbe2e413b2202b4d3aea15b9572ad2765185586fc239fc
bgruening-galaxytools	662e7be86a4a1d44b779b7d234eccde528ed0226	tools/edta/edta.xml	edta	95aa847e10a4926b7a82b5042e8b72bc33b09c4b23b5255704ca29676a2faa84
bgruening-galaxytools	662e7be86a4a1d44b779b7d234eccde528ed0226	tools/epicseg/epicseg.xml	epicseg_segment	6798decef9f715920f5f16989a36d9d250df4cc8bfabdc3209d2244b8d82a57a
bgruening-galaxytools	662e7be86a4a1d44b779b7d234eccde528ed0226	tools/fastq_info/fastq_info.xml	fastq_info	dd8d3e6e0e6f5ee3ebe15f082ba68ed563dddcfcba4538103cbb1fe0af46e4c4
bgruening-galaxytools	662e7be86a4a1d44b779b7d234eccde528ed0226	tools/ffmpeg/ffmpeg_converter.xml	ffmpeg_converter	da3f5757078dc1285a99ddc9f2561487a348570451f369c501530da75d46bb00
bgruening-galaxytools	662e7be86a4a1d44b779b7d234eccde528ed0226	tools/file_manipulation/uniq.xml	bg_uniq	99330b492ea0d5096dac89ab60818c2923a48ba4912720c3b50b99764fd7c2a5
bgruening-galaxytools	662e7be86a4a1d44b779b7d234eccde528ed0226	tools/find_subsequences/find_subsequences.xml	bg_find_subsequences	a5f2c8392f4574716b28b8d4c21b2aea653203ffe1630427316592bec2435f7c
bgruening-galaxytools	662e7be86a4a1d44b779b7d234eccde528ed0226	tools/flexynesis/flexynesis.xml	flexynesis	fa3cfccf78a53af9cc993e6c19631ac62e9af31e4a6e79feb7272a52f5d796ba
bgruening-galaxytools	662e7be86a4a1d44b779b7d234eccde528ed0226	tools/flexynesis/flexynesis_cbioportal_import.xml	flexynesis_cbioportal_import	643a881a40c7bd0b9d22df6a57cc320df9cbd71f6ca07a2079779a2237315998
bgruening-galaxytools	662e7be86a4a1d44b779b7d234eccde528ed0226	tools/flexynesis/flexynesis_infer.xml	flexynesis_infer	f22c471b410a0012513c4bda2ead42d4fc25b120a3cfe456366b77d5555ce031
bgruening-galaxytools	662e7be86a4a1d44b779b7d234eccde528ed0226	tools/flexynesis/flexynesis_plot.xml	flexynesis_plot	1478f03eba247ed9617056207a617d8be53a1c775e0df478a83ad4f8be7ae620
bgruening-galaxytools	662e7be86a4a1d44b779b7d234eccde528ed0226	tools/flexynesis/flexynesis_utils.xml	flexynesis_utils	17921e5c75e48186e7b308a3b9e7e1e263cabc64b32d36da7ccf4e8855ec585e
bgruening-galaxytools	662e7be86a4a1d44b779b7d234eccde528ed0226	tools/flux/flux.xml	black_forest_labs_flux	ec9d3eb606948e31b6933f7cf6f42729e4060345477eed7c05a13d4c359a80f7
bgruening-galaxytools	662e7be86a4a1d44b779b7d234eccde528ed0226	tools/flye/flye.xml	flye	764db7e040f93b0ed1ab5d924e95542b79a5185f82b4b41cc9181afd35ec75c0
bgruening-galaxytools	662e7be86a4a1d44b779b7d234eccde528ed0226	tools/footprint/footprint.xml	footprint	a503734d0b0a8cafaea101100190741398918cc0d55a4188c67177d2d8b542bc
bgruening-galaxytools	662e7be86a4a1d44b779b7d234eccde528ed0226	tools/format_cd_hit_output/format_cd_hit_output.xml	format_cd_hit_output	8dfe23d910f67934b3826d4e4866b9271a0f4288893a2d806afad36b2ff761bf
bgruening-galaxytools	662e7be86a4a1d44b779b7d234eccde528ed0226	tools/format_metaphlan2_output/format_metaphlan2_output.xml	format_metaphlan2_output	9a8d348491a0691589bda11f189a571021ae9c98dabb3976d26bf9586c4db7e9
bgruening-galaxytools	662e7be86a4a1d44b779b7d234eccde528ed0226	tools/general_mapping/general_mapping.xml	bgruening_general_mapping	9ef3d6c2cfd87042881ee135302b1e5d83689156aaa73c520007baeb68fd5bac
bgruening-galaxytools	662e7be86a4a1d44b779b7d234eccde528ed0226	tools/genome_annotation_pipeline/RemoveVectorContamination.xml	rmcontamination	3c39832029ba4cdfb537d7ed6ee7b2ad2049c426b3d478db4c3b76267517cb45
bgruening-galaxytools	662e7be86a4a1d44b779b7d234eccde528ed0226	tools/genome_annotation_pipeline/eukaryotic_ncbi_submission.xml	eukaryotic_ncbi_submission	994bf87df007cae9b59ed80f296f6b94c68e424fff749f54ff01d970c06b08ce
bgruening-galaxytools	662e7be86a4a1d44b779b7d234eccde528ed0226	tools/genome_annotation_pipeline/prokaryotic_ncbi_submission.xml	prokaryotic_ncbi_submission	7ddd9ad9f4feb3dbabbfa8c563d16cb7d8cc933a6688aeb0b962b6bc770a41ce
bgruening-galaxytools	662e7be86a4a1d44b779b7d234eccde528ed0226	tools/genome_annotation_pipeline/scaffold2fasta.xml	scaffold2fasta	f6e96f86e0c860c58d865e0b9f0ed6de0e21f5d1f9a091ace9c3ed54f9f60131
bgruening-galaxytools	662e7be86a4a1d44b779b7d234eccde528ed0226	tools/gfastats/gfastats.xml	gfastats	35d9d2f31cc2380c92d8bc8de595cd365811e98e0dec7cdb343ab22762aa4080
bgruening-galaxytools	662e7be86a4a1d44b779b7d234eccde528ed0226	tools/glimmer_hmm/glimmerHMM/glimmerhmm_predict.xml	glimmerhmm_predict	20a81139466b1b13a6dc4d8f487d03f5b04fe17c4eec3f47b2b66f0e538bc979
bgruening-galaxytools	662e7be86a4a1d44b779b7d234eccde528ed0226	tools/glimmer_hmm/glimmerHMM/glimmerhmm_to_sequence.xml	glimmerhmm_to_sequence	53b06cba86148190a91ac8bea219c59e3f486446f3b1daaad9e988c216b689fc
bgruening-galaxytools	662e7be86a4a1d44b779b7d234eccde528ed0226	tools/gotohscan/gotohscan.xml	rbc_gotohscan	6434e62929413419ac62ebe22f595bb028d774f40841dde8dd60087bd3dc6669
bgruening-galaxytools	662e7be86a4a1d44b779b7d234eccde528ed0226	tools/graph_converter/convert_graph.xml	graph_converter	fc63a87155fd29c133d9ead7a61f915542b4203e1eabfcc55c03df14a361dc91
bgruening-galaxytools	662e7be86a4a1d44b779b7d234eccde528ed0226	tools/graphclust/graphclust.xml	graphclust	4b893901868280ad1ef72c6e49210fdb201e93f003104338ba206c0942afff2d
bgruening-galaxytools	662e7be86a4a1d44b779b7d234eccde528ed0226	tools/graphmap/graphmap_align.xml	graphmap_align	f065a320471098e46fdb2a013565ce021f8a58216f07850a1eff2c1af9f73d63
bgruening-galaxytools	662e7be86a4a1d44b779b7d234eccde528ed0226	tools/graphmap/graphmap_owler.xml	graphmap_overlap	8b6d08fdc03817614da49d992ad7e888ea0ba3ce9dfb15d8e5d0b558eab672dd
bgruening-galaxytools	662e7be86a4a1d44b779b7d234eccde528ed0226	tools/grobid_dataset_annotate/grobid_dataset_annotate.xml	grobid_dataset_annotate	18d42338acd73afa0d9b9dfb49c7fc4af5160c5b2874f5ab7b18dfaa2eb173d1
bgruening-galaxytools	662e7be86a4a1d44b779b7d234eccde528ed0226	tools/grobid_grobid/grobid_grobid.xml	grobid_grobid	e020460a6c5991aa17368c3ea19035de9d8e6b035332b420e2ca4f8d1e748707
bgruening-galaxytools	662e7be86a4a1d44b779b7d234eccde528ed0226	tools/hclust2/hclust2.xml	hclust2	302bc557a65c8ddbacb5ad0c0c61d11b8242109902df107769819cf9e5c19b67
bgruening-galaxytools	662e7be86a4a1d44b779b7d234eccde528ed0226	tools/hictk/hictk.xml	hictk	3d91d1f372a932b38bd04c6dde7a6bb19f8f22042ef002a78fa3db7b5d78331f
bgruening-galaxytools	662e7be86a4a1d44b779b7d234eccde528ed0226	tools/hicup/hicup2juicer.xml	hicup2juicer	7c673a5b8002e17f1a8222eaad6d74edf20b7e04416147c2ad498b271bdb5b56
bgruening-galaxytools	662e7be86a4a1d44b779b7d234eccde528ed0226	tools/hicup/hicup_deduplicator.xml	hicup_deduplicator	f885b8fd92e53b7b47ac23cc512224b6fc78c8d6e57f4c568a09953b9a60e6b8
bgruening-galaxytools	662e7be86a4a1d44b779b7d234eccde528ed0226	tools/hicup/hicup_digester.xml	hicup_digester	beb096609aea377219af096a7732a9b94b9f271574d4f1e4f5f7e86b81f968a1
bgruening-galaxytools	662e7be86a4a1d44b779b7d234eccde528ed0226	tools/hicup/hicup_filter.xml	hicup_filter	76f93290d9108ae7867f709b0e0574dabab019a9251ddca24ac78fb593c092e9
bgruening-galaxytools	662e7be86a4a1d44b779b7d234eccde528ed0226	tools/hicup/hicup_hicup.xml	hicup_hicup	5804c26470f9d1e748b72dba40642dfdf732ba6cf3ba3c04002c8edf4a9769f9
bgruening-galaxytools	662e7be86a4a1d44b779b7d234eccde528ed0226	tools/hicup/hicup_mapper.xml	hicup_mapper	5f482f0ebdf1130d0e6841421b49b22e1834b1bdf2e766c16a5f017e6551ba16
bgruening-galaxytools	662e7be86a4a1d44b779b7d234eccde528ed0226	tools/hicup/hicup_truncater.xml	hicup_truncater	994e467fcb8b8d26ce23b28e79fa9186844ea152906bd80a26adf4c67ea15963
bgruening-galaxytools	662e7be86a4a1d44b779b7d234eccde528ed0226	tools/illumina_methylation_analyser/ima.xml	illumina_methylation_analyser	6b1552f5ec8088a6326657aaaccc4418b6d98739c26c555ba3ecaeff04d1910c
bgruening-galaxytools	662e7be86a4a1d44b779b7d234eccde528ed0226	tools/image_processing/bcfind/bcfind.xml	ip_bcfind	a933b57377d92932cf83c96cfe3667645bf4cd2f597c8446c8cff4c2b1feb0a0
bgruening-galaxytools	662e7be86a4a1d44b779b7d234eccde528ed0226	tools/image_processing/bia-ftplinks/biaftplink.xml	bia_download	88f312dfdebcb77f993123e315ac0a4ed79026f55f237fb969875f1190b3f72e
bgruening-galaxytools	662e7be86a4a1d44b779b7d234eccde528ed0226	tools/image_processing/graphicsmagick/compare.xml	graphicsmagick_image_compare	01973dfc1a34b175c0cbee69c10db38ae64d64e1cfe9005cd11f012722623713
bgruening-galaxytools	662e7be86a4a1d44b779b7d234eccde528ed0226	tools/image_processing/graphicsmagick/convert.xml	graphicsmagick_image_convert	aeb362897fbc8545361f30e7d5e1d600061c38bd7642e75d062b2a01bc5718a0
bgruening-galaxytools	662e7be86a4a1d44b779b7d234eccde528ed0226	tools/image_processing/graphicsmagick/montage.xml	graphicsmagick_image_montage	d4cd0dff9f86d1a82baa8bf3a4c15a4df8f626d9d2336848411c578037a12bec
bgruening-galaxytools	662e7be86a4a1d44b779b7d234eccde528ed0226	tools/image_processing/imagej2/imagej2_adjust_threshold_binary.xml	imagej2_adjust_threshold_binary	939b329620cb3d0fd1a4d2142a7093a886696b77c8423272f95f4550ad21d06f
bgruening-galaxytools	662e7be86a4a1d44b779b7d234eccde528ed0226	tools/image_processing/imagej2/imagej2_analyze_particles_binary.xml	imagej2_analyze_particles_binary	70c56975af4e5fdb5971def7aa14586aa462abbf6b76bcde510ffcf6894cee66
bgruening-galaxytools	662e7be86a4a1d44b779b7d234eccde528ed0226	tools/image_processing/imagej2/imagej2_analyze_skeleton.xml	imagej2_analyze_skeleton	e4b5aa396b73ec47162338f05c132f95d3dd4d621eb516bb96b98ca06aeeb62e
bgruening-galaxytools	662e7be86a4a1d44b779b7d234eccde528ed0226	tools/image_processing/imagej2/imagej2_binary_to_edm.xml	imagej2_binary_to_edm	74738ee356674f3e2cd4f43bf4275aff29c86dff4c150e074225429dc7cfdca3
bgruening-galaxytools	662e7be86a4a1d44b779b7d234eccde528ed0226	tools/image_processing/imagej2/imagej2_bunwarpj_adapt_transform.xml	imagej2_bunwarpj_adapt_transform	bd575f70293fefde392aea62bdf52cc7a47b48c9d00a149ed6885eaf9b1116ee
bgruening-galaxytools	662e7be86a4a1d44b779b7d234eccde528ed0226	tools/image_processing/imagej2/imagej2_bunwarpj_align.xml	imagej2_bunwarpj_align	a68a6c8422f9d834ad5806485eef38099475b6d341c407868717357975350a3b
bgruening-galaxytools	662e7be86a4a1d44b779b7d234eccde528ed0226	tools/image_processing/imagej2/imagej2_bunwarpj_compare_elastic.xml	imagej2_bunwarpj_compare_elastic	7dad80fed54fdeb7fe17b876b3e1aeb0c21f5b538a62544ba0d18eaef8df4801
bgruening-galaxytools	662e7be86a4a1d44b779b7d234eccde528ed0226	tools/image_processing/imagej2/imagej2_bunwarpj_compare_elastic_raw.xml	imagej2_bunwarpj_compare_elastic_raw	b8edf8ef32699f10631f2101a68fa8661215c87860b7aac181c11c1cf0cdd382
bgruening-galaxytools	662e7be86a4a1d44b779b7d234eccde528ed0226	tools/image_processing/imagej2/imagej2_bunwarpj_compare_raw.xml	imagej2_bunwarpj_compare_raw	4d3e3e556be5be870d7e1b188c5556ef0ad808f9e1c613c7f92dfbb3c34f2745
bgruening-galaxytools	662e7be86a4a1d44b779b7d234eccde528ed0226	tools/image_processing/imagej2/imagej2_bunwarpj_compose_elastic.xml	imagej2_bunwarpj_compose_elastic	79b130312873eb7c05e0191a476644e3c5a361408080a6be9bd0547ba20e3f7d
bgruening-galaxytools	662e7be86a4a1d44b779b7d234eccde528ed0226	tools/image_processing/imagej2/imagej2_bunwarpj_compose_raw.xml	imagej2_bunwarpj_compose_raw	ca082423b976a8fe4bbfbe75fd19f3dff691fcb39b2fd1f8ccf94ed028642ab4
bgruening-galaxytools	662e7be86a4a1d44b779b7d234eccde528ed0226	tools/image_processing/imagej2/imagej2_bunwarpj_compose_raw_elastic.xml	imagej2_bunwarpj_compose_raw_elastic	fa4be0ccb040abb0e9acab8b9f4636786de2ffb4303fb361b633538718dfb362
bgruening-galaxytools	662e7be86a4a1d44b779b7d234eccde528ed0226	tools/image_processing/imagej2/imagej2_bunwarpj_convert_to_raw.xml	imagej2_bunwarpj_convert_to_raw	4459e24c7d192d30707d3d57e398b53ed8f7a4b3d4aa06eb9617771900e07563
bgruening-galaxytools	662e7be86a4a1d44b779b7d234eccde528ed0226	tools/image_processing/imagej2/imagej2_bunwarpj_elastic_transform.xml	imagej2_bunwarpj_elastic_transform	fda66b51d42d74588e6f895e36ac22bfb41fef2ac7c66723558862b880ed678f
bgruening-galaxytools	662e7be86a4a1d44b779b7d234eccde528ed0226	tools/image_processing/imagej2/imagej2_bunwarpj_raw_transform.xml	imagej2_bunwarpj_raw_transform	43a337588223e0943ca5e413a79712ac4dd765293c3c7d5f4b0562b3e7e2b466
bgruening-galaxytools	662e7be86a4a1d44b779b7d234eccde528ed0226	tools/image_processing/imagej2/imagej2_create_image.xml	imagej2_create_image	08be07f711e79a30e4906c5ace21b2326325b3bf951d6f3fc78122b98aea773e
bgruening-galaxytools	662e7be86a4a1d44b779b7d234eccde528ed0226	tools/image_processing/imagej2/imagej2_crop.xml	imagej2_crop	5a443e9d28db1f01f9a89668bcca5e1dc3bf308d2f3cc25b12e415ce76caefcf
bgruening-galaxytools	662e7be86a4a1d44b779b7d234eccde528ed0226	tools/image_processing/imagej2/imagej2_enhance_contrast.xml	imagej2_enhance_contrast	ac9b45d4272a75d07a940e595f961e6edc4fc2680a9ed215ccb49194f707a154
bgruening-galaxytools	662e7be86a4a1d44b779b7d234eccde528ed0226	tools/image_processing/imagej2/imagej2_filter.xml	imagej2_filter	f529097059fcd76d8a63cb245877ae7c937e0b048c3e51c3d99951695e54653b
bgruening-galaxytools	662e7be86a4a1d44b779b7d234eccde528ed0226	tools/image_processing/imagej2/imagej2_find_edges.xml	imagej2_find_edges	6f455c0e8045f465b80d84e3e79e0ccb18f802c7d7b9f7182dfdc10f8b283ea2
bgruening-galaxytools	662e7be86a4a1d44b779b7d234eccde528ed0226	tools/image_processing/imagej2/imagej2_find_maxima.xml	imagej2_find_maxima	1ab94915ea40d94e0de2088d454944843c64a4a2060c7c5513119cec49756762
bgruening-galaxytools	662e7be86a4a1d44b779b7d234eccde528ed0226	tools/image_processing/imagej2/imagej2_make_binary.xml	imagej2_make_binary	911aa5b30e58307aa46fc1b43c4eeb4f3df3bc90759da3f63bc8186cd4283d10
bgruening-galaxytools	662e7be86a4a1d44b779b7d234eccde528ed0226	tools/image_processing/imagej2/imagej2_math.xml	imagej2_math	47966e96913b85268d70487ef34631558797034f3c77073eaf9a6c669092f54a
bgruening-galaxytools	662e7be86a4a1d44b779b7d234eccde528ed0226	tools/image_processing/imagej2/imagej2_noise.xml	imagej2_noise	f919d4f6688294262fd03b721c060e4e9a6176a646ed271d89ff58006c128277
bgruening-galaxytools	662e7be86a4a1d44b779b7d234eccde528ed0226	tools/image_processing/imagej2/imagej2_shadows.xml	imagej2_shadows	978220e1fd47aa04df2013bcabad39989d833db9f446a871366a2c57eb23d157
bgruening-galaxytools	662e7be86a4a1d44b779b7d234eccde528ed0226	tools/image_processing/imagej2/imagej2_sharpen.xml	imagej2_sharpen	297e9b1bd3b739c4d6f75648169c57cdb9a41e95fae94eb370225732ac106657
bgruening-galaxytools	662e7be86a4a1d44b779b7d234eccde528ed0226	tools/image_processing/imagej2/imagej2_skeletonize3d.xml	imagej2_skeletonize3d	8aa2aa09bbdc95a02646c5c83f99f511cf6795f69582e373e6b9abcaa3c55ef4
bgruening-galaxytools	662e7be86a4a1d44b779b7d234eccde528ed0226	tools/image_processing/imagej2/imagej2_smooth.xml	imagej2_smooth	8abe620b8d2f1d4cdc5372d6e16be13ab1e01c43e5a0bfa9da3026f1f38559df
bgruening-galaxytools	662e7be86a4a1d44b779b7d234eccde528ed0226	tools/image_processing/imagej2/imagej2_watershed_binary.xml	imagej2_watershed_binary	66492955d0bb7ec4b36287f5e28561f33932a7e1860f024aad7d71abb031dfa0
bgruening-galaxytools	662e7be86a4a1d44b779b7d234eccde528ed0226	tools/image_processing/imagemagick/compare.xml	imagemagick_image_compare	86490d2ba85df8236a834017d76e5ac016837db624097e5ea4fb888ae6390850
bgruening-galaxytools	662e7be86a4a1d44b779b7d234eccde528ed0226	tools/image_processing/imagemagick/convert.xml	imagemagick_image_convert	724c52093482e6d5121567389817b6c53c5b8f784f590013536b7491dcd9c895
bgruening-galaxytools	662e7be86a4a1d44b779b7d234eccde528ed0226	tools/image_processing/imagemagick/montage.xml	imagemagick_image_montage	5400570e3512cb6a4131ca84790e282b5dcc29bd19592115204c548403569800
bgruening-galaxytools	662e7be86a4a1d44b779b7d234eccde528ed0226	tools/image_processing/woundhealing/woundhealing.xml	woundhealing_scratch_assay	2193dba5c12f3eff9bc34635774397838f2e287ebcf47b063fb8914c92e2e83d
bgruening-galaxytools	662e7be86a4a1d44b779b7d234eccde528ed0226	tools/image_processing/yolo/coco2labelme.xml	coco2labelme	6106b5fee29ca55a4c183bdcfffcbe45202c3ec9e5ff05a994d7c48c4d523ddf
bgruening-galaxytools	662e7be86a4a1d44b779b7d234eccde528ed0226	tools/image_processing/yolo/json2yolosegment.xml	json2yolosegment	8a00300714f718c27c9e3761aa555a7e4295c5df6cdd23cefb510c21ca5e8070
bgruening-galaxytools	662e7be86a4a1d44b779b7d234eccde528ed0226	tools/image_processing/yolo/yolo_prediction.xml	yolo_predict	dfcee21cd010dcabe326bfe73a44e8cbfe7bf484d49a0bad67f12faecfd69490
bgruening-galaxytools	662e7be86a4a1d44b779b7d234eccde528ed0226	tools/image_processing/yolo/yolo_training.xml	yolo_training	a6975209b5a9886d311eeab6256ff2561f4f0f56414b7faf8ad1ea5a53aa53ba
bgruening-galaxytools	662e7be86a4a1d44b779b7d234eccde528ed0226	tools/image_processing/yolo-utils/doclayoutyolo/doclayoutyolo.xml	doclayoutyolo	fb9c57fd08c4e93c7f7330be8e372e7370f9e0a76461b3b2cad30ae7aa80da51
bgruening-galaxytools	662e7be86a4a1d44b779b7d234eccde528ed0226	tools/instagraal/instagraal.xml	instagraal	2f1e722f0b9c57e49d55dc5fde3749f8a5eb723324dd396901d2e05d71bd420a
bgruening-galaxytools	662e7be86a4a1d44b779b7d234eccde528ed0226	tools/itsx/itsx.xml	itsx	b7ce7e1cb362f79f20a3bd398c533dbb77839db9965cdfe0c9fa3cb33a1da366
bgruening-galaxytools	662e7be86a4a1d44b779b7d234eccde528ed0226	tools/jamm/jamm.xml	jamm	477703288b60080888f28f885cdea85cd2dcc29ffc1a062d7f3915352c9f4674
bgruening-galaxytools	662e7be86a4a1d44b779b7d234eccde528ed0226	tools/jbrowse2/jbrowse2.xml	jbrowse2	e9bc8cc650b6c973bfe0e8a1c0bd9137f34c511d10ffef6784d29e9283efb1f4
bgruening-galaxytools	662e7be86a4a1d44b779b7d234eccde528ed0226	tools/jupyter_job/run_jupyter_job.xml	run_jupyter_job	ffdca262e3aee024feda2130f3b705fdaaf44713ea51fc078ec5cfc86d545762
bgruening-galaxytools	662e7be86a4a1d44b779b7d234eccde528ed0226	tools/kmetashot/kmetashot.xml	kmetashot	227c4aa576920538d088420c82ab4ba5cbb7e1a83e76a8e37deb3bb1494fdbc6
bgruening-galaxytools	662e7be86a4a1d44b779b7d234eccde528ed0226	tools/labels/labels.xml	bg_labels	b9456fec147d8b385830c29db86a5a15f2801600b3b2755e0a77e6d5300597ea
bgruening-galaxytools	662e7be86a4a1d44b779b7d234eccde528ed0226	tools/lighter/lighter.xml	lighter	8634d435b5e125d4f8608af7a3142e7948194870f21684b43d29de183bbefd59
bgruening-galaxytools	662e7be86a4a1d44b779b7d234eccde528ed0226	tools/llm_hub/llm_hub.xml	llm_hub	34eb3403d24fcfe3868830f3cd5196c39d4ae1dcf2e082c86d45e4ce983ef4ca
bgruening-galaxytools	662e7be86a4a1d44b779b7d234eccde528ed0226	tools/logan_proteins/embed_query.xml	logan_protein_embed_query	5f67d0feac012f3dff4ea9b31e7a9d5380ecbf83d7c7bdf96a906d6566f44b37
bgruening-galaxytools	662e7be86a4a1d44b779b7d234eccde528ed0226	tools/logan_proteins/search_database.xml	logan_protein_search_database	558e49064df0551654b8a6b36a8d4363bd62f68df599672e207285f4282a8984
bgruening-galaxytools	662e7be86a4a1d44b779b7d234eccde528ed0226	tools/mafft/mafft-add.xml	rbc_mafft_add	cb58f4031508fef6e34099fc5d258fc647838bba0ede85418140e13d099874a2
bgruening-galaxytools	662e7be86a4a1d44b779b7d234eccde528ed0226	tools/mafft/mafft.xml	rbc_mafft	033ce4b4e02fa869137ea8b41a32983c0bf84027a47db846850c19e190fbf251
bgruening-galaxytools	662e7be86a4a1d44b779b7d234eccde528ed0226	tools/markitdown/markitdown.xml	markitdown	d1615890d78006692d2736c9db840a99d11f4b50f1eda8aa8c80eabdb5b300ca
bgruening-galaxytools	662e7be86a4a1d44b779b7d234eccde528ed0226	tools/mave_tools/mavedb/mavedb.xml	mavedb_importer	a9195717a71bff6b4628cd80349290936df9df8fef9b797e92d456fad95d8dfd
bgruening-galaxytools	662e7be86a4a1d44b779b7d234eccde528ed0226	tools/methtools/calling.xml	methtools_calling	981a5045d5ead24212c24b07866437eba12744eaba3ef79ffabf54f2b723ce72
bgruening-galaxytools	662e7be86a4a1d44b779b7d234eccde528ed0226	tools/methtools/correlation_matrix.xml	r_correlation_matrix	f7e816cda4735ca1a1ac3ce7e90c650bc3565f1fc61bf435a3726e4a7a30ba14
bgruening-galaxytools	662e7be86a4a1d44b779b7d234eccde528ed0226	tools/methtools/destrand.xml	methtools_destrand	a67dc53707a3b56c876992c839dc953392e60b56a361dac148bf41e7b59b2507
bgruening-galaxytools	662e7be86a4a1d44b779b7d234eccde528ed0226	tools/methtools/dmr.xml	methtools_dmr	1bd47a2ceaf00ce8b3f45c31e911db7eec7c752048f03371718cff4754532771
bgruening-galaxytools	662e7be86a4a1d44b779b7d234eccde528ed0226	tools/methtools/filter.xml	methtools_filter	a7153f276a9e2bc95e423e24d27537a7dd4ed401e417425136d6740a8c9c5841
bgruening-galaxytools	662e7be86a4a1d44b779b7d234eccde528ed0226	tools/methtools/plot.xml	methtools_plot	4ee2e43b826d204769f7d0c8c7c32d5bf896140303ca1e382cd3bbb9541e511d
bgruening-galaxytools	662e7be86a4a1d44b779b7d234eccde528ed0226	tools/methtools/smooth.xml	smooth_running_window	68f1b21f20a938a8ccaf88da53822a47cf1e95a059c372bff5c530b9a141e05d
bgruening-galaxytools	662e7be86a4a1d44b779b7d234eccde528ed0226	tools/methtools/tiling.xml	methtools_tiling	5419dae7c200ae5a5a9cf3b034b1f240ef9e9031a86f816a7a322b0b8d20dd32
bgruening-galaxytools	662e7be86a4a1d44b779b7d234eccde528ed0226	tools/methyldackel/MethylDackel.xml	pileometh	4b93c86f1417a5411b569737f20800a1c48ce42cd4486ad7f7215e7f0ed4abd0
bgruening-galaxytools	662e7be86a4a1d44b779b7d234eccde528ed0226	tools/methylkit/methylkit.xml	methylkit	c1b2afe2ecebea9b6092cf7b6c6ccaa7cdad5f5e4ac22d500df6da5721cd33ce
bgruening-galaxytools	662e7be86a4a1d44b779b7d234eccde528ed0226	tools/metilene/metilene.xml	metilene	428c649f96ddecb72ff7e118439cc607a7c6c42b15d042e7efb1f1406c54734d
bgruening-galaxytools	662e7be86a4a1d44b779b7d234eccde528ed0226	tools/mgnify_seqprep/mgnify_seqprep.xml	mgnify_seqprep	156a9b93033fc28d86c38d49fab3f74cb7b99e154dbc6b8c414b2640bbf223ee
bgruening-galaxytools	662e7be86a4a1d44b779b7d234eccde528ed0226	tools/miclip/MiClip.xml	mi_clip	76b834c260d9a2c67cde9b3f3670e34db4c8d9735fba371e6d08c793f7c3bd08
bgruening-galaxytools	662e7be86a4a1d44b779b7d234eccde528ed0226	tools/minced/minced.xml	minced	afcd644a6844ff9e700726c2dc9123072739ba28c5752660a76e72c312251b96
bgruening-galaxytools	662e7be86a4a1d44b779b7d234eccde528ed0226	tools/minipolish/minipolish.xml	minipolish	f4ad1509b29946c85d8617b176ba6d6192f0563085bf60ac2a878529280a03b8
bgruening-galaxytools	662e7be86a4a1d44b779b7d234eccde528ed0226	tools/mitohifi/mitohifi.xml	mitohifi	30de6df0b3ace6a1c2abff778678eb8080d46c9a3456b568eb8f0aedb8691da0
bgruening-galaxytools	662e7be86a4a1d44b779b7d234eccde528ed0226	tools/molecule2gspan/mol2gspan.xml	bg_mol2gspan	473a6979e52090719ef49ad4d41a62068208a8cabe48cbdb89124871daed0ee5
bgruening-galaxytools	662e7be86a4a1d44b779b7d234eccde528ed0226	tools/motus/motus_map_snv.xml	motus_map_snv	30146c69aa9135525be88e689a4f52affd517f5dfc87df1faaabe4553ba300de
bgruening-galaxytools	662e7be86a4a1d44b779b7d234eccde528ed0226	tools/motus/motus_merge.xml	mereg_mOTUs_tables	1b8562a1a4aafb7457cfac5d1fdbd230014be1b3e6f55cec67eb4ef351f66378
bgruening-galaxytools	662e7be86a4a1d44b779b7d234eccde528ed0226	tools/motus/motus_profiler.xml	motus_profiler	ea87a11707519c6b4a3b37c9411e4624552fdf2f3b2764e8c1e55b173a6bad38
bgruening-galaxytools	662e7be86a4a1d44b779b7d234eccde528ed0226	tools/music_deconvolution/construct_eset.xml	music_construct_eset	624b4e7484495804484645a4dd706161643e376b7041d57e64b555a6146254dc
bgruening-galaxytools	662e7be86a4a1d44b779b7d234eccde528ed0226	tools/music_deconvolution/inspect_eset.xml	music_inspect_eset	e11230b00ead93a2bce15173fde464d9f58869e1d00de7399d70fcf1e597e3df
bgruening-galaxytools	662e7be86a4a1d44b779b7d234eccde528ed0226	tools/music_deconvolution/manipulate_eset.xml	music_manipulate_eset	b336d48d91482cd97bbdbfea1a8362faa5f3bb6586a584aa5a8170f30b1cab2f
bgruening-galaxytools	662e7be86a4a1d44b779b7d234eccde528ed0226	tools/music_deconvolution/music_compare.xml	music_compare	ea2fc0810d39bbd6d6dd5a5656b92dd2d5b5835a56799e72d434974ea8144a21
bgruening-galaxytools	662e7be86a4a1d44b779b7d234eccde528ed0226	tools/music_deconvolution/music_deconvolution.xml	music_deconvolution	9fb412970b119bbd321a06d9e73d56e40ec0ad74f0cd8e5d223c01eeaa5c0e0d
bgruening-galaxytools	662e7be86a4a1d44b779b7d234eccde528ed0226	tools/nanopolish/nanopolish_eventalign.xml	nanopolish_eventalign	4d994374d63ab6b45dc69b95b1d38f49d0b111ea0be7ec317421fab5fa0dd68e
bgruening-galaxytools	662e7be86a4a1d44b779b7d234eccde528ed0226	tools/nanopolish/nanopolish_methylation.xml	nanopolish_methylation	cc392ea40aeb8430e1be840a83be6f802b178fde9b54dc88387238d376e3f17e
bgruening-galaxytools	662e7be86a4a1d44b779b7d234eccde528ed0226	tools/nanopolish/nanopolish_polya.xml	nanopolish_polya	955cc932365ae664b5c5ab742de34dfcfd14b527efccffbfad54d131febcd8f2
bgruening-galaxytools	662e7be86a4a1d44b779b7d234eccde528ed0226	tools/nanopolish/nanopolish_variants.xml	nanopolish_variants	acd16726e4fd63410b7e80fb982ca0b6b2cc168caa0b5b3d506a1a3fffaefabe
bgruening-galaxytools	662e7be86a4a1d44b779b7d234eccde528ed0226	tools/netboxr/netboxr_xml.xml	netboxr	d8b0ff54cca1d9fb32dec68d41f3e90d701647c7432c1b80b8e08cad838bff2f
bgruening-galaxytools	662e7be86a4a1d44b779b7d234eccde528ed0226	tools/nextdenovo/nextdenovo.xml	nextdenovo	2c7b045e6de4f3c7d8053165264c3e5a4fbf10c7d7eefc4e52639f7178efaca2
bgruening-galaxytools	662e7be86a4a1d44b779b7d234eccde528ed0226	tools/nucleosome_prediction/nucleosome_prediction.xml	Nucleosome	4a8e675382405186825cf134757ecaa1d41ce7521e92cd76bf84fb7bff60e2e5
bgruening-galaxytools	662e7be86a4a1d44b779b7d234eccde528ed0226	tools/numeric_clustering/numeric_clustering.xml	numeric_clustering	e26cc9b3fd5c780cfb629154da1071caec591581d94c2b0df791bbf562cc85dd
bgruening-galaxytools	662e7be86a4a1d44b779b7d234eccde528ed0226	tools/openms/AccurateMassSearch.xml	AccurateMassSearch	988d05b27606fae5cac96fbed3214984487cabcf6e38e8370dff0eeae4abd7d7
bgruening-galaxytools	662e7be86a4a1d44b779b7d234eccde528ed0226	tools/openms/AdditiveSeries.xml	AdditiveSeries	c0cca34301fc653e473502b603f2cd85602e578e81701e6ede89e8be89bad33f
bgruening-galaxytools	662e7be86a4a1d44b779b7d234eccde528ed0226	tools/openms/BaselineFilter.xml	BaselineFilter	51d765e069c9ba46a89c662009f487e4ec3729bfcc59e686e7a0c241e78502c2
bgruening-galaxytools	662e7be86a4a1d44b779b7d234eccde528ed0226	tools/openms/CVInspector.xml	CVInspector	e4adccdc78c595baad38962dc5dc2edd291c586d296a833b52d4e8598e43ede9
bgruening-galaxytools	662e7be86a4a1d44b779b7d234eccde528ed0226	tools/openms/CompNovo.xml	CompNovo	ef7a19c5df70824514031c07aaa4d80ed45a8ebcd50c0af2a6a7fdf79d858d03
bgruening-galaxytools	662e7be86a4a1d44b779b7d234eccde528ed0226	tools/openms/CompNovoCID.xml	CompNovoCID	0a88d2336358b600bf3129e7720b8f6551c713a2dd3cc053d264f4086715ba44
bgruening-galaxytools	662e7be86a4a1d44b779b7d234eccde528ed0226	tools/openms/ConsensusID.xml	ConsensusID	77d605c2d75e62fbaea624fe839390f875979650f1b5c58793004d5f776f865f
bgruening-galaxytools	662e7be86a4a1d44b779b7d234eccde528ed0226	tools/openms/ConsensusMapNormalizer.xml	ConsensusMapNormalizer	d14f218432009d830f422a59a345d54049dca3eecbe3336a0a81fcbd1132ad6f
bgruening-galaxytools	662e7be86a4a1d44b779b7d234eccde528ed0226	tools/openms/ConvertTSVToTraML.xml	ConvertTSVToTraML	072e8d32764d00e0e5ff98e41babb9a8b6912924d4662a2c34eec86bd3108c32
bgruening-galaxytools	662e7be86a4a1d44b779b7d234eccde528ed0226	tools/openms/ConvertTraMLToTSV.xml	ConvertTraMLToTSV	eac4f1aa05fb5d083dc4b0eab3d35530d40f9b576c4fb0017936bf8a7ab036ad
bgruening-galaxytools	662e7be86a4a1d44b779b7d234eccde528ed0226	tools/openms/DTAExtractor.xml	DTAExtractor	b049a26b2e95170f26183d2d04e1f2d871a3e3f7381da9c91057134844814ee8
bgruening-galaxytools	662e7be86a4a1d44b779b7d234eccde528ed0226	tools/openms/DeMeanderize.xml	DeMeanderize	f0da3e58a426a3f105a7a1e849cb95e669beefcc24363375a97b1051a26d9b48
bgruening-galaxytools	662e7be86a4a1d44b779b7d234eccde528ed0226	tools/openms/Decharger.xml	Decharger	023ee7a2eb91f65836e841326b2ee58ca64a013c8f2abc926b67198c3894f370
bgruening-galaxytools	662e7be86a4a1d44b779b7d234eccde528ed0226	tools/openms/DecoyDatabase.xml	DecoyDatabase	cdac699fa3dbe11786c6838e2c3139efe56203757699fd1cc61c20b47ab9d69e
bgruening-galaxytools	662e7be86a4a1d44b779b7d234eccde528ed0226	tools/openms/Digestor.xml	Digestor	9e9c3b2f1b01b1f5c852b9acd5a76b20e3e13c8364af57f63c32a1bdb555be29
bgruening-galaxytools	662e7be86a4a1d44b779b7d234eccde528ed0226	tools/openms/DigestorMotif.xml	DigestorMotif	91d36f64f414eff4cc0484d7fa6a34228c744efc3642c71d585708194ad8293c
bgruening-galaxytools	662e7be86a4a1d44b779b7d234eccde528ed0226	tools/openms/EICExtractor.xml	EICExtractor	07dbf11e85b16551976cabd752bcb8032f4433246a12397a3ba1542da0e6a087
bgruening-galaxytools	662e7be86a4a1d44b779b7d234eccde528ed0226	tools/openms/ERPairFinder.xml	ERPairFinder	75902a94bb552f38297f662607d84509358f73ffdcd05508c1ee2a8b18e147c0
bgruening-galaxytools	662e7be86a4a1d44b779b7d234eccde528ed0226	tools/openms/ExternalCalibration.xml	ExternalCalibration	05898709d2c009e43544af14fedad9ce28c97c03c9eafe7176f48ff6d606e004
bgruening-galaxytools	662e7be86a4a1d44b779b7d234eccde528ed0226	tools/openms/FFEval.xml	FFEval	524e23f4d9e8fefc9a160586c579a34732160040ce728333a722294467035ebd
bgruening-galaxytools	662e7be86a4a1d44b779b7d234eccde528ed0226	tools/openms/FalseDiscoveryRate.xml	FalseDiscoveryRate	aef4fc0bc9482f5f40b3c3b4d641c8db29fc5dd12c44282cf93bc1bbdc4dc5c2
bgruening-galaxytools	662e7be86a4a1d44b779b7d234eccde528ed0226	tools/openms/FeatureFinderCentroided.xml	FeatureFinderCentroided	22eec868b688ab4f2ddeca263941457bdf04ea8c0a6bb48b44e133dabf990a6a
bgruening-galaxytools	662e7be86a4a1d44b779b7d234eccde528ed0226	tools/openms/FeatureFinderIdentification.xml	FeatureFinderIdentification	2f0d2ab818b97b1648f5f2fe3b172fe50711a08c4a282fb0e979f7343ef6ddb7
bgruening-galaxytools	662e7be86a4a1d44b779b7d234eccde528ed0226	tools/openms/FeatureFinderIsotopeWavelet.xml	FeatureFinderIsotopeWavelet	f55dae720f1ed09e7098760a7dd3a84e9a98174fb2c0dc14232424eaa2672f64
bgruening-galaxytools	662e7be86a4a1d44b779b7d234eccde528ed0226	tools/openms/FeatureFinderMRM.xml	FeatureFinderMRM	2ca3bb76716e1ca95148613306c7ae01a5d5834b47e5a8dc85bf9256f82d408e
bgruening-galaxytools	662e7be86a4a1d44b779b7d234eccde528ed0226	tools/openms/FeatureFinderMetabo.xml	FeatureFinderMetabo	f49917143129e0bb065c095573b8ba97deb57f77a5d92086af76a1b9755596bf
bgruening-galaxytools	662e7be86a4a1d44b779b7d234eccde528ed0226	tools/openms/FeatureFinderMultiplex.xml	FeatureFinderMultiplex	f8c1f3675af5bf1305f2c39ecd34226378e19a25f4530dbba84fdfcf12aaa8d8
bgruening-galaxytools	662e7be86a4a1d44b779b7d234eccde528ed0226	tools/openms/FeatureFinderSuperHirn.xml	FeatureFinderSuperHirn	aca3a819114c0cf742da4cd47e5c8a6c0aa44e429abfd33216f93158a5bc5e78
bgruening-galaxytools	662e7be86a4a1d44b779b7d234eccde528ed0226	tools/openms/FeatureLinkerLabeled.xml	FeatureLinkerLabeled	fda376b96bf42099f3b44248d6652888bc7c783815d889966cb498f0b90a980c
bgruening-galaxytools	662e7be86a4a1d44b779b7d234eccde528ed0226	tools/openms/FeatureLinkerUnlabeled.xml	FeatureLinkerUnlabeled	3996af54dad67195e1052e7f3e25cd9395138fa403da001ed9a3b20c225e92ef
bgruening-galaxytools	662e7be86a4a1d44b779b7d234eccde528ed0226	tools/openms/FeatureLinkerUnlabeledQT.xml	FeatureLinkerUnlabeledQT	e6c1287c022bf9f7a21b7cf2bc897de1d49af081d10ea2bdc348da4fa33b3353
bgruening-galaxytools	662e7be86a4a1d44b779b7d234eccde528ed0226	tools/openms/FidoAdapter.xml	FidoAdapter	b01fe80bd110b0fef438c8a9ee4769c9dad2f0d539a9f470168bb900765e3c66
bgruening-galaxytools	662e7be86a4a1d44b779b7d234eccde528ed0226	tools/openms/FileConverter.xml	FileConverter	76c8848cbbb1fcb3aa4c3d709cb9aa49b398f45f93e6c0bb760864e6a4665637
bgruening-galaxytools	662e7be86a4a1d44b779b7d234eccde528ed0226	tools/openms/FileFilter.xml	FileFilter	6af5e20d80bb3283ea3aae5df9fe12d60eb3b2b1ea8ea3eb33d07a127247861c
bgruening-galaxytools	662e7be86a4a1d44b779b7d234eccde528ed0226	tools/openms/FileInfo.xml	FileInfo	62db93bacca43b13a52dd31b11a6d026bc082c1c0d0bed7c2e6dc8f8fdb99f10
bgruening-galaxytools	662e7be86a4a1d44b779b7d234eccde528ed0226	tools/openms/FileMerger.xml	FileMerger	add0dd08062ba8a7d452607da5a7deeaf24f9f0057e8fa8d94dcd3bccb6c4d2d
bgruening-galaxytools	662e7be86a4a1d44b779b7d234eccde528ed0226	tools/openms/FuzzyDiff.xml	FuzzyDiff	bb2db8c6afea3e67e69e073f950bfa0a44e1b787c9e1973b7e7fd974a3236b0d
bgruening-galaxytools	662e7be86a4a1d44b779b7d234eccde528ed0226	tools/openms/HighResPrecursorMassCorrector.xml	HighResPrecursorMassCorrector	75698ce5cd778227171cda5d169fc435410c7435f0a7a55f9831ea75e4bbde2b
bgruening-galaxytools	662e7be86a4a1d44b779b7d234eccde528ed0226	tools/openms/IDConflictResolver.xml	IDConflictResolver	0bee36b97f5c69d72f9f1910a52ea66c1161d94e54ef703666a5ec23a1eedef4
bgruening-galaxytools	662e7be86a4a1d44b779b7d234eccde528ed0226	tools/openms/IDDecoyProbability.xml	IDDecoyProbability	8536288184ca38473e62b12d87adc8d923c7f077dbc2156dd83cb3a05bcac64c
bgruening-galaxytools	662e7be86a4a1d44b779b7d234eccde528ed0226	tools/openms/IDExtractor.xml	IDExtractor	9da4a284dc71d7ffc157023c8c2026688b9541f3f6fa4b521a795d7766e7e84e
bgruening-galaxytools	662e7be86a4a1d44b779b7d234eccde528ed0226	tools/openms/IDFileConverter.xml	IDFileConverter	92924461397b262be0ede94073caa7e79282b1871c33152483f66b1855d37aa4
bgruening-galaxytools	662e7be86a4a1d44b779b7d234eccde528ed0226	tools/openms/IDFilter.xml	IDFilter	137df80bcdcca4fffe1be7df543ad30f726fa0bd4785ca3e2493f4998c6a6230
bgruening-galaxytools	662e7be86a4a1d44b779b7d234eccde528ed0226	tools/openms/IDMapper.xml	IDMapper	f6f4fafa5b151e2257a67ee619d532f0bdfbd8740b586e4e214de3dc04776a59
bgruening-galaxytools	662e7be86a4a1d44b779b7d234eccde528ed0226	tools/openms/IDMassAccuracy.xml	IDMassAccuracy	ccac9e16a9c9edd1b3c37cf573cd7bf63fea8df972b59712f4fa74f13fc1c0a8
bgruening-galaxytools	662e7be86a4a1d44b779b7d234eccde528ed0226	tools/openms/IDMerger.xml	IDMerger	394c8b41706b46a8d110f09c126cf6589b270fe008504994a45a12a4fd74dd55
bgruening-galaxytools	662e7be86a4a1d44b779b7d234eccde528ed0226	tools/openms/IDPosteriorErrorProbability.xml	IDPosteriorErrorProbability	ccc6477382ec6c44c059798c4cc7f6e44bfe4c216a7e3560c780013ca16cea9d
bgruening-galaxytools	662e7be86a4a1d44b779b7d234eccde528ed0226	tools/openms/IDRTCalibration.xml	IDRTCalibration	d4bbf6e74a3280e33b1be7471a35c717402920f157b0943379753d3830087de9
bgruening-galaxytools	662e7be86a4a1d44b779b7d234eccde528ed0226	tools/openms/IDRipper.xml	IDRipper	d9daaa8ac5e3af7eab1a025b689c16f0f0e5ad1d068d48f1c4dee4aca597cdf5
bgruening-galaxytools	662e7be86a4a1d44b779b7d234eccde528ed0226	tools/openms/IDScoreSwitcher.xml	IDScoreSwitcher	af820c18c5358f9e5ea8b4f87d7b2b4ac61c5e5cc7f8b4cdd011bbdc093641a0
bgruening-galaxytools	662e7be86a4a1d44b779b7d234eccde528ed0226	tools/openms/IDSplitter.xml	IDSplitter	1951cb81494ad8ae2785325eff76d15ba02779750f36a93024609f7c5dce03ca
bgruening-galaxytools	662e7be86a4a1d44b779b7d234eccde528ed0226	tools/openms/ITRAQAnalyzer.xml	ITRAQAnalyzer	ca524e378c96b57e4a18508e6f302212c3907a0f7286383742b71e66bbe13f2e
bgruening-galaxytools	662e7be86a4a1d44b779b7d234eccde528ed0226	tools/openms/InclusionExclusionListCreator.xml	InclusionExclusionListCreator	7955fd4d1dc42d53c02554e0a61d083ac17ac4923739370a0b973b83f06e1fea
bgruening-galaxytools	662e7be86a4a1d44b779b7d234eccde528ed0226	tools/openms/InspectAdapter.xml	InspectAdapter	98884c7fc7a9fa6ef900b6e807dfd501ad88bd24de970ceace0d5e014527af6f
bgruening-galaxytools	662e7be86a4a1d44b779b7d234eccde528ed0226	tools/openms/InternalCalibration.xml	InternalCalibration	e962b4a373ef35a38ec6eea659c7c7ef9fd861967d88afe361590b68ddf87e03
bgruening-galaxytools	662e7be86a4a1d44b779b7d234eccde528ed0226	tools/openms/IsobaricAnalyzer.xml	IsobaricAnalyzer	faaf20f1d5fbb260787b3931dd516eaa18936348192df924d8a77b5e56cf02ad
bgruening-galaxytools	662e7be86a4a1d44b779b7d234eccde528ed0226	tools/openms/LabeledEval.xml	LabeledEval	5b124aef4f83e69b5dcfc01d99e356de0f6ff471628a2228cb94d49964db8233
bgruening-galaxytools	662e7be86a4a1d44b779b7d234eccde528ed0226	tools/openms/LowMemPeakPickerHiRes.xml	LowMemPeakPickerHiRes	fdcb6c951a7cda6613085c4d03394d19d4ebbbe6cfe56981abf50013bafb6b43
bgruening-galaxytools	662e7be86a4a1d44b779b7d234eccde528ed0226	tools/openms/LowMemPeakPickerHiRes_RandomAccess.xml	LowMemPeakPickerHiRes_RandomAccess	e7caf9f1601b03966f1be83681354d0e966fa941a8b0039c51f9c2268d236a93
bgruening-galaxytools	662e7be86a4a1d44b779b7d234eccde528ed0226	tools/openms/LuciphorAdapter.xml	LuciphorAdapter	fd41f379a8383a41636b5a31cf5ec38113784f56b17d110786cc8c1084e7d053
bgruening-galaxytools	662e7be86a4a1d44b779b7d234eccde528ed0226	tools/openms/MRMMapper.xml	MRMMapper	fad29e8be4bfcb2a0351f9c999ad228e9cef27dbfaa0c1d269cd080fa6513c75
bgruening-galaxytools	662e7be86a4a1d44b779b7d234eccde528ed0226	tools/openms/MRMPairFinder.xml	MRMPairFinder	6a401ec42baaf1eee2df9a66e0f3790c5bb84d1189a41cd43efd0f5692406274
bgruening-galaxytools	662e7be86a4a1d44b779b7d234eccde528ed0226	tools/openms/MRMTransitionGroupPicker.xml	MRMTransitionGroupPicker	c4b28296fbbe31bbd32da2e648278ac29901a5486613d0ce46e9cb5a30d40213
bgruening-galaxytools	662e7be86a4a1d44b779b7d234eccde528ed0226	tools/openms/MSGFPlusAdapter.xml	MSGFPlusAdapter	7b7b0a4371edb59b17b9f501984cc7b72ab0b2ea3d8add91eca7849e392edf2b
bgruening-galaxytools	662e7be86a4a1d44b779b7d234eccde528ed0226	tools/openms/MSSimulator.xml	MSSimulator	1ab4595ca9f2fcb4d044512d4050b4040c441243466280de35249af004122520
bgruening-galaxytools	662e7be86a4a1d44b779b7d234eccde528ed0226	tools/openms/MapAlignmentEvaluation.xml	MapAlignmentEvaluation	75dc73ce7373d0cf40b1a7ecae34b5f03e26b25342a8b4e14544d453aad34b7f
bgruening-galaxytools	662e7be86a4a1d44b779b7d234eccde528ed0226	tools/openms/MapNormalizer.xml	MapNormalizer	57bd9e3e53855564625fe48f768657c4a50bb19d98ce7ddba59c1bf16222e5f3
bgruening-galaxytools	662e7be86a4a1d44b779b7d234eccde528ed0226	tools/openms/MapRTTransformer.xml	MapRTTransformer	eeb99c6241e6bd90404536651b8d7eb8d986bf4bfdc080491886a59fecd79bad
bgruening-galaxytools	662e7be86a4a1d44b779b7d234eccde528ed0226	tools/openms/MapStatistics.xml	MapStatistics	86809203157167780628725f056be66a333ae6337c8aa8ee027326075b51d760
bgruening-galaxytools	662e7be86a4a1d44b779b7d234eccde528ed0226	tools/openms/MascotAdapter.xml	MascotAdapter	7f2e6a2b1d5697d611a6af26d7df0570ccfcc592dbd4ea71f8f9c665fd0afe34
bgruening-galaxytools	662e7be86a4a1d44b779b7d234eccde528ed0226	tools/openms/MascotAdapterOnline.xml	MascotAdapterOnline	3a99851f0e884968bc15a3031c1d6be7524836a2d19eaa3a9d761572115bd9b3
bgruening-galaxytools	662e7be86a4a1d44b779b7d234eccde528ed0226	tools/openms/MassCalculator.xml	MassCalculator	86ea0f9371acf3a58a654832b1f3d1c19b56957fb03a12a0bc9bf2ab49854d4b
bgruening-galaxytools	662e7be86a4a1d44b779b7d234eccde528ed0226	tools/openms/MassTraceExtractor.xml	MassTraceExtractor	77c0b57ed24d681efc6296b5248c3ba7157bf03de207f02f2a89e1b142b1e05e
bgruening-galaxytools	662e7be86a4a1d44b779b7d234eccde528ed0226	tools/openms/MetaProSIP.xml	MetaProSIP	93a6840b41f460954a003135b6077279205e9439ce11fe811812aa7e1c461b11
bgruening-galaxytools	662e7be86a4a1d44b779b7d234eccde528ed0226	tools/openms/MetaboliteSpectralMatcher.xml	MetaboliteSpectralMatcher	c0d07795e617247acb4421558727598612ba44a005487ecdef0807214712d329
bgruening-galaxytools	662e7be86a4a1d44b779b7d234eccde528ed0226	tools/openms/MultiplexResolver.xml	MultiplexResolver	ba7e67cbbd9cb82771f836d4971420dbdfdd2f826b0d362839c4ae752e47950a
bgruening-galaxytools	662e7be86a4a1d44b779b7d234eccde528ed0226	tools/openms/MzMLSplitter.xml	MzMLSplitter	d12b69ca237f8d4ae30322da6809c06e32c08f4be5abe18e8cd1194824b4a885
bgruening-galaxytools	662e7be86a4a1d44b779b7d234eccde528ed0226	tools/openms/MzTabExporter.xml	MzTabExporter	5eea6e64c91e09d887d6a758944a770cde6e7b0bbee3784e7e7e0051b62a7eaa
bgruening-galaxytools	662e7be86a4a1d44b779b7d234eccde528ed0226	tools/openms/NoiseFilterGaussian.xml	NoiseFilterGaussian	f3603a237309b245c18fb7ffcff3b8ce1328b9140bba0257d1d0861f356143f5
bgruening-galaxytools	662e7be86a4a1d44b779b7d234eccde528ed0226	tools/openms/NoiseFilterSGolay.xml	NoiseFilterSGolay	cc52b2d10007d41a05df11e58a13adf1c2ac3717d164df2dce5c7cfaecc02304
bgruening-galaxytools	662e7be86a4a1d44b779b7d234eccde528ed0226	tools/openms/OpenSwathAnalyzer.xml	OpenSwathAnalyzer	9862a7dd223caafb83858fc31917f5c4e890739f32966d1655b9762c5af009ad
bgruening-galaxytools	662e7be86a4a1d44b779b7d234eccde528ed0226	tools/openms/OpenSwathAssayGenerator.xml	OpenSwathAssayGenerator	2805ad9fa70ca27d582c403e81592866347b63ae8f30eb50670dc03ee608e161
bgruening-galaxytools	662e7be86a4a1d44b779b7d234eccde528ed0226	tools/openms/OpenSwathChromatogramExtractor.xml	OpenSwathChromatogramExtractor	1c24a5e221d059f7b02468347063c19695d51d1e34f3ac8cd719a6b963e69010
bgruening-galaxytools	662e7be86a4a1d44b779b7d234eccde528ed0226	tools/openms/OpenSwathConfidenceScoring.xml	OpenSwathConfidenceScoring	d9f126f2d33f27f037b8135d62a76135693ef33f5c2fd9f9bda8bd935a9cfb68
bgruening-galaxytools	662e7be86a4a1d44b779b7d234eccde528ed0226	tools/openms/OpenSwathDIAPreScoring.xml	OpenSwathDIAPreScoring	f07404335a8f1fd5f27e063e4bea84bd9c728419a80dd5ccbda360be809636be
bgruening-galaxytools	662e7be86a4a1d44b779b7d234eccde528ed0226	tools/openms/OpenSwathDecoyGenerator.xml	OpenSwathDecoyGenerator	aa562fd68033c5d6ce07c29689d3ed27d6c28df695559af991e250fd0aa554af
bgruening-galaxytools	662e7be86a4a1d44b779b7d234eccde528ed0226	tools/openms/OpenSwathFeatureXMLToTSV.xml	OpenSwathFeatureXMLToTSV	d940f1212a1842a5dcc0f25289807765640c85cd63494bac0d7a0a14ad0983e4
bgruening-galaxytools	662e7be86a4a1d44b779b7d234eccde528ed0226	tools/openms/OpenSwathFileSplitter.xml	OpenSwathFileSplitter	29f8246b96c2526698353e35f789527e3c30e7c067a2a8f7ab016046fbfd2709
bgruening-galaxytools	662e7be86a4a1d44b779b7d234eccde528ed0226	tools/openms/OpenSwathMzMLFileCacher.xml	OpenSwathMzMLFileCacher	7adf56c4396e882959c4d47d0e6dbba8832ca8bd23ef79c10d4f52df82630619
bgruening-galaxytools	662e7be86a4a1d44b779b7d234eccde528ed0226	tools/openms/OpenSwathRTNormalizer.xml	OpenSwathRTNormalizer	e810a0a76e14a7ba6824ab04a9d2950326fb9e1b90b0a7f315c40a090f1e94d7
bgruening-galaxytools	662e7be86a4a1d44b779b7d234eccde528ed0226	tools/openms/OpenSwathRewriteToFeatureXML.xml	OpenSwathRewriteToFeatureXML	bbb6b9bc14adabc54ac8f8c9d54a3697d20e9fe5c2dae7a7171ed06a10287d62
bgruening-galaxytools	662e7be86a4a1d44b779b7d234eccde528ed0226	tools/openms/OpenSwathWorkflow.xml	OpenSwathWorkflow	f300ca1e845e9756a2b040e8b93fde4bb489ae4f08c26a92315d2937e359b6a1
bgruening-galaxytools	662e7be86a4a1d44b779b7d234eccde528ed0226	tools/openms/PTModel.xml	PTModel	5dcbd1a50ca22a8ed5ea5fc8d8fac5e6e37a5f538ef934b24154c8256f4cc2e5
bgruening-galaxytools	662e7be86a4a1d44b779b7d234eccde528ed0226	tools/openms/PTPredict.xml	PTPredict	ab7d2d15cf4e6fa8b173c2fcefcc5fc629d7c7f378c1a4131aaab04ca57e1ec2
bgruening-galaxytools	662e7be86a4a1d44b779b7d234eccde528ed0226	tools/openms/PeakPickerHiRes.xml	PeakPickerHiRes	91797866e8c0ac02ef3ba63c325e5ac35530532efdc9b82bf61b089e51b2fed6
bgruening-galaxytools	662e7be86a4a1d44b779b7d234eccde528ed0226	tools/openms/PeakPickerIterative.xml	PeakPickerIterative	85ae3efcffc08ac8ac6108d7fbb33079de01e886723a78c5f9657a1a498fcd9c
bgruening-galaxytools	662e7be86a4a1d44b779b7d234eccde528ed0226	tools/openms/PeakPickerWavelet.xml	PeakPickerWavelet	b150e43ffc17de1530c075b01c2e7b85b54e659d6dc5ade88b1529a1208fb34e
bgruening-galaxytools	662e7be86a4a1d44b779b7d234eccde528ed0226	tools/openms/PepNovoAdapter.xml	PepNovoAdapter	0b5853bda123e3d1f5184a22f156111fdedff38028c190e9b58c9d8b66ffe435
bgruening-galaxytools	662e7be86a4a1d44b779b7d234eccde528ed0226	tools/openms/PeptideIndexer.xml	PeptideIndexer	5ff1e03084a083d1a3ac6104d4d81a2426c452085a1395ef865e16ca6d4345e5
bgruening-galaxytools	662e7be86a4a1d44b779b7d234eccde528ed0226	tools/openms/PhosphoScoring.xml	PhosphoScoring	301a8e8af3a618015c5f5ce2217c65329308f5746cd2920891fc1031c28e7a39
bgruening-galaxytools	662e7be86a4a1d44b779b7d234eccde528ed0226	tools/openms/PrecursorIonSelector.xml	PrecursorIonSelector	d485eafe9474b175ceab69c6bfafe1a2caec8a5965d59edb4fc798ecbcf9571b
bgruening-galaxytools	662e7be86a4a1d44b779b7d234eccde528ed0226	tools/openms/PrecursorMassCorrector.xml	PrecursorMassCorrector	6c7380285a4499cffa41d43fef5a2be669c8443b65c87799538abe3351201b06
bgruening-galaxytools	662e7be86a4a1d44b779b7d234eccde528ed0226	tools/openms/ProteinInference.xml	ProteinInference	a353287a5455d5690a9e06797830ec5c1f45e6575bc62a740f6eb6df7c87207c
bgruening-galaxytools	662e7be86a4a1d44b779b7d234eccde528ed0226	tools/openms/ProteinQuantifier.xml	ProteinQuantifier	0f846e6b7344d0acb1a946bfb7c1df82f87fe4ae0520d536bf696be23329f1dd
bgruening-galaxytools	662e7be86a4a1d44b779b7d234eccde528ed0226	tools/openms/ProteinResolver.xml	ProteinResolver	8a61690de38e49a5bd2cd03bcaa4e968eed6f9560ef22f2176aefcea29b0b3e0
bgruening-galaxytools	662e7be86a4a1d44b779b7d234eccde528ed0226	tools/openms/QCCalculator.xml	QCCalculator	cbc74eb133e471246f3150984cdc32a3517ca0f13f5b1bed15fdd5e587649176
bgruening-galaxytools	662e7be86a4a1d44b779b7d234eccde528ed0226	tools/openms/QCEmbedder.xml	QCEmbedder	3afe099bdce2094fdb0381fea8fafbaae6e4895f5328fbea6cd248de31fcd6c2
bgruening-galaxytools	662e7be86a4a1d44b779b7d234eccde528ed0226	tools/openms/QCExporter.xml	QCExporter	aec6901f2698dea21af9705dde2c01368d4d31184dea7a632df154fc754d5fda
bgruening-galaxytools	662e7be86a4a1d44b779b7d234eccde528ed0226	tools/openms/QCExtractor.xml	QCExtractor	4660dde0410de18a78f22eb155dffb016bf9ef643c91853f60adb8ee3444023d
bgruening-galaxytools	662e7be86a4a1d44b779b7d234eccde528ed0226	tools/openms/QCImporter.xml	QCImporter	19d95c92dc1af8747f3f21e4a54371c56f10f5f81e06b1dcf1e845045fdb0149
bgruening-galaxytools	662e7be86a4a1d44b779b7d234eccde528ed0226	tools/openms/QCMerger.xml	QCMerger	afbf5b0145eb14492351ac37fa07c2867cd82b6426023258d253d5ce4d92e846
bgruening-galaxytools	662e7be86a4a1d44b779b7d234eccde528ed0226	tools/openms/QCShrinker.xml	QCShrinker	db679762849709c38a3ea0742c51ab57d72c467bdf94da156feafc6952120b05
bgruening-galaxytools	662e7be86a4a1d44b779b7d234eccde528ed0226	tools/openms/RNPxl.xml	RNPxl	4b5fc140fff48d39b9c6d188d605462151102029235573a32bf54f27e06707d8
bgruening-galaxytools	662e7be86a4a1d44b779b7d234eccde528ed0226	tools/openms/RNPxlXICFilter.xml	RNPxlXICFilter	67f29a765d0ba67f5b663a4e792321281336a8a70511c816ae4cea44a978e579
bgruening-galaxytools	662e7be86a4a1d44b779b7d234eccde528ed0226	tools/openms/RTEvaluation.xml	RTEvaluation	4d6723db6a4a340b252fa996b04bf7cc27c7c648b753f67a1af9c91e2f22f89a
bgruening-galaxytools	662e7be86a4a1d44b779b7d234eccde528ed0226	tools/openms/RTModel.xml	RTModel	0bb973ec275420ebcaabc0720e49dbcf7531a197fce98117da3fbf9267119391
bgruening-galaxytools	662e7be86a4a1d44b779b7d234eccde528ed0226	tools/openms/RTPredict.xml	RTPredict	6f18564cd28616d332b93ba6dfd814489507893684be18fee554a59109bd0b35
bgruening-galaxytools	662e7be86a4a1d44b779b7d234eccde528ed0226	tools/openms/SemanticValidator.xml	SemanticValidator	926a04fa3d87f8826448e2a0f4a1ce9c1f6a49be0eb351a62bd4e2b4835b59cd
bgruening-galaxytools	662e7be86a4a1d44b779b7d234eccde528ed0226	tools/openms/SequenceCoverageCalculator.xml	SequenceCoverageCalculator	eaf4717d0f435b2aa810c27650ad7ac21ffae4e20ca8c7cb49c95e62caf0f6bc
bgruening-galaxytools	662e7be86a4a1d44b779b7d234eccde528ed0226	tools/openms/SimpleSearchEngine.xml	SimpleSearchEngine	bac1e0329cc93d2e27fd269aa8abe2b17a510570a44a75bf5e24d56daf6fe49f
bgruening-galaxytools	662e7be86a4a1d44b779b7d234eccde528ed0226	tools/openms/SpecLibCreator.xml	SpecLibCreator	67421c31861d63df55608584cb991b6ce6a54d2231b9b75ec53376a813ed609e
bgruening-galaxytools	662e7be86a4a1d44b779b7d234eccde528ed0226	tools/openms/SpectraFilterBernNorm.xml	SpectraFilterBernNorm	f8e636d00e371bbf4d07112eca1d3595911a8b234571c718ac3a50d8c98624c1
bgruening-galaxytools	662e7be86a4a1d44b779b7d234eccde528ed0226	tools/openms/SpectraFilterMarkerMower.xml	SpectraFilterMarkerMower	0e4a37f21ed085b7a34eff489346c0f245e865a972dc46eba86470ff3254166c
bgruening-galaxytools	662e7be86a4a1d44b779b7d234eccde528ed0226	tools/openms/SpectraFilterNLargest.xml	SpectraFilterNLargest	5533251d94d744d2fa7c50203ae242a1ba2579e1ddc47d6683ad79d22e4c8355
bgruening-galaxytools	662e7be86a4a1d44b779b7d234eccde528ed0226	tools/openms/SpectraFilterNormalizer.xml	SpectraFilterNormalizer	12dc9190ff94697086947babee13cd92eb7e1898129507ff1b8ed848c640d5fc
bgruening-galaxytools	662e7be86a4a1d44b779b7d234eccde528ed0226	tools/openms/SpectraFilterParentPeakMower.xml	SpectraFilterParentPeakMower	e40431dc9208d10376fac78e712673e286bf685fee5ce2fe384b14e9630801c5
bgruening-galaxytools	662e7be86a4a1d44b779b7d234eccde528ed0226	tools/openms/SpectraFilterScaler.xml	SpectraFilterScaler	99cc471236053a3eb542a1bc82826fb2daf04249a468f5b7aa69f878a0eced9a
bgruening-galaxytools	662e7be86a4a1d44b779b7d234eccde528ed0226	tools/openms/SpectraFilterSqrtMower.xml	SpectraFilterSqrtMower	066753424cd289399dc94bc4644f7ac55ffd762f486810d104dcbee2d86d7e8b
bgruening-galaxytools	662e7be86a4a1d44b779b7d234eccde528ed0226	tools/openms/SpectraFilterThresholdMower.xml	SpectraFilterThresholdMower	61864d990d466486da0e07fde02dc8b2328b59eecd732afe056c46b23bafa59e
bgruening-galaxytools	662e7be86a4a1d44b779b7d234eccde528ed0226	tools/openms/SpectraFilterWindowMower.xml	SpectraFilterWindowMower	ca3c552b7d20cb98b5d29594d3aad0aec2a2e2b2e139b2014994e229046ba5af
bgruening-galaxytools	662e7be86a4a1d44b779b7d234eccde528ed0226	tools/openms/SpectraMerger.xml	SpectraMerger	c7c2849f23401cb12c554eda9bd42ee0f922d6498775eaadbeb3a956f96b4e7c
bgruening-galaxytools	662e7be86a4a1d44b779b7d234eccde528ed0226	tools/openms/SvmTheoreticalSpectrumGeneratorTrainer.xml	SvmTheoreticalSpectrumGeneratorTrainer	5a45057ee7ac2cca0310acb232a3aaa423a2ef6f16ac013f4e7a8d8af0c1d3c3
bgruening-galaxytools	662e7be86a4a1d44b779b7d234eccde528ed0226	tools/openms/TICCalculator.xml	TICCalculator	03b487199289a8dd79c317f2079b703197f10d2438ebebff67091894ba8f55de
bgruening-galaxytools	662e7be86a4a1d44b779b7d234eccde528ed0226	tools/openms/TMTAnalyzer.xml	TMTAnalyzer	28c40fe3d41e28c10ae7ebb659ae487812efbfa47b2e0d1c7329ac7b6c0b056f
bgruening-galaxytools	662e7be86a4a1d44b779b7d234eccde528ed0226	tools/openms/TOFCalibration.xml	TOFCalibration	23b6ba693667b674533e498d223e0d494be3f391e9fab6435eba1e8070c3b8ec
bgruening-galaxytools	662e7be86a4a1d44b779b7d234eccde528ed0226	tools/openms/TextExporter.xml	TextExporter	0f7a53061dc3b6e0aa08dcbdf57271c18491ad4d162be9df4b528eb497d36b41
bgruening-galaxytools	662e7be86a4a1d44b779b7d234eccde528ed0226	tools/openms/TopPerc.xml	TopPerc	928feab53133acaa033ea2696917d95c177e64f8ad207d8c15704330ad5c64a0
bgruening-galaxytools	662e7be86a4a1d44b779b7d234eccde528ed0226	tools/openms/TransformationEvaluation.xml	TransformationEvaluation	58db16d6692fe2ef83dbce313ccb5603e90841fa8600e523bf4f34c389bbf873
bgruening-galaxytools	662e7be86a4a1d44b779b7d234eccde528ed0226	tools/openms/XMLValidator.xml	XMLValidator	6e84002d7d408ba22c1c20ab8060e92b21b47c9f0bfcf605443703f5d811295c
bgruening-galaxytools	662e7be86a4a1d44b779b7d234eccde528ed0226	tools/openms/XTandemAdapter.xml	XTandemAdapter	191c8e6ab97595b2c0f970ef68c7bd4047c1d55ad2278b77785d4ae2b60cf1b1
bgruening-galaxytools	662e7be86a4a1d44b779b7d234eccde528ed0226	tools/pandas_rolling_window/pandas_rolling.xml	pandas_rolling_window	2fc249a27d849a80decfdd16c55c54cb30822a0954aafefe9bca8e6b3243078d
bgruening-galaxytools	662e7be86a4a1d44b779b7d234eccde528ed0226	tools/parabricks/parabricks_fq2bam.xml	parabricks_fq2bam	a27b9c2c65f4aa14e2e7c04b73461deccbc2ee57de5e0ac536eed3ba5fd1e7a8
bgruening-galaxytools	662e7be86a4a1d44b779b7d234eccde528ed0226	tools/peakachu/peakachu.xml	peakachu	d9d6541041698eaf36951c60bfff97a5f3468386aa7b2a17fc1388d7ae3a7b9e
bgruening-galaxytools	662e7be86a4a1d44b779b7d234eccde528ed0226	tools/pecat/pecat.xml	pecat	64f7d7a04d1f8891139cb817e5ae481e0011bad0f58c494b2c59fe0fef0e9ed0
bgruening-galaxytools	662e7be86a4a1d44b779b7d234eccde528ed0226	tools/perf/perf.xml	stats_perf_tool	9ee046e3808bfa66b218ebf7bd8eef32841faeaefe1979816cb2e38f488d2460
bgruening-galaxytools	662e7be86a4a1d44b779b7d234eccde528ed0226	tools/pfamscan/pfamscan.xml	pfamscan	0c5069e52a10311559302dc1df361ac1cbd7ec85d3b0ac4588e4df6e243d58ff
bgruening-galaxytools	662e7be86a4a1d44b779b7d234eccde528ed0226	tools/pg_tools/pg-dump.xml	pg_dump	41dc768c2b4eb1ad324b19f33d184bdd9512f8c0d6116e7da546c5352e708111
bgruening-galaxytools	662e7be86a4a1d44b779b7d234eccde528ed0226	tools/pg_tools/pg-import.xml	pg_import	971b762a6c03436e2467505e1bdd987921fd7538f3078f651adc7629caf21e08
bgruening-galaxytools	662e7be86a4a1d44b779b7d234eccde528ed0226	tools/pg_tools/pg-query.xml	pg_query	ac25349d3a9afcbb582bd435929de7b5df1c2a36b28e64c1194e3b3d942eb42c
bgruening-galaxytools	662e7be86a4a1d44b779b7d234eccde528ed0226	tools/pharmcat/pharmcat.xml	pharmcat	e55ee1c438076703a08a2050b2964d3f6687c46dd8d0b91dad60c60770d54ce7
bgruening-galaxytools	662e7be86a4a1d44b779b7d234eccde528ed0226	tools/piranha/piranha.xml	piranha	7dfa2866dc3b8ff3988701f61393efd4f5e717ab7986f0468c06014c2b776e21
bgruening-galaxytools	662e7be86a4a1d44b779b7d234eccde528ed0226	tools/platypus/platypus.xml	bg_platypus	05d54e2029c9fe51246fe99db1faf8083e3f6c21f165d85ba258742b154d7210
bgruening-galaxytools	662e7be86a4a1d44b779b7d234eccde528ed0226	tools/plotly_ml_performance_plots/plotly_ml_performance_plots.xml	plotly_ml_performance_plots	d66efbf42b717aa9c7dbccac15d7dfe039b18790419a7af9247ead4f20d7fa82
bgruening-galaxytools	662e7be86a4a1d44b779b7d234eccde528ed0226	tools/plotly_parallel_coordinates_plot/paracords_plot.xml	plotly_parallel_coordinates_plot	b69e4d150455c487ae4ebb4583c347a0f1f938413e4cf519cb85253d03356785
bgruening-galaxytools	662e7be86a4a1d44b779b7d234eccde528ed0226	tools/plotly_regression_performance_plots/plotly_regression_performance_plots.xml	plotly_regression_performance_plots	2ae7806a9ebcc2a9c96c1c121a4d697427412f8b5289e8090dc0f57a16201efb
bgruening-galaxytools	662e7be86a4a1d44b779b7d234eccde528ed0226	tools/protease_prediction/protease.xml	eden_protease_prediction	96636aa22074133a8c505817011e0c76685b96410b42c7964fb02067aad9f1a3
bgruening-galaxytools	662e7be86a4a1d44b779b7d234eccde528ed0226	tools/protein_properties/protein_properties.xml	bg_protein_properties	0da469176244d49c63d21f1c2ce5c9b34abce4a3efffdef8782e17c61a818141
bgruening-galaxytools	662e7be86a4a1d44b779b7d234eccde528ed0226	tools/proteinortho/ProteinOrtho.xml	proteinortho	6c590480d6fd0b8329ae485eaafb3cd7ab0da987a6061459eed00513ac6218e6
bgruening-galaxytools	662e7be86a4a1d44b779b7d234eccde528ed0226	tools/proteomics/improviser/improviser.xml	proteomics_improviser	a501bc0596171cc40d11190a24d8efb78bf3bee1e6abc5d216cd89bdb1631ae9
bgruening-galaxytools	662e7be86a4a1d44b779b7d234eccde528ed0226	tools/psortb/psortb.xml	psortb	2b97ccdcf467f55f62ab35b789a68ed50d23138a1b9d3c49cc7de487b0dc9372
bgruening-galaxytools	662e7be86a4a1d44b779b7d234eccde528ed0226	tools/qiime2_dbotu_q2/qiime2_dbotu_q2.xml	qiime2_dbotu_q2	f9413e5e1b076d4c50a7a4448302bbf0d74fb45690fe52217e6726ec06326a97
bgruening-galaxytools	662e7be86a4a1d44b779b7d234eccde528ed0226	tools/quast/quast.xml	quast	788d31f4d72ceda5d8c43bf702159b7a3f7887936e735b29b1c93cf1f258bd3b
bgruening-galaxytools	662e7be86a4a1d44b779b7d234eccde528ed0226	tools/racon/racon.xml	racon	9f8ca020bc375b77471753159a9c812d5f30806571181361f1703a7bcf45ae43
bgruening-galaxytools	662e7be86a4a1d44b779b7d234eccde528ed0226	tools/rag/rag_retriever.xml	rag_retriever	e5c347a0d233d2e5779a5e83e4ae75813d028adb2ed83391edf8f74f8242b2a8
bgruening-galaxytools	662e7be86a4a1d44b779b7d234eccde528ed0226	tools/repeat_masker/RepeatMasker.xml	repeatmasker_wrapper	3323d4cad59853ff70ae38394b1306d1e5a67b7a65d3a7fb36eb94c2bb6ec404
bgruening-galaxytools	662e7be86a4a1d44b779b7d234eccde528ed0226	tools/replaceColumn/replaceColumn.xml	replace_column_with_key_value_file	846a2d12b42dd30ed2a270e034b214055c7cf549ea6f881febec9a9a8761ed6e
bgruening-galaxytools	662e7be86a4a1d44b779b7d234eccde528ed0226	tools/rest_tool/rest_tool.xml	pubchem_rest_tool	72fa939c6e3341c33918076add8005049a04723d8dc576b9bde23d8378c2e724
bgruening-galaxytools	662e7be86a4a1d44b779b7d234eccde528ed0226	tools/rna_tools/antarna/antarna.xml	antarna	a29612f03e67b460d39d1a9151f1bc6297678f757d7ccf8ec9dda7906759a4c1
bgruening-galaxytools	662e7be86a4a1d44b779b7d234eccde528ed0226	tools/rna_tools/aresite2/aresite2.xml	AREsite2_REST	90ea1174fdf3327d18fde4851ddb1b906ec699a19a035da1f04ddb9698dd9824
bgruening-galaxytools	662e7be86a4a1d44b779b7d234eccde528ed0226	tools/rna_tools/blockclust/blockclust.xml	blockclust	932a08046fcb047d8c50d4a802c7ba336752a456e23f1acf1445dde1f8f59bb4
bgruening-galaxytools	662e7be86a4a1d44b779b7d234eccde528ed0226	tools/rna_tools/cmsearch_deoverlap/cmsearch-deoverlap.xml	cmsearch_deoverlap	697749ffb3ea3fc4a7e92228815d0057764777f5b23fc611d2ad257b27e425e3
bgruening-galaxytools	662e7be86a4a1d44b779b7d234eccde528ed0226	tools/rna_tools/cmv/cmcv.xml	cmcv	fa27f0d2e4e5c1a36cacaa3f0ae5924cb7b68b8e58ee36f71a26bed459181b79
bgruening-galaxytools	662e7be86a4a1d44b779b7d234eccde528ed0226	tools/rna_tools/cmv/cmv.xml	cmv	637d50e38a0fcb44eaee62a87f0010195d064a8e36757011e3926f6860368402
bgruening-galaxytools	662e7be86a4a1d44b779b7d234eccde528ed0226	tools/rna_tools/cmv/hmmcv.xml	hmmcv	15b88b74789c24729eb772652b79ad92ea83799fe51be76a1aef1e2037d36786
bgruening-galaxytools	662e7be86a4a1d44b779b7d234eccde528ed0226	tools/rna_tools/cmv/hmmv.xml	hmmv	f31dcbffda5b679204e20d1acabde0becc12ff03e36d2726bd8b13c69f6f9ddc
bgruening-galaxytools	662e7be86a4a1d44b779b7d234eccde528ed0226	tools/rna_tools/cofold/cofold.xml	cofold	764392d10ec8282bb8aab07ab139753cfad20b0f71b12c2c37bda07994f707ef
bgruening-galaxytools	662e7be86a4a1d44b779b7d234eccde528ed0226	tools/rna_tools/compalignp/compalignp.xml	compalignp	1bfe53d776d3ff991194b0644c09eae89c461552577756becb617eb479078e2a
bgruening-galaxytools	662e7be86a4a1d44b779b7d234eccde528ed0226	tools/rna_tools/coprarna/coprarna.xml	coprarna	f8f7c55816f3706b06f5f81c79a3601cd17087c8d5253340d9a80098d207d92e
bgruening-galaxytools	662e7be86a4a1d44b779b7d234eccde528ed0226	tools/rna_tools/dewseq/dewseq.xml	dewseq	2b36bc5ee4a1cb2e559faf402d513775c4898b9d6254a389757ba68b13f259ff
bgruening-galaxytools	662e7be86a4a1d44b779b7d234eccde528ed0226	tools/rna_tools/dorina/dorina.xml	dorina_search	5738a6c94b9678d33219423bd8c08f01a1b31ed77eaf21cf058209cbf7cf800d
bgruening-galaxytools	662e7be86a4a1d44b779b7d234eccde528ed0226	tools/rna_tools/dot2ct/dot2ct.xml	rnastructure_dot2ct	9876414945b5df863619a6c9897a372415b0305afcc43f7289b8eccec29e9b29
bgruening-galaxytools	662e7be86a4a1d44b779b7d234eccde528ed0226	tools/rna_tools/dotknot/dotknot.xml	dotknot	ea2f8ae941e5e8276fc5fbbfa392e72ee94d8e473b90a52ec4075155cb238210
bgruening-galaxytools	662e7be86a4a1d44b779b7d234eccde528ed0226	tools/rna_tools/exparna/exparna.xml	exparna	22375b7e052209279712bf1c280abc687d845ef9fd213c62be54e088e8d8b8e9
bgruening-galaxytools	662e7be86a4a1d44b779b7d234eccde528ed0226	tools/rna_tools/graphprot/graphprot_train_predict.xml	graphprot_predict_profile	8cc873cb365a4ce7a5aa0f7fc363742013669613403c3d0597bc3367d38f46e1
bgruening-galaxytools	662e7be86a4a1d44b779b7d234eccde528ed0226	tools/rna_tools/htseq-clip/htseq_clip.xml	htseq_clip	0ffc5307c986f5f0bc9e803b352f2a3ce88d67a6829f30d401a86fda41591b09
bgruening-galaxytools	662e7be86a4a1d44b779b7d234eccde528ed0226	tools/rna_tools/infernal/cmalign.xml	infernal_cmalign	3b0ca89b51dc007a0aa03b8b40599efd0b5553a207a0e85989c8ee7a0a57ece7
bgruening-galaxytools	662e7be86a4a1d44b779b7d234eccde528ed0226	tools/rna_tools/infernal/cmbuild.xml	infernal_cmbuild	ddbc34f6e7b2ed3f3bb04fd70e02fa2b3458ec0713868e3f7e5eb9a1da167a72
bgruening-galaxytools	662e7be86a4a1d44b779b7d234eccde528ed0226	tools/rna_tools/infernal/cmpress.xml	infernal_cmpress	8d7c1f97836773a44ca88d3682dd721a487695f854552760c1519084fb47c0f9
bgruening-galaxytools	662e7be86a4a1d44b779b7d234eccde528ed0226	tools/rna_tools/infernal/cmscan.xml	infernal_cmscan	df7a854fdf84be4f3421a692549c6ffe90f2dac5ba70671e0b8e77a737047014
bgruening-galaxytools	662e7be86a4a1d44b779b7d234eccde528ed0226	tools/rna_tools/infernal/cmsearch.xml	infernal_cmsearch	2bef8b221f1d880266281d1c5446766631b729351afdd3e7f15d400f02c82d45
bgruening-galaxytools	662e7be86a4a1d44b779b7d234eccde528ed0226	tools/rna_tools/infernal/cmstat.xml	infernal_cmstat	564fc1bb2107b6965c4adc30cae9ff8cc0c46e7b08ed7621952a25e30eed2563
bgruening-galaxytools	662e7be86a4a1d44b779b7d234eccde528ed0226	tools/rna_tools/inforna/inforna.xml	inforna	ea9a34014b6ce34903f7e0c075351346ae5e2798c7cebc352a6cec44ed15a43e
bgruening-galaxytools	662e7be86a4a1d44b779b7d234eccde528ed0226	tools/rna_tools/intarna/intarna.xml	intarna	63bea0ad84aadde7041da6f475378c369e4e3b964446f70b82d935650efd53de
bgruening-galaxytools	662e7be86a4a1d44b779b7d234eccde528ed0226	tools/rna_tools/locarna/locarna_exparnap.xml	locarna_exparnap	22355c10ce07ceafff8c5de1721fd80b93f5d7824832384d5ec50e69742bddc6
bgruening-galaxytools	662e7be86a4a1d44b779b7d234eccde528ed0226	tools/rna_tools/locarna/locarna_multiple.xml	locarna_multiple	77daa57da49489dc5eecea5778b1281ce53256820e0e72ece34c7a4b83c4ae3d
bgruening-galaxytools	662e7be86a4a1d44b779b7d234eccde528ed0226	tools/rna_tools/locarna/locarna_pairwise.xml	locarna_pairwise	e315843a775423262e66f970611b75d0a770074673b66821e9d7dc499fb68428
bgruening-galaxytools	662e7be86a4a1d44b779b7d234eccde528ed0226	tools/rna_tools/locarna/locarna_pairwise_p.xml	locarna_pairwise_p	a1b97b3f29b869501aceba9a4641aeb7f3afb835548e5c75113f258152b95367
bgruening-galaxytools	662e7be86a4a1d44b779b7d234eccde528ed0226	tools/rna_tools/locarna/locarna_reliability_profile.xml	locarna_reliability_profile	cfcc31053252f7985159bc0a13cc617a863f035fa36e4c2970c9c89267d60ae6
bgruening-galaxytools	662e7be86a4a1d44b779b7d234eccde528ed0226	tools/rna_tools/mea/mea.xml	mea	df234bcd3fb8803e7d638d807de25eee09c6f2cbbdc75874f0d262dc37154579
bgruening-galaxytools	662e7be86a4a1d44b779b7d234eccde528ed0226	tools/rna_tools/miRDeep2/miRDeep2/mirdeep2.xml	rbc_mirdeep2	cd22729e8cca5a32fdb0dde2a7250cbb34c09343aa32e041435be4a51895a5b6
bgruening-galaxytools	662e7be86a4a1d44b779b7d234eccde528ed0226	tools/rna_tools/miRDeep2/miRDeep2_mapper/mapper.xml	rbc_mirdeep2_mapper	579a3702923e6488245801cb4b17e459ee011d541bd9e5230d74e476cbaa6e6f
bgruening-galaxytools	662e7be86a4a1d44b779b7d234eccde528ed0226	tools/rna_tools/miRDeep2/miRDeep2_quantifier/quantifier.xml	rbc_mirdeep2_quantifier	c0a63466cda916f84dbbb7e8dadacdf11d143eed5c2c2eb04e5e676d262285c6
bgruening-galaxytools	662e7be86a4a1d44b779b7d234eccde528ed0226	tools/rna_tools/mqc/mQC.xml	mqc	135743e47eda8834a780795d87526298dd018120d8bc77d2b145372715fc87d9
bgruening-galaxytools	662e7be86a4a1d44b779b7d234eccde528ed0226	tools/rna_tools/nastiseq/nastiseq.xml	nastiseq	85058560e9bba14234081436a14623354b804db3ebe9a4d01ede927ac7b1834c
bgruening-galaxytools	662e7be86a4a1d44b779b7d234eccde528ed0226	tools/rna_tools/paralyzer/paralyzer.xml	paralyzer	ca4aebfc5f777683a387b779e434bccd3ba8790685703be6723275efdca34e12
bgruening-galaxytools	662e7be86a4a1d44b779b7d234eccde528ed0226	tools/rna_tools/pipmir/pipmir.xml	pipmir	f8c837a981ff6dbaf10d39679abe7fd4ca217d93e37399ba4853827a34872c8e
bgruening-galaxytools	662e7be86a4a1d44b779b7d234eccde528ed0226	tools/rna_tools/rRNA/rRNA_prediction.xml	meta_rna	b7b8d76ac34276ba92fff68d5f138cf17ddf04ec123e6dbcfa64cce8cc1f9df2
bgruening-galaxytools	662e7be86a4a1d44b779b7d234eccde528ed0226	tools/rna_tools/rbpbench/rbpbench.xml	rbpbench	59a524cb3b59578aa05ee656bd521a13e8e17fbd89de919224cf47e57e8b60de
bgruening-galaxytools	662e7be86a4a1d44b779b7d234eccde528ed0226	tools/rna_tools/rcas/rcas.xml	rcas	af27d1cad58402247f02377a18db0af1c9067a713d7fb88d275edad7fc2a1301
bgruening-galaxytools	662e7be86a4a1d44b779b7d234eccde528ed0226	tools/rna_tools/reago/reago.xml	reago	42a78bb2f1fe2fbe6a01f2e11ce154aa3b3147141cf0f1dcabc3db28501ec859
bgruening-galaxytools	662e7be86a4a1d44b779b7d234eccde528ed0226	tools/rna_tools/remurna/remurna.xml	remurna	4320c75be38325a6a1058faab8f906fafa5193680901113510904fba0c8fb895
bgruening-galaxytools	662e7be86a4a1d44b779b7d234eccde528ed0226	tools/rna_tools/ribotaper/ribotaper_part1_create_annotation_files.xml	ribotaper_create_annotation	acb6ec7d9c6722a9889d7d5dec444a1a351882f7adcbfb08841e2aeec5bfec3f
bgruening-galaxytools	662e7be86a4a1d44b779b7d234eccde528ed0226	tools/rna_tools/ribotaper/ribotaper_part2_create_metaplots.xml	ribotaper_create_metaplots	55eacf60450956c8cc00d926298b48622cf83703f4f7bf37076c40177c97a30d
bgruening-galaxytools	662e7be86a4a1d44b779b7d234eccde528ed0226	tools/rna_tools/ribotaper/ribotaper_part3_main.xml	ribotaper_ribosome_profiling	c1139cb17eb094179a45e5a416bcafe98b5a977a4b17af57639b9a151bb87210
bgruening-galaxytools	662e7be86a4a1d44b779b7d234eccde528ed0226	tools/rna_tools/rna_shapes/RNAShapes.xml	RNAshapes	cc796c7d764f8cac2aeaec955b0230b093a6ebf724a798e035f5f3c566dd055b
bgruening-galaxytools	662e7be86a4a1d44b779b7d234eccde528ed0226	tools/rna_tools/rnabob/rnabob.xml	rbc_rnabob	cdb2bcd5e46f706a05ea0111df4ba0b3f973c0d3414fc0ccac0c68151e0ab26e
bgruening-galaxytools	662e7be86a4a1d44b779b7d234eccde528ed0226	tools/rna_tools/rnacode/rnacode.xml	rbc_rnacode	318191b7611681027125738db61fe85d2f44be563515030709b450c76c123fc9
bgruening-galaxytools	662e7be86a4a1d44b779b7d234eccde528ed0226	tools/rna_tools/rnacommender/rnacommender.xml	rbc_rnacommender	f0a08f93b294f98c014c142e19f1c5b8103b9d4e31e64334508775cc4400471f
bgruening-galaxytools	662e7be86a4a1d44b779b7d234eccde528ed0226	tools/rna_tools/rnaformer/infer_rnaformer.xml	infer_rnaformer	811797cd27dab1038a4a2601612101db773e47673f78a6c2d0964720805aeab0
bgruening-galaxytools	662e7be86a4a1d44b779b7d234eccde528ed0226	tools/rna_tools/rnalien/rnalien.xml	RNAlien	34eb91255f8040737eb0a8cdae7db57c96be135ffd66466c5439e43f1048754c
bgruening-galaxytools	662e7be86a4a1d44b779b7d234eccde528ed0226	tools/rna_tools/rnasnp/rnasnp.xml	rnasnp	d5f51baca087c367b57436f3e88e51e46df4d1edd6db4dbfb1b6a3424d4c15b7
bgruening-galaxytools	662e7be86a4a1d44b779b7d234eccde528ed0226	tools/rna_tools/rnaz/rnaz.xml	rnaz	45dd24cf6dba0178268de550019e54e65f3eb6675bbd7ef3979a3355a6c97a0e
bgruening-galaxytools	662e7be86a4a1d44b779b7d234eccde528ed0226	tools/rna_tools/rnaz/rnazAnnotate.xml	rnaz_annotate	701930dcd43a42fdecb0b2b046ebc6affe5a874476f44735ed85a725d58dc565
bgruening-galaxytools	662e7be86a4a1d44b779b7d234eccde528ed0226	tools/rna_tools/rnaz/rnazCluster.xml	rnaz_cluster	b4e2699fac424b08a150dd6be5a8d79cb50628180696b4239bc5acdf8dfe1594
bgruening-galaxytools	662e7be86a4a1d44b779b7d234eccde528ed0226	tools/rna_tools/rnaz/rnazRandomizeAln.xml	rnaz_randomize_aln	a93366a473a13eecd6aa032956b672a5c5ea9dbc3bf4be4f473e663af6d112d7
bgruening-galaxytools	662e7be86a4a1d44b779b7d234eccde528ed0226	tools/rna_tools/rnaz/rnazSelectSeqs.xml	rnaz_select_seqs	814ba21daab800eded35962d0afb6ddda44df9e5551308fd63aa50acefc3c731
bgruening-galaxytools	662e7be86a4a1d44b779b7d234eccde528ed0226	tools/rna_tools/rnaz/rnazWindow.xml	rnaz_window	a661064cca84ac3a4b73cfbcc51b502044d67efa45deb1cf4b0d0ef8428a5aaf
bgruening-galaxytools	662e7be86a4a1d44b779b7d234eccde528ed0226	tools/rna_tools/selectsequencesfrommsa/selectsequencesfrommsa.xml	selectsequencesfrommsa	83b03d92be95c438344aa869dcfaebe54e0cf2f7a4c20607dafbf31d9c89078a
bgruening-galaxytools	662e7be86a4a1d44b779b7d234eccde528ed0226	tools/rna_tools/sortmerna/sortmerna.xml	bg_sortmerna	cbfbb46e82c3c426f2af5bc363a006d757058d296ffe7603171b5720eedcb7d2
bgruening-galaxytools	662e7be86a4a1d44b779b7d234eccde528ed0226	tools/rna_tools/sshmm/sshmm.xml	sshmm	1552aab9e83e78267d6b49acf323d136f8328a6c46dae7b794471984623f4253
bgruening-galaxytools	662e7be86a4a1d44b779b7d234eccde528ed0226	tools/rna_tools/targetfinder/TargetFinder.xml	targetfinder	4d60f75d10b0bd007ec312b5c87618d9d9392a0bff1158592b496e22419c10ab
bgruening-galaxytools	662e7be86a4a1d44b779b7d234eccde528ed0226	tools/rna_tools/trna_prediction/aragorn.xml	aragorn_trna	083803633ee473a545d33636037f9e13a32420c2e38c60a241e392809f622683
bgruening-galaxytools	662e7be86a4a1d44b779b7d234eccde528ed0226	tools/rna_tools/trna_prediction/tRNAscan.xml	trnascan	b8dbe88ca72db66426c64f6959ed5622c07bf5cff8e9805f17cda408de423f1d
bgruening-galaxytools	662e7be86a4a1d44b779b7d234eccde528ed0226	tools/rna_tools/vienna_rna/kinfold.xml	viennarna_kinfold	1c500d5530790ee322fed89a283a3b37ecb4bc0f8b120d6251f82a86553480b6
bgruening-galaxytools	662e7be86a4a1d44b779b7d234eccde528ed0226	tools/rna_tools/vienna_rna/kinwalker.xml	viennarna_kinwalker	9fc36f915439071f90490bc4906a370ce627ee6ff3cf0b5497ec7b0e9813f909
bgruening-galaxytools	662e7be86a4a1d44b779b7d234eccde528ed0226	tools/rna_tools/vienna_rna/rna2dfold.xml	viennarna_rna2dfold	048e4525881cfad2482adc44da9c6ce1f23162eaa6e66e9d9acb59fb1448bfba
bgruening-galaxytools	662e7be86a4a1d44b779b7d234eccde528ed0226	tools/rna_tools/vienna_rna/rnaaliduplex.xml	viennarna_rnaaliduplex	7032c4d2ba28e14159346085a56d366e42a4dad00309d3b264dc64eed624aa5f
bgruening-galaxytools	662e7be86a4a1d44b779b7d234eccde528ed0226	tools/rna_tools/vienna_rna/rnaalifold.xml	viennarna_rnaalifold	6a85241ef4ef9da82da01fc07184bfc4ea38e548ba1dd7b69d1e6409005cfeef
bgruening-galaxytools	662e7be86a4a1d44b779b7d234eccde528ed0226	tools/rna_tools/vienna_rna/rnacofold.xml	viennarna_rnacofold	9414313477276399b8b1ac2281496b9ffbdfdb7a0f9eb1ef50c369395a4e46ab
bgruening-galaxytools	662e7be86a4a1d44b779b7d234eccde528ed0226	tools/rna_tools/vienna_rna/rnadistance.xml	viennarna_rnadistance	352f3f144298f13617279e74f4fb44b0c7c2c07653ae5dff9a9a8ae293749886
bgruening-galaxytools	662e7be86a4a1d44b779b7d234eccde528ed0226	tools/rna_tools/vienna_rna/rnaduplex.xml	viennarna_rnaduplex	d0ffe966abcd7db4db9a08b24613cd45fb5ac1683e772694a059a638c1f55d25
bgruening-galaxytools	662e7be86a4a1d44b779b7d234eccde528ed0226	tools/rna_tools/vienna_rna/rnaeval.xml	viennarna_rnaeval	3cf2e9ecbc9d21001e2a1e85df52b58d941ee80c9c68bec03e93a67d61e4422f
bgruening-galaxytools	662e7be86a4a1d44b779b7d234eccde528ed0226	tools/rna_tools/vienna_rna/rnafold.xml	viennarna_rnafold	bef36978540bdf9ccbc3df8d9c31908cffb8c74f46689dc8fd11b35b407a129b
bgruening-galaxytools	662e7be86a4a1d44b779b7d234eccde528ed0226	tools/rna_tools/vienna_rna/rnaheat.xml	viennarna_rnaheat	abb137a38d79844e78c4353242839c69a97d8a65d662eaa885833c4717a3acf8
bgruening-galaxytools	662e7be86a4a1d44b779b7d234eccde528ed0226	tools/rna_tools/vienna_rna/rnainverse.xml	viennarna_rnainverse	2efb131d7e1c0a2746b6b4eb27dea24838095ae9f01890dfa4013bafe7f06aaa
bgruening-galaxytools	662e7be86a4a1d44b779b7d234eccde528ed0226	tools/rna_tools/vienna_rna/rnalalifold.xml	viennarna_rnalalifold	f7015f54ef82d79310496a244d4293312825e1d0be8f4393a1dfabd9d391709f
bgruening-galaxytools	662e7be86a4a1d44b779b7d234eccde528ed0226	tools/rna_tools/vienna_rna/rnalfold.xml	viennarna_rnalfold	56e55e7d065237f7925195a788ac86254ecc6fe4833a5e9b0f04ca9e714f372f
bgruening-galaxytools	662e7be86a4a1d44b779b7d234eccde528ed0226	tools/rna_tools/vienna_rna/rnapaln.xml	viennarna_rnapaln	0ff448d1f77dc1ee4e740734b47c026fb387d5fc542520bf6dcbdc3c529c3968
bgruening-galaxytools	662e7be86a4a1d44b779b7d234eccde528ed0226	tools/rna_tools/vienna_rna/rnapdist.xml	viennarna_rnadpdist	2a8bcb2ce8ba04c105060f078e87e33fc1106c46ca9eec38c046459521bfd7b2
bgruening-galaxytools	662e7be86a4a1d44b779b7d234eccde528ed0226	tools/rna_tools/vienna_rna/rnapkplex.xml	viennarna_rnapkplex	4281a1d95b622660672e84a797be2c83c8375b50875ec1e9933695a0923dd07d
bgruening-galaxytools	662e7be86a4a1d44b779b7d234eccde528ed0226	tools/rna_tools/vienna_rna/rnaplex.xml	viennarna_rnaplex	db07dfac6bdfe5c1b08ee5b3a18f078f647bbb06aa9b4fde6d3b9e46e0e4b514
bgruening-galaxytools	662e7be86a4a1d44b779b7d234eccde528ed0226	tools/rna_tools/vienna_rna/rnaplfold.xml	viennarna_rnaplfold	2e98684b64bfc810bcb1b56ddd4d3befab72b94e0480fdd7d73ce220b76161dc
bgruening-galaxytools	662e7be86a4a1d44b779b7d234eccde528ed0226	tools/rna_tools/vienna_rna/rnaplot.xml	viennarna_rnaplot	0e8e5cdb6c0832a055f7a892e67ffcb36f2b97ed763d6dcd868155047ebba853
bgruening-galaxytools	662e7be86a4a1d44b779b7d234eccde528ed0226	tools/rna_tools/vienna_rna/rnasnoop.xml	viennarna_rnasnoop	1e0420e8918931da962bd6ee55de91fb213690713a3e9280bdd5a848403c2a65
bgruening-galaxytools	662e7be86a4a1d44b779b7d234eccde528ed0226	tools/rna_tools/vienna_rna/rnasubopt.xml	viennarna_rnasubopt	17f0c78cba5c0b9460831ae7384760ff59fe285f525699b8b7a161c89955ff8b
bgruening-galaxytools	662e7be86a4a1d44b779b7d234eccde528ed0226	tools/rna_tools/vienna_rna/rnaup.xml	viennarna_rnaup	58b70cc9996d440f089545b75f6f6f65f4f86f82cfb82d8685872535dad4cbfb
bgruening-galaxytools	662e7be86a4a1d44b779b7d234eccde528ed0226	tools/rpy_statistics_collection/cca.xml	cca1	b301a5534cf78928786dfb4a3992b1fac50c3c4e8fd081986fda4cf6bdd45ee4
bgruening-galaxytools	662e7be86a4a1d44b779b7d234eccde528ed0226	tools/rpy_statistics_collection/cor.xml	cor2	e202b1616e16767a1e6dd935240264cc63f94366b10946768223c2dd8d8fd02e
bgruening-galaxytools	662e7be86a4a1d44b779b7d234eccde528ed0226	tools/rpy_statistics_collection/gsummary.xml	Summary_Statistics1	6bc67e6a01a53c97ea40e5473c3eddad05ed95c1d84ed185cf9610f83fca4e35
bgruening-galaxytools	662e7be86a4a1d44b779b7d234eccde528ed0226	tools/rpy_statistics_collection/histogram.xml	histogram_rpy	bc2f5fa51c5f9629c512681f555e053011e6e6cdf5143664d73b265dcd9354d0
bgruening-galaxytools	662e7be86a4a1d44b779b7d234eccde528ed0226	tools/rpy_statistics_collection/kcca.xml	kcca1	8d3ddf5752aee8a0d4b46cbcfe4be98ed1ea3952bc56567ea75afb9b02f83200
bgruening-galaxytools	662e7be86a4a1d44b779b7d234eccde528ed0226	tools/rpy_statistics_collection/kpca.xml	kpca1	aefca6fe47d7ff24d9d99fd25bd45445a9863b50d6e7076ec43ee27ba77be50d
bgruening-galaxytools	662e7be86a4a1d44b779b7d234eccde528ed0226	tools/rpy_statistics_collection/linear_regression.xml	LinearRegression1	cef8db03b79c91a37876f21fd0f500e3438d68f9d76bb6388740c539d8da6884
bgruening-galaxytools	662e7be86a4a1d44b779b7d234eccde528ed0226	tools/rpy_statistics_collection/logistic_regression_vif.xml	LogisticRegression	c83c81fea8dde5b3916597acc8a5352893add9ab7003eba506a3d3f68b2eeecd
bgruening-galaxytools	662e7be86a4a1d44b779b7d234eccde528ed0226	tools/rpy_statistics_collection/partialR_square.xml	partialRsq	f667385a9253a1719f9579eebd14fcb922fd9c5ae3075e68ca94a0133ae7df8f
bgruening-galaxytools	662e7be86a4a1d44b779b7d234eccde528ed0226	tools/rpy_statistics_collection/pca.xml	pca1	847df58023c5fdd34919e5715630a7e553d2315b45e5125132fb5be5dbf7d716
bgruening-galaxytools	662e7be86a4a1d44b779b7d234eccde528ed0226	tools/rpy_statistics_collection/scatterplot.xml	scatterplot_rpy	e2a4bc9a15403fb6f6dc7e2d82e43c5fe4b72c45ceebdce26291536f0cf6f7ec
bgruening-galaxytools	662e7be86a4a1d44b779b7d234eccde528ed0226	tools/rpy_statistics_collection/short_reads_figure_score.xml	quality_score_distribution	c0505e29b6f96bb5f73310b2e221bab6c7ff4ebe08539bfe68bb54a6d7c88e59
bgruening-galaxytools	662e7be86a4a1d44b779b7d234eccde528ed0226	tools/sailfish/sailfish.xml	sailfish	2179191b6bc4eeadb2a5397cc88cbb2aa09e38369a7a39a3ef58565c37e3831c
bgruening-galaxytools	662e7be86a4a1d44b779b7d234eccde528ed0226	tools/salmon/alevin.xml	alevin	5eaa4a7c6a1cd70fa5ea054ef8aa9708fdc4a05357c5f71d5e4ead87f3e903e9
bgruening-galaxytools	662e7be86a4a1d44b779b7d234eccde528ed0226	tools/salmon/salmonquant.xml	salmon	6b2c9f7ef9264c7ee72a4c512a6745f37823ed3dcb5c7a2c64433d188de089b2
bgruening-galaxytools	662e7be86a4a1d44b779b7d234eccde528ed0226	tools/salmon/salmonquantmerge.xml	salmonquantmerge	fe2057b756c80d139d097368ebdd3974790443d948da0ad1a102535e48285cde
bgruening-galaxytools	662e7be86a4a1d44b779b7d234eccde528ed0226	tools/sambamba/Sambamba_flagstat.xml	sambamba_flagstat	03a290740972dbfcc85028bde7bf7c09f3773684a2ebcbcebe9e7c298add64a6
bgruening-galaxytools	662e7be86a4a1d44b779b7d234eccde528ed0226	tools/sambamba/Sambamba_markdup.xml	sambamba_markdup	092b015d53b2da8cdecc8a58cd9759e47469b7b6f511e4850119bfdefd38f7dc
bgruening-galaxytools	662e7be86a4a1d44b779b7d234eccde528ed0226	tools/sambamba/Sambamba_merge.xml	sambamba_merge	7c725444d05dddb76fb8701f7622f22504efb7b7718ca46e98254f88e13110f9
bgruening-galaxytools	662e7be86a4a1d44b779b7d234eccde528ed0226	tools/sambamba/Sambamba_sort.xml	sambamba_sort	a145fec7c3860a878c4c7959e1602fbd9eae6df8120b98ed8f7ae7c8f586b816
bgruening-galaxytools	662e7be86a4a1d44b779b7d234eccde528ed0226	tools/samblaster/samblaster.xml	samblaster	d6306e0b13f729bcd7620548d283d400daed6d151af84a7a5d973cc3e4c05045
bgruening-galaxytools	662e7be86a4a1d44b779b7d234eccde528ed0226	tools/sed/sed.xml	sed_stream_editor	f5b15ed58272adc4aa67ef01a10fb18af1306a9375d94fe8a9405e1adfadbfa7
bgruening-galaxytools	662e7be86a4a1d44b779b7d234eccde528ed0226	tools/segemehl/segemehl.xml	segemehl	7431fbb7ac2206e2fa97e7dc57db57bf2c019ddb6a62ba5de027806d1c612f2e
bgruening-galaxytools	662e7be86a4a1d44b779b7d234eccde528ed0226	tools/sequence2gspan/sequence2gspan.xml	sequence2gpsan_rnashapes	873c1c884dd6863568c5c975482c0d537de9e7298040c5b079ba92fc8fcc47d6
bgruening-galaxytools	662e7be86a4a1d44b779b7d234eccde528ed0226	tools/sklearn/association_rules.xml	sklearn_mlxtend_association_rules	16faa80d44f660ada6a0bafdffa0b92b28c761e20215cb1263f71c92be7fde26
bgruening-galaxytools	662e7be86a4a1d44b779b7d234eccde528ed0226	tools/sklearn/clf_metrics.xml	sklearn_clf_metrics	49c311b75cc1ef6dc3a3fda660f9e0efe5285293cdae745d104182d39bf9baf4
bgruening-galaxytools	662e7be86a4a1d44b779b7d234eccde528ed0226	tools/sklearn/discriminant.xml	sklearn_discriminant_classifier	9f7f1b411c56d3f5b414d5cc1f611f402a9e09bf0e2dbd034fd4505a1504b0d3
bgruening-galaxytools	662e7be86a4a1d44b779b7d234eccde528ed0226	tools/sklearn/ensemble.xml	sklearn_ensemble	85650378788880348e2733decc2386d5ba0cd3394affff3fe45a21fa31c39a73
bgruening-galaxytools	662e7be86a4a1d44b779b7d234eccde528ed0226	tools/sklearn/estimator_attributes.xml	sklearn_estimator_attributes	08d4e18c711b9a65617a8a9ddf8905ffc817ee9104046ee034ff7ee461abef83
bgruening-galaxytools	662e7be86a4a1d44b779b7d234eccde528ed0226	tools/sklearn/feature_selection.xml	sklearn_feature_selection	04a48c14be5942ffebcb94821f9d6fd3e59613c7f1f79fe4228f382812876264
bgruening-galaxytools	662e7be86a4a1d44b779b7d234eccde528ed0226	tools/sklearn/fitted_model_eval.xml	sklearn_fitted_model_eval	de0b3421a687d0a3f2f3b22f7d412bc1375b8a2f0f800fea71aa1ed1c9301225
bgruening-galaxytools	662e7be86a4a1d44b779b7d234eccde528ed0226	tools/sklearn/generalized_linear.xml	sklearn_generalized_linear	80423180208b2670030fb4bcfba41b8076229444592378140235e9e54be0d617
bgruening-galaxytools	662e7be86a4a1d44b779b7d234eccde528ed0226	tools/sklearn/keras_batch_models.xml	keras_batch_models	0e5d485d34398a0c81dc792f8aa69596b5644738e6318aac6e5bb23ecd20c4c1
bgruening-galaxytools	662e7be86a4a1d44b779b7d234eccde528ed0226	tools/sklearn/keras_model_builder.xml	keras_model_builder	67d663cd831d6cd9a0a4cf9825664b17383f80f010633f6998d42bfd33f2e834
bgruening-galaxytools	662e7be86a4a1d44b779b7d234eccde528ed0226	tools/sklearn/keras_model_config.xml	keras_model_config	cf769c985b281465d5f1df76b81afb4ecf29a6483166d3d2759b9a9f3b812457
bgruening-galaxytools	662e7be86a4a1d44b779b7d234eccde528ed0226	tools/sklearn/keras_train_and_eval.xml	keras_train_and_eval	ec18b60f7a03152000ca6ef44c5c1ad88bb58aa263d0f955753cf4328ec9eb56
bgruening-galaxytools	662e7be86a4a1d44b779b7d234eccde528ed0226	tools/sklearn/label_encoder.xml	sklearn_label_encoder	2c463eb07ea4ae38c18067c0cb4ee31a62bfdbd689639dad0aaf97373fea3e1d
bgruening-galaxytools	662e7be86a4a1d44b779b7d234eccde528ed0226	tools/sklearn/lightgbm.xml	sklearn_lightgbm	106272ef604c78baf9b22de4fa15632d740d237cef8a236fb00c31afc0fa1c12
bgruening-galaxytools	662e7be86a4a1d44b779b7d234eccde528ed0226	tools/sklearn/ml_visualization_ex.xml	ml_visualization_ex	4ebef803eeaaa631445bc68b8b1a4c2c3ef73f7a31a4f7dd80c0093cf13b17eb
bgruening-galaxytools	662e7be86a4a1d44b779b7d234eccde528ed0226	tools/sklearn/model_prediction.xml	model_prediction	cd58f29892b74a41b53df748de5b572108fa2832a55c52ea8207bc060f258d00
bgruening-galaxytools	662e7be86a4a1d44b779b7d234eccde528ed0226	tools/sklearn/model_validation.xml	sklearn_model_validation	7701302b7499ba65c149a54b7d631aa37807946a7156ab1ac1264278d5a35fed
bgruening-galaxytools	662e7be86a4a1d44b779b7d234eccde528ed0226	tools/sklearn/nn_classifier.xml	sklearn_nn_classifier	d11546bbc2f0fd5fcc9d2bfaf1689b5b04f6e519b37e584febfc814547726a51
bgruening-galaxytools	662e7be86a4a1d44b779b7d234eccde528ed0226	tools/sklearn/numeric_clustering.xml	sklearn_numeric_clustering	bc177c23ec4f063eb63d1ab584d102db5fcd6702820774f40b31dc301450b321
bgruening-galaxytools	662e7be86a4a1d44b779b7d234eccde528ed0226	tools/sklearn/pairwise_metrics.xml	sklearn_pairwise_metrics	9492127b7968295d9ea42467452e32d2a7f1274f0a5f835997289daa7ad1394d
bgruening-galaxytools	662e7be86a4a1d44b779b7d234eccde528ed0226	tools/sklearn/pca.xml	sklearn_pca	9f760e1e9653a8668e47c1956f9931d99076a045a6621d23cb56ae24a6face56
bgruening-galaxytools	662e7be86a4a1d44b779b7d234eccde528ed0226	tools/sklearn/pipeline.xml	sklearn_build_pipeline	adcae4f1e45578ca1e32e76c25aa10c046c32a8095336f541dbd5b187f359428
bgruening-galaxytools	662e7be86a4a1d44b779b7d234eccde528ed0226	tools/sklearn/pre_process.xml	sklearn_data_preprocess	6083eb0df88da1a1386a141189aa2e06998cf8cdbfae472b8c5c425fa58bb583
bgruening-galaxytools	662e7be86a4a1d44b779b7d234eccde528ed0226	tools/sklearn/regression_metrics.xml	sklearn_regression_metrics	983793b1eb0d896bb09dec7538702bff9436b0b06b2f24c3970de625f43aa7bf
bgruening-galaxytools	662e7be86a4a1d44b779b7d234eccde528ed0226	tools/sklearn/sample_generator.xml	sklearn_sample_generator	4382b77e5de12401cf5cdc9a8ede1cbc9ab5f8d85826f71b58cf423536e59927
bgruening-galaxytools	662e7be86a4a1d44b779b7d234eccde528ed0226	tools/sklearn/search_model_validation.xml	sklearn_searchcv	6e43b82ea990c6f21c866b530d504331ad45ecb57b7699c7da02087f0ba5bcb2
bgruening-galaxytools	662e7be86a4a1d44b779b7d234eccde528ed0226	tools/sklearn/simple_model_fit.xml	sklearn_model_fit	b6c80154a937edfecee1c5dd200fdf26d36481813e5f6646f31a0db997f6dea2
bgruening-galaxytools	662e7be86a4a1d44b779b7d234eccde528ed0226	tools/sklearn/sparse.xml	scipy_sparse	b11910d1109c260061b4efa7757c549cf93417671149641ddc8a114e0aca1e53
bgruening-galaxytools	662e7be86a4a1d44b779b7d234eccde528ed0226	tools/sklearn/stacking_ensembles.xml	stacking_ensemble_models	d6c745dd4f57c7e1c36014393a9d27b2243a471dfb0646c4a82f64b42addd3c2
bgruening-galaxytools	662e7be86a4a1d44b779b7d234eccde528ed0226	tools/sklearn/svm.xml	sklearn_svm_classifier	a6c3441502dc3b409dd252c73ffb8dec15fe9bcfe9ff4f371f2f2952acb45c86
bgruening-galaxytools	662e7be86a4a1d44b779b7d234eccde528ed0226	tools/sklearn/to_categorical.xml	sklearn_to_categorical	30b1f80ddcd14f49ced2a85ef74097679a27b1a702b555d9207ed3e621545bfd
bgruening-galaxytools	662e7be86a4a1d44b779b7d234eccde528ed0226	tools/sklearn/train_test_eval.xml	sklearn_train_test_eval	8daad250e3a2816c2740e2c21c359ba63c3ff85de07ded2b1cf052a353abb77c
bgruening-galaxytools	662e7be86a4a1d44b779b7d234eccde528ed0226	tools/sklearn/train_test_split.xml	sklearn_train_test_split	2af0e450a3e8f111c3f0f6ceb859b3253c5a7884520372671fc946743492efed
bgruening-galaxytools	662e7be86a4a1d44b779b7d234eccde528ed0226	tools/splitfasta/splitFasta.xml	rbc_splitfasta	67c523ecfb49add862b5b81abaa4533102d081906998020c88e17936dc46bbaa
bgruening-galaxytools	662e7be86a4a1d44b779b7d234eccde528ed0226	tools/sqlite_merger/sqlite_merger.xml	sqlite_merger	f6e2015efb774d43accae6e3ae02e86e02b9251f56701e2c4ad14e396faa4eb9
bgruening-galaxytools	662e7be86a4a1d44b779b7d234eccde528ed0226	tools/staging_area/blast_annotaion_from_genbank.xml	blast_to_genbank_annoation	eaced0a794c7c2b93b16bd13bd79a09f8df0c8d54cb19f23450f9d6e173b33fe
bgruening-galaxytools	662e7be86a4a1d44b779b7d234eccde528ed0226	tools/staging_area/blast_unique_best_bit_score.xml	best_blast_hit	35491f6a7798f392437878603df2bca4c91b44cfe0fed3641898988ae4c3972e
bgruening-galaxytools	662e7be86a4a1d44b779b7d234eccde528ed0226	tools/staging_area/change_fasta_header.xml	change_fasta_header	81f453a601b7f8a991d9f62475e4ae35ae2ce63578d603a7b50bb5bfd9564c43
bgruening-galaxytools	662e7be86a4a1d44b779b7d234eccde528ed0226	tools/staging_area/circos/tools/circos/circosConfigFileCreatorWrapper.xml	circosConfigFileCreator	f6bb57b828f0b7738c9c09928da2012b2fda4ae39226c004878745b304bc7b13
bgruening-galaxytools	662e7be86a4a1d44b779b7d234eccde528ed0226	tools/staging_area/circos/tools/circos/circosWrapper.xml	circosConfigFileCreator	0ca88eb28373a0a0961d813fcf5ee48af884f18663b81f7c3701f330a33afcfd
bgruening-galaxytools	662e7be86a4a1d44b779b7d234eccde528ed0226	tools/staging_area/circos/tools/circos/reformatCircosDataFile.xml	circosReformatter	a3f8eea305d253b54a018ff98d572459e6a7bf5084b0fefd7b92a5182b487094
bgruening-galaxytools	662e7be86a4a1d44b779b7d234eccde528ed0226	tools/staging_area/data_source/strep_afghaniensis.xml	strep_afghaniensis	5a27aba06a338411e8b18957bf371e5d46d74505ea2506e967bd4916f527e8cf
bgruening-galaxytools	662e7be86a4a1d44b779b7d234eccde528ed0226	tools/staging_area/data_source/strep_tue6071.xml	strep_tue6071	0c65c4148f3cb2b612d174aafcd5091d57108cd3849e519954ea8724ab08b065
bgruening-galaxytools	662e7be86a4a1d44b779b7d234eccde528ed0226	tools/staging_area/data_source/strep_viridochromogenes.xml	strep_viridochromogenes	9edb8acc63e46d1521c8b7085a4686d3c38f080f2ee09f73cf82fdf28422ed4d
bgruening-galaxytools	662e7be86a4a1d44b779b7d234eccde528ed0226	tools/staging_area/fasta_to_gff3.xml	fasta2gff	ae9320c43833b147682be58689f0d08fb84487de6879574d811a0442916f17fb
bgruening-galaxytools	662e7be86a4a1d44b779b7d234eccde528ed0226	tools/staging_area/genewise.xml	genewise	ed2de6ad7b00faf80a230e156c32968a5d16c6a65a78c8d81e719ff38ad6052f
bgruening-galaxytools	662e7be86a4a1d44b779b7d234eccde528ed0226	tools/staging_area/get_infos_from_kegg.xml	get_kegg_infos	67eef3460ec5e7dd1dab53a1ef559867196745d3bcb752534a98a9b44a635e7d
bgruening-galaxytools	662e7be86a4a1d44b779b7d234eccde528ed0226	tools/staging_area/gff3_filter.xml	GFF3Filter	bb52a9ef04a4a7f11a7868112ece0f48a8208f5b549c469c5d39634d6f2e1101
bgruening-galaxytools	662e7be86a4a1d44b779b7d234eccde528ed0226	tools/staging_area/mauve.xml	MauveAligner_wrapper	06b5f356fddfd3989cc32a744af9664eb79b505f0df2150b4f65cd4d2ed47c6f
bgruening-galaxytools	662e7be86a4a1d44b779b7d234eccde528ed0226	tools/staging_area/mcl.xml	mcl	6f2b150251fd455923e150570d171e6d5db522102fdc4c3af650a3a1143a91fc
bgruening-galaxytools	662e7be86a4a1d44b779b7d234eccde528ed0226	tools/staging_area/mclWrapper.xml	mcl	4fbfaeb27d1a111b1217824636fb63ffe5628eaac3b5ef0fb44e5270014e1b24
bgruening-galaxytools	662e7be86a4a1d44b779b7d234eccde528ed0226	tools/staging_area/mcxloadWrapper.xml	mcxload	e4ca179cda863872fc8178c3b6dfbe11c5c6882673b5efed43cbbd8bcfed6265
bgruening-galaxytools	662e7be86a4a1d44b779b7d234eccde528ed0226	tools/staging_area/pharo.xml	Pharao	fd4c78a5125463e34f6e1a77b390d91997f1e7730bd0bafc4e5a202d8a2a73de
bgruening-galaxytools	662e7be86a4a1d44b779b7d234eccde528ed0226	tools/staging_area/pharo_create_db.xml	Pharao_create_db	9b183b028df63eab883b109e0891f517530d1be1432e4aea8a4b17b7ebe7910f
bgruening-galaxytools	662e7be86a4a1d44b779b7d234eccde528ed0226	tools/staging_area/pharo_search.xml	Pharao_search	8925db4caa2c34fbf80e60c0aec2eb293521ad3a794b407c68cb5095e82ab116
bgruening-galaxytools	662e7be86a4a1d44b779b7d234eccde528ed0226	tools/staging_area/ripcalWrapper.xml	ripcal	22072966460a839bdfc625268b0ffa83e00bc66d328af927a25b60197330e0be
bgruening-galaxytools	662e7be86a4a1d44b779b7d234eccde528ed0226	tools/staging_area/terpen_finder/terpen_finder.xml	terpen_finder	96baccec00a5a6086522692c2f09eb8e44b980bcc0ad6fac3fd612dae0d2e696
bgruening-galaxytools	662e7be86a4a1d44b779b7d234eccde528ed0226	tools/staging_area/trf/trf.xml	trf	9e49a2b7ad02c562853de9b7e5f9fbf2e7c726623f28a42ec8fb539bf78f36f3
bgruening-galaxytools	662e7be86a4a1d44b779b7d234eccde528ed0226	tools/staging_area/uniprot2fasta.xml	uniprot2fasta	8733dbf6e1439de269f06edc110025ee9e12d05c06e724195648aed70946b0e7
bgruening-galaxytools	662e7be86a4a1d44b779b7d234eccde528ed0226	tools/staging_area/xmfa2maf.xml	xmfa2maf	d541408aacc27714b00fba285d159c43c814d84902393ced46225bae5cc68ad0
bgruening-galaxytools	662e7be86a4a1d44b779b7d234eccde528ed0226	tools/statistics/statistical_hypothesis_testing.xml	bg_statistical_hypothesis_testing	904ed57b5c2caaa66c711e9ea8c021a62e86eaa37bc15f1e4ed9aa1afcdb8ff6
bgruening-galaxytools	662e7be86a4a1d44b779b7d234eccde528ed0226	tools/stress_ng/stress_ng.xml	stress_ng	561361f56db8142c539d1d2e062c7509e36415017ab98f20794e09604a371745
bgruening-galaxytools	662e7be86a4a1d44b779b7d234eccde528ed0226	tools/suspenders/suspenders.xml	bg_suspenders	0274309943e64c509dbed0d6ac38a19990b520e8964eaec2e09a0c67b82ab4cf
bgruening-galaxytools	662e7be86a4a1d44b779b7d234eccde528ed0226	tools/sylph/sylph_profile.xml	sylph_profile	298ecb6a7d3f316da28874b4fbc06b6f79ee3a846f3c81ebd78a82b08b7d0cd9
bgruening-galaxytools	662e7be86a4a1d44b779b7d234eccde528ed0226	tools/sylph/sylph_query.xml	sylph_query	8c5bdd0369c6221341e2fd6c38f33b7b01a2b1201dd462d2b68a54685353296f
bgruening-galaxytools	662e7be86a4a1d44b779b7d234eccde528ed0226	tools/tabpfn/tabpfn.xml	tabpfn	473a532a94c980880d490befd3674a739dc049aa9688ff96d37c6ab134dc3fac
bgruening-galaxytools	662e7be86a4a1d44b779b7d234eccde528ed0226	tools/tapscan/tapscan.xml	tapscan_classify	884be733e16d97895a618f4fd8dbaa972fa7ab1e98e368db360ed841c70d523f
bgruening-galaxytools	662e7be86a4a1d44b779b7d234eccde528ed0226	tools/text_processing/add_line_to_file/add_line_to_file.xml	add_line_to_file	d06ba0d31938270818d49d571d0ba2598d7142f5c3d2aeb8225806b8ac972826
bgruening-galaxytools	662e7be86a4a1d44b779b7d234eccde528ed0226	tools/text_processing/column_arrange_by_header/columnArrange.xml	bg_column_arrange_by_header	03e31362f72ceec26d3cc9aa09927ba3d9fb633e3fbd21113ae1405282150d2d
bgruening-galaxytools	662e7be86a4a1d44b779b7d234eccde528ed0226	tools/text_processing/join_files_on_column_fuzzy/join_files_on_column_fuzzy.xml	join_files_on_column_fuzzy	03657ff618f11fcceed2284b5612d952c2dbc803cbeaf5105ce17d10632879bf
bgruening-galaxytools	662e7be86a4a1d44b779b7d234eccde528ed0226	tools/text_processing/split_file_on_column/split_file_on_column.xml	tp_split_on_column	e14851dec6138a723169d497979d2ba3d449cccaa09040504d66265a5499fbfa
bgruening-galaxytools	662e7be86a4a1d44b779b7d234eccde528ed0226	tools/text_processing/split_file_to_collection/split_file_to_collection.xml	split_file_to_collection	b6999730918b2f2086d9d44fa5477da1ed356918a249860549dc1985e5989177
bgruening-galaxytools	662e7be86a4a1d44b779b7d234eccde528ed0226	tools/text_processing/text_processing/awk.xml	tp_awk_tool	9d65092ee29d087d4b7cc730ed363e4820980a8c45818dce87b697d64110e5f9
bgruening-galaxytools	662e7be86a4a1d44b779b7d234eccde528ed0226	tools/text_processing/text_processing/cat.xml	tp_cat	a9ef8d53b94626386d0efd699e17f69733a4624e0b979586d5d57b63e5865233
bgruening-galaxytools	662e7be86a4a1d44b779b7d234eccde528ed0226	tools/text_processing/text_processing/cut.xml	tp_cut_tool	c4a8162e5910bbfacda0fd129e1b5c66c8501e9a79e1a429d5251e931c9d51e3
bgruening-galaxytools	662e7be86a4a1d44b779b7d234eccde528ed0226	tools/text_processing/text_processing/easyjoin.xml	tp_easyjoin_tool	7816c25c3da6425bb57742598f10afe83e5066529dcb43ea62986eaa916734e5
bgruening-galaxytools	662e7be86a4a1d44b779b7d234eccde528ed0226	tools/text_processing/text_processing/find_and_replace.xml	tp_find_and_replace	f67973814d4f9dbd0cd119cf4b216007fc44fe30da1743df259981713965aeab
bgruening-galaxytools	662e7be86a4a1d44b779b7d234eccde528ed0226	tools/text_processing/text_processing/grep.xml	tp_grep_tool	e5670e8e4f19bbadbfdbc301ed2aacc8e15141763e76010e10da399dad8e5aaf
bgruening-galaxytools	662e7be86a4a1d44b779b7d234eccde528ed0226	tools/text_processing/text_processing/head.xml	tp_head_tool	df2539d90e85975d006e68e82585cafb1470dc8cce7fe2aebcf023a3d2c8e0d7
bgruening-galaxytools	662e7be86a4a1d44b779b7d234eccde528ed0226	tools/text_processing/text_processing/multijoin.xml	tp_multijoin_tool	bcb4b4f2af569adbc5d8a15d559115a692027bb3dc2bd2cff5547b7628247431
bgruening-galaxytools	662e7be86a4a1d44b779b7d234eccde528ed0226	tools/text_processing/text_processing/nl.xml	nl	b3a14c9270c3894ca052ad93b0eb33788ef547089bfd431523627ffd0ba4a62b
bgruening-galaxytools	662e7be86a4a1d44b779b7d234eccde528ed0226	tools/text_processing/text_processing/recurring_lines.xml	tp_text_file_with_recurring_lines	ce1ebf1bfde4d27e6c70bca5e6b4f8c447e03377793da415a7ab9d4fa82dcf0f
bgruening-galaxytools	662e7be86a4a1d44b779b7d234eccde528ed0226	tools/text_processing/text_processing/replace_text_in_column.xml	tp_replace_in_column	bb3530f5a9a741ce62545059ba656b869331d8aafa32c18fb56cda5e93a6c1ed
bgruening-galaxytools	662e7be86a4a1d44b779b7d234eccde528ed0226	tools/text_processing/text_processing/replace_text_in_line.xml	tp_replace_in_line	0f6ff6e705dd32548a7f88eeeb0d5ed2b73703c070019e01dde34afe830706dc
bgruening-galaxytools	662e7be86a4a1d44b779b7d234eccde528ed0226	tools/text_processing/text_processing/sed.xml	tp_sed_tool	020eccad8f59dc5352d796355b0410576d8b884f6643ece7a75e6a55ddc45c9e
bgruening-galaxytools	662e7be86a4a1d44b779b7d234eccde528ed0226	tools/text_processing/text_processing/sort.xml	tp_sort_header_tool	e5413b5738deca5d552f1638f78ccbeee0f069638e63ecf4e18f43f8a0fa22a0
bgruening-galaxytools	662e7be86a4a1d44b779b7d234eccde528ed0226	tools/text_processing/text_processing/sort_rows.xml	tp_sort_rows	c1627710d2ddfd3a06bebe3ac4c3936f298e142ac86f1e6210425d14370ba65a
bgruening-galaxytools	662e7be86a4a1d44b779b7d234eccde528ed0226	tools/text_processing/text_processing/sorted_uniq.xml	tp_uniq_tool	d5e2323a598a7999fd443261199f7eeddf8df645555c286ba5e0b57fd055fa08
bgruening-galaxytools	662e7be86a4a1d44b779b7d234eccde528ed0226	tools/text_processing/text_processing/tac.xml	tp_tac	f7e87f129c2a40b823a91d5c0e7544b2578c62be74c5e7052aad25e0f95a8656
bgruening-galaxytools	662e7be86a4a1d44b779b7d234eccde528ed0226	tools/text_processing/text_processing/tail.xml	tp_tail_tool	382ea5528333ee0736bd71efa62a138dc734588be8a9057623d392a694bb3284
bgruening-galaxytools	662e7be86a4a1d44b779b7d234eccde528ed0226	tools/text_processing/text_processing/unfold_column.xml	tp_unfold_column_tool	800fd6551c53db6213331924dbe38f4838ed8e85bbdd00500a75b6cf874cec4b
bgruening-galaxytools	662e7be86a4a1d44b779b7d234eccde528ed0226	tools/text_processing/text_processing/unsorted_uniq.xml	tp_sorted_uniq	1aaa209585fea62a261e3b0527ed60c108d46f1c7d31e2988bf862b8af374a76
bgruening-galaxytools	662e7be86a4a1d44b779b7d234eccde528ed0226	tools/tgsgapcloser/tgsgapcloser.xml	tgsgapcloser	de4e18083c87d8eaf920c08d7c83ed3f6fc9f82fb4edf50f6db7698a31026740
bgruening-galaxytools	662e7be86a4a1d44b779b7d234eccde528ed0226	tools/tiara/tiara.xml	tiara	ec3d2db19783ab20fafc25b7a850b27129496bba80159d774ca7fa718d76c49e
bgruening-galaxytools	662e7be86a4a1d44b779b7d234eccde528ed0226	tools/tool_recommendation_model/create_tool_recommendation_model.xml	create_tool_recommendation_model	a4441ae88cec77f7fd56cb2f7fc1c44bfb2ded950f92104061c98fcf2292821c
bgruening-galaxytools	662e7be86a4a1d44b779b7d234eccde528ed0226	tools/trim_galore/trim_galore.xml	trim_galore	df030ebcb98bc8f45cecb327082e54b7b1ae99dfa0a62bcc3bc1e0647e99770b
bgruening-galaxytools	662e7be86a4a1d44b779b7d234eccde528ed0226	tools/twistdna/twistdna.xml	twistdna	b57a3adc0f146a0beab959ed8edcbf72a6c854c52f4cabbd57cf52c1e001df0e
bgruening-galaxytools	662e7be86a4a1d44b779b7d234eccde528ed0226	tools/uniprot_rest_interface/uniprot.xml	uniprot	2feaa6bcf57d2cd4941fa0d6042718ff0d2d5c32b6c5181b82ee3d62565feaec
bgruening-galaxytools	662e7be86a4a1d44b779b7d234eccde528ed0226	tools/visualise_annotation/visualise_annotation.xml	bgbio_plot_annotation	c9b5c873429c52a379b5bfda4ef95175fbbbe7598303b48824a3843359f6b1ac
bgruening-galaxytools	662e7be86a4a1d44b779b7d234eccde528ed0226	tools/vpt/vpt_extract.xml	vpt_extract	956717bcaa009096b3ae8dcedd854c620054e731e329cecbad6abcef04167f4e
bgruening-galaxytools	662e7be86a4a1d44b779b7d234eccde528ed0226	tools/vpt/vpt_segment.xml	vpt_segment	4da09645e1215aff7845bd61426cfd216bdbfeeca8be55d338528bff4b038b29
bgruening-galaxytools	662e7be86a4a1d44b779b7d234eccde528ed0226	tools/vrhyme/vrhyme.xml	vrhyme	be2c4cedf020c0bd1c82b378469cd4c6b33dd05ee15348e8a03ef6cd466f3653
bgruening-galaxytools	662e7be86a4a1d44b779b7d234eccde528ed0226	tools/vt/vt_decompose.xml	vt_decompose	0a51a29259f0d4440764df9312e55944e0afcb72f585eb6de26f9adfc4f998f5
bgruening-galaxytools	662e7be86a4a1d44b779b7d234eccde528ed0226	tools/vt/vt_normalize.xml	vt_normalize	6688ac860b497dc0ff39445b8bf184206447f0c54743cd4d19ed3a37293ad477
bgruening-galaxytools	662e7be86a4a1d44b779b7d234eccde528ed0226	tools/webatlas/build_config.xml	webatlas_build_config	00ee2960ff703308db4a06c69f8756a4948f1c0db73e1287b3c45ec28c841b1d
bgruening-galaxytools	662e7be86a4a1d44b779b7d234eccde528ed0226	tools/webatlas/consolidate_md.xml	webatlas_consolidate_md	f7980126a7cb7e91adf0c0fab57124b0956525f3de156195e8aacba1ef04b45f
bgruening-galaxytools	662e7be86a4a1d44b779b7d234eccde528ed0226	tools/webatlas/generate_image.xml	webatlas_generate_image	6f75785803d2247538613f81fe92edd8780f638d9ad250bf99cd9e0c518a7896
bgruening-galaxytools	662e7be86a4a1d44b779b7d234eccde528ed0226	tools/webatlas/ome_zarr_metadata.xml	webatlas_ome_zarr_metadata	ddbbf6baf030688100e7dba88b63c0780a2a83a69f4e94631f41153c64ea9111
bgruening-galaxytools	662e7be86a4a1d44b779b7d234eccde528ed0226	tools/webatlas/router.xml	webatlas_router	563fe294b2194c877a2cb854fbe06dfb1ba52bf3b1ed78549e87abe15a48742a
bgruening-galaxytools	662e7be86a4a1d44b779b7d234eccde528ed0226	tools/webatlas/write_spatialdata.xml	webatlas_write_spatialdata	f919e4272aef748ae24e6e59c22bf3e162194d647f06bff039651740e170682d
bgruening-galaxytools	662e7be86a4a1d44b779b7d234eccde528ed0226	tools/whisper/whisper.xml	whisper	04f164d8f21372b5810811ba35e3cac08d5c7ae57fde9baebc8a5d5a495294ca
bgruening-galaxytools	662e7be86a4a1d44b779b7d234eccde528ed0226	tools/whisperx/whisperx.xml	whisperx	7437329b179dc3fae86e270ee33d257efcf4ba9384e1427c8df8a0b0834226ac
bgruening-galaxytools	662e7be86a4a1d44b779b7d234eccde528ed0226	tools/wordcloud/wordcloud.xml	wordcloud	2e429fe07325e921420fefc64a8bee97effff24b164e88c3415355ef66aa6147
bgruening-galaxytools	662e7be86a4a1d44b779b7d234eccde528ed0226	tools/wtdbg/wtdbg.xml	wtdbg	d299c9ce5ceb744294c1314bb1ac758ecbe6290db7684eb25d31c24013a3b53a
tools-devteam	5d53a79839c6d9b7c1f13e8f5bd9f65d69d96a46	deprecated/data_managers/data_manager_bwa_index_builder/data_manager/bwa_color_space_index_builder.xml	bwa_color_space_index_builder_data_manager	18e5f46b7fd1df40f0acd9d1b82448533f0c3be3daa0fbda1ff82d41716d394d
tools-devteam	5d53a79839c6d9b7c1f13e8f5bd9f65d69d96a46	deprecated/data_managers/data_manager_bwa_index_builder/data_manager/bwa_index_builder.xml	bwa_index_builder_data_manager	f99b98c059e7012f4e537bcbce161b2f321ec7efadd91cbf1f17dfeaf0be3b96
tools-devteam	5d53a79839c6d9b7c1f13e8f5bd9f65d69d96a46	deprecated/data_managers/data_manager_fetch_genome_all_fasta/data_manager/data_manager_fetch_genome_all_fasta.xml	data_manager_fetch_genome_all_fasta	d9b19aca3af14da650f41f37e0b3a2f4e8b4561a65dd223adb9b225cb79c6155
tools-devteam	5d53a79839c6d9b7c1f13e8f5bd9f65d69d96a46	deprecated/data_managers/data_manager_hisat_index_builder/data_manager/hisat_index_builder.xml	hisat_index_builder_data_manager	b474bfd56cd784681137b4232de91468489778a50cd5cc580376fde10c0d9a17
tools-devteam	5d53a79839c6d9b7c1f13e8f5bd9f65d69d96a46	deprecated/tool_collections/gatk/analyze_covariates/analyze_covariates.xml	gatk_analyze_covariates	258a646cf2b6d1c887a57039d6657e3ca667c67a21a3e5c72d96ba13cf9900d8
tools-devteam	5d53a79839c6d9b7c1f13e8f5bd9f65d69d96a46	deprecated/tool_collections/gatk/count_covariates/count_covariates.xml	gatk_count_covariates	956e4bdf62f40d7aebc37deabce25252f29d4a2f7cb1b11792d843caa9ee28da
tools-devteam	5d53a79839c6d9b7c1f13e8f5bd9f65d69d96a46	deprecated/tool_collections/gatk/depth_of_coverage/depth_of_coverage.xml	gatk_depth_of_coverage	7ef5f7178c2a47e7c0672b28dba739a0656416d6da4663433422a96731494506
tools-devteam	5d53a79839c6d9b7c1f13e8f5bd9f65d69d96a46	deprecated/tool_collections/gatk/indel_realigner/indel_realigner.xml	gatk_indel_realigner	c1890ec40df3f8f441a1a39693108ae49a420bde379895c836b2507d052f5e68
tools-devteam	5d53a79839c6d9b7c1f13e8f5bd9f65d69d96a46	deprecated/tool_collections/gatk/print_reads/print_reads.xml	gatk_print_reads	25e97fede40feae791291f8d1617e4cc747f1de220691178bc54fa295b06fd44
tools-devteam	5d53a79839c6d9b7c1f13e8f5bd9f65d69d96a46	deprecated/tool_collections/gatk/realigner_target_creator/realigner_target_creator.xml	gatk_realigner_target_creator	7f7c9e5a6d2bd15fa87b160299c6ede60fba5ea7392d5dc45cf1430f39630b3a
tools-devteam	5d53a79839c6d9b7c1f13e8f5bd9f65d69d96a46	deprecated/tool_collections/gatk/table_recalibration/table_recalibration.xml	gatk_table_recalibration	7c7a57f68e0672d394f7aa6f81ccbe52446a7c012fb7bc4733ce942542c84b7e
tools-devteam	5d53a79839c6d9b7c1f13e8f5bd9f65d69d96a46	deprecated/tool_collections/gatk/unified_genotyper/unified_genotyper.xml	gatk_unified_genotyper	79999752ae03f329b96f6b3d6e04674d914072653c78054f2d597103ad2c0936
tools-devteam	5d53a79839c6d9b7c1f13e8f5bd9f65d69d96a46	deprecated/tool_collections/gatk/variant_annotator/variant_annotator.xml	gatk_variant_annotator	bc38f0f5e9dbab4d5ffda21cfb95d144d534acaccb22fe166a0e230be6d9dd70
tools-devteam	5d53a79839c6d9b7c1f13e8f5bd9f65d69d96a46	deprecated/tool_collections/gatk/variant_apply_recalibration/variant_apply_recalibration.xml	gatk_variant_apply_recalibration	f505f30d0e74bc56b8919e7b4e884e99ca1ab6978cbb2ec70ca4ec431bc21f7e
tools-devteam	5d53a79839c6d9b7c1f13e8f5bd9f65d69d96a46	deprecated/tool_collections/gatk/variant_combine/variant_combine.xml	gatk_variant_combine	5679e122aea618859779cc6e8cc9d2934fb72e1fa8aeadff6417abcb852351bc
tools-devteam	5d53a79839c6d9b7c1f13e8f5bd9f65d69d96a46	deprecated/tool_collections/gatk/variant_eval/variant_eval.xml	gatk_variant_eval	e289cdf1d5510169fa46fbf78bafe2adf0a78f60e5495a7dba9b8746058d1022
tools-devteam	5d53a79839c6d9b7c1f13e8f5bd9f65d69d96a46	deprecated/tool_collections/gatk/variant_filtration/variant_filtration.xml	gatk_variant_filtration	05126d4abf5b67824d06b292fa5cd0c66c564e40933cd743329c42120d08a7c0
tools-devteam	5d53a79839c6d9b7c1f13e8f5bd9f65d69d96a46	deprecated/tool_collections/gatk/variant_recalibrator/variant_recalibrator.xml	gatk_variant_recalibrator	447144d1506aef7c114bc73b17720d49b362c16634fe9d3c6f15e0a7156ab466
tools-devteam	5d53a79839c6d9b7c1f13e8f5bd9f65d69d96a46	deprecated/tool_collections/gatk/variant_select/variant_select.xml	gatk_variant_select	e21fe4d5995ab88289abc3e06cfe05c567d2b0e329b4d7da128ca537b003a7df
tools-devteam	5d53a79839c6d9b7c1f13e8f5bd9f65d69d96a46	deprecated/tool_collections/gatk/variants_validate/variants_validate.xml	gatk_validate_variants	8a4bc965a13d358654ff60a1c04cd5403c143c833419cd3e41eaa2bd1763026d
tools-devteam	5d53a79839c6d9b7c1f13e8f5bd9f65d69d96a46	deprecated/tools/annotation_profiler/annotation_profiler.xml	Annotation_Profiler_0	4c7d5c4b68e77a2f969bfe711f8b2837bc9ead837e267d42838b26c997f79ab0
tools-devteam	5d53a79839c6d9b7c1f13e8f5bd9f65d69d96a46	deprecated/tools/bamleftalign/bamleftalign.xml	bamleftalign	1f69a7cafed7987a2cdbba448db295725ac73288a257f7b032265b1dc52982d8
tools-devteam	5d53a79839c6d9b7c1f13e8f5bd9f65d69d96a46	deprecated/tools/bowtie_color_wrappers/bowtie_color_wrapper.xml	bowtie_color_wrapper	9b3c8a05b6c2ab740239c4aa54317bdc09238dab1f39211d52a982dc5b80a5b0
tools-devteam	5d53a79839c6d9b7c1f13e8f5bd9f65d69d96a46	deprecated/tools/bwa_wrappers/bwa_color_wrapper.xml	bwa_color_wrapper	da712c412f1fd992903451ffd3638149335203d2af7609cb34d2e30de428465e
tools-devteam	5d53a79839c6d9b7c1f13e8f5bd9f65d69d96a46	deprecated/tools/bwa_wrappers/bwa_wrapper.xml	bwa_wrapper	de5ad5d0dc999a3fa36bb1913097121c5d1ea71b9b3765b07cf76d488aea1689
tools-devteam	5d53a79839c6d9b7c1f13e8f5bd9f65d69d96a46	deprecated/tools/dna_filtering/histogram2.xml	histogram_rpy	bb105c81cdf5316b9abeac2b47c8d06abf7f1cc10ba504697a2184b07e635891
tools-devteam	5d53a79839c6d9b7c1f13e8f5bd9f65d69d96a46	deprecated/tools/macs/macs_wrapper.xml	peakcalling_macs	9146cead1dc65151fe52214cbaa209aa52657af3a2cb961198c5874f1bd95e87
tools-devteam	5d53a79839c6d9b7c1f13e8f5bd9f65d69d96a46	deprecated/tools/megablast_wrapper/megablast_wrapper.xml	megablast_wrapper	b6ef463476ef8bc70d43f6e7ad68572a2557fe8d01b6d6f784662de63243bc57
tools-devteam	5d53a79839c6d9b7c1f13e8f5bd9f65d69d96a46	deprecated/tools/sam_merge/sam_merge.xml	sam_merge2	f6282d972b166e247aed764d8744c2b472b7d8ee77933a4fbf48558747725444
tools-devteam	5d53a79839c6d9b7c1f13e8f5bd9f65d69d96a46	deprecated/tools/sam_pileup/sam_pileup.xml	sam_pileup	2284af1d20bc641a2eb492977e982bdeaf84f4462a7d1ba6d76d671187ae8d36
tools-devteam	5d53a79839c6d9b7c1f13e8f5bd9f65d69d96a46	macros/test/read_group_assigner_1.xml	read_group_assigner_1	9bd42fca61a82c0e16d30b0aba017e8e33cad221a5358da4e633e08a6ad30ad0
tools-devteam	5d53a79839c6d9b7c1f13e8f5bd9f65d69d96a46	macros/test/read_group_mapper_1.xml	read_group_mapper_1	3371d52e62b0e525745b4cbd0b796214b399cf1ffc4612cdef635b369663483e
tools-devteam	5d53a79839c6d9b7c1f13e8f5bd9f65d69d96a46	tool_collections/gops/basecoverage/basecoverage.xml	gops_basecoverage_1	d0cc49af78608e3ab5896f56f10a587f6e7df0fe4cd692bd115a6581bcb2f7ec
tools-devteam	5d53a79839c6d9b7c1f13e8f5bd9f65d69d96a46	tool_collections/gops/cluster/cluster.xml	gops_cluster_1	c91d5b1aa936212d044ba0a5203a4517329bc3ad8134c54f4517e521fb40a7ed
tools-devteam	5d53a79839c6d9b7c1f13e8f5bd9f65d69d96a46	tool_collections/gops/complement/complement.xml	gops_complement_1	7d3fbcbfea79613123d99d2e0032546bd65b1e2d1e8b46799d284aa257d4af28
tools-devteam	5d53a79839c6d9b7c1f13e8f5bd9f65d69d96a46	tool_collections/gops/concat/concat.xml	gops_concat_1	bd3ac9a7839dc5eecf7358bf3e6e2b88952b266c6defbefd5a01ac6f07f684b6
tools-devteam	5d53a79839c6d9b7c1f13e8f5bd9f65d69d96a46	tool_collections/gops/coverage/coverage.xml	gops_coverage_1	da836431b1d69878899e5a10ecc165b9fa4ab17de96d73825713cbda26fd01e7
tools-devteam	5d53a79839c6d9b7c1f13e8f5bd9f65d69d96a46	tool_collections/gops/flanking_features/flanking_features.xml	flanking_features_1	d0a5a57b843ccd911427ab89a82d0b58bc9aacfaa47626a94b900f98140251ec
tools-devteam	5d53a79839c6d9b7c1f13e8f5bd9f65d69d96a46	tool_collections/gops/get_flanks/get_flanks.xml	get_flanks1	0143a026af1d40270cec374f0db4f8819979b4fb01014357a3691b2c8a7a9577
tools-devteam	5d53a79839c6d9b7c1f13e8f5bd9f65d69d96a46	tool_collections/gops/intersect/intersect.xml	gops_intersect_1	de7af527efef9b1e509565e073b06e5b2419fe58e486c676ab7c2475118af83e
tools-devteam	5d53a79839c6d9b7c1f13e8f5bd9f65d69d96a46	tool_collections/gops/join/join.xml	gops_join_1	85b4329989759101f3685bd4b556c99a1beb5b7980ce188effbd0955bba018b2
tools-devteam	5d53a79839c6d9b7c1f13e8f5bd9f65d69d96a46	tool_collections/gops/merge/merge.xml	gops_merge_1	667e009feebb14301d73fd157339313fea13283e376f0c2a674032946dde6d35
tools-devteam	5d53a79839c6d9b7c1f13e8f5bd9f65d69d96a46	tool_collections/gops/subtract/subtract.xml	gops_subtract_1	258fb7e254256d3821d18bc249543f1be4967586c83a274fb0bb8550d5b2e140
tools-devteam	5d53a79839c6d9b7c1f13e8f5bd9f65d69d96a46	tool_collections/gops/subtract_query/subtract_query.xml	subtract_query1	188c1c72b3e76104f4f2a7887a89ffb942326a3246af63bb79a0a84567819aa2
tools-devteam	5d53a79839c6d9b7c1f13e8f5bd9f65d69d96a46	tool_collections/gops/tables_arithmetic_operations/tables_arithmetic_operations.xml	tables_arithmetic_operations	5dec404bbff805bb4bb77432a0e202f1212f18f0a910478f34cccdc65c349331
tools-devteam	5d53a79839c6d9b7c1f13e8f5bd9f65d69d96a46	tool_collections/hgv/hgv_fundo/funDo.xml	hgv_funDo	3a06d8776cf91068fb01345fc55c25130003267d19475e6849b6688965a51205
tools-devteam	5d53a79839c6d9b7c1f13e8f5bd9f65d69d96a46	tool_collections/hgv/hgv_hilbertvis/hilbertvis.xml	hgv_hilbertvis	8da8c8b49a127603674e860ef38e60bd44adf32b99647b5608ea422e8ed6962f
tools-devteam	5d53a79839c6d9b7c1f13e8f5bd9f65d69d96a46	tool_collections/hgv/snpfreq/snpFreq.xml	hgv_snpFreq	9a8ca6f2b85fc276883fa720b1affd9f9109b73e58d97be6c96ce6ffb800753c
tools-devteam	5d53a79839c6d9b7c1f13e8f5bd9f65d69d96a46	tool_collections/taxonomy/find_diag_hits/find_diag_hits.xml	find_diag_hits	d98443c7c48081349a2126cc124643335ccad862eb837467493cd52b1dbd9204
tools-devteam	5d53a79839c6d9b7c1f13e8f5bd9f65d69d96a46	tool_collections/taxonomy/gi2taxonomy/gi2taxonomy.xml	Fetch Taxonomic Ranks	552ee2bc6e125fe9b52aded62fb83d7961d6570bb0dade7596ac5f04b2c07679
tools-devteam	5d53a79839c6d9b7c1f13e8f5bd9f65d69d96a46	tool_collections/taxonomy/kraken2tax/kraken2tax.xml	Kraken2Tax	c46d479589efcd1269b994260d0d8ffaa3a262d12ae757732b45b90f0555591f
tools-devteam	5d53a79839c6d9b7c1f13e8f5bd9f65d69d96a46	tool_collections/taxonomy/lca_wrapper/lca.xml	lca1	c05345e7884168fddd399e7df36167dfe0cc4f24aee561a98be303e181b39d14
tools-devteam	5d53a79839c6d9b7c1f13e8f5bd9f65d69d96a46	tool_collections/taxonomy/poisson2test/poisson2test.xml	poisson2test	286b743bd4e6cdd4221e637329909d071878f88d8461066686440e05499f853e
tools-devteam	5d53a79839c6d9b7c1f13e8f5bd9f65d69d96a46	tool_collections/taxonomy/t2ps/t2ps_wrapper.xml	Draw_phylogram	0ccd724411b57e7ffe331c5068437afcce0dd9ec413f48f680b60d7c7eb33d8f
tools-devteam	5d53a79839c6d9b7c1f13e8f5bd9f65d69d96a46	tool_collections/taxonomy/t2t_report/t2t_report.xml	t2t_report	f4d924ebf91088e1220a76a55ad057f6fa71e302702d04f615e875a7dd8532f8
tools-devteam	5d53a79839c6d9b7c1f13e8f5bd9f65d69d96a46	tool_collections/vcftools/vcftools_annotate/vcftools_annotate.xml	vcftools_annotate	826562f675aace58e2242a58b71ff26ac8469c5b72352685d1b295fbf0365a37
tools-devteam	5d53a79839c6d9b7c1f13e8f5bd9f65d69d96a46	tool_collections/vcftools/vcftools_compare/vcftools_compare.xml	vcftools_compare	6a2f3036c1cb4a5642dc1352647eb9f680a6e0a0f20f69d5300e4b6fc09b8fdf
tools-devteam	5d53a79839c6d9b7c1f13e8f5bd9f65d69d96a46	tool_collections/vcftools/vcftools_consensus/vcftools_consensus.xml	vcftools_consensus	ab741e9cfaa50053fdaa511036f0d56b6ad8f0a778abb66f849522ea8e391d22
tools-devteam	5d53a79839c6d9b7c1f13e8f5bd9f65d69d96a46	tool_collections/vcftools/vcftools_isec/vcftools_isec.xml	vcftools_isec	ceec719e0404102b1d0f077e4d674ab7e4351e62fd57fdba4d2c0aae8bb51c4e
tools-devteam	5d53a79839c6d9b7c1f13e8f5bd9f65d69d96a46	tool_collections/vcftools/vcftools_merge/vcftools_merge.xml	vcftools_merge	d0e3180eace8a340643cf1ced00d378d3bae4b69707e9524f7580f5acd1ee5c4
tools-devteam	5d53a79839c6d9b7c1f13e8f5bd9f65d69d96a46	tool_collections/vcftools/vcftools_slice/vcftools_slice.xml	vcftools_slice	4d8db2a5ba0a8bb403331407ab07cc5d0a1b42448e650c88479cc0b83adf4339
tools-devteam	5d53a79839c6d9b7c1f13e8f5bd9f65d69d96a46	tool_collections/vcftools/vcftools_subset/vcftools_subset.xml	vcftools_subset	7bcd97c20a3eac285330cbb685a56a469f31fb613efcb4ff7096f4e2abe0d483
tools-devteam	5d53a79839c6d9b7c1f13e8f5bd9f65d69d96a46	tools/add_value/fixedValueColumn.xml	addValue	a3ea5595154f29f0ad057579d92ffd13e43d6f022031be7433bae54f6a10d348
tools-devteam	5d53a79839c6d9b7c1f13e8f5bd9f65d69d96a46	tools/best_regression_subsets/best_regression_subsets.xml	BestSubsetsRegression1	b36c04934eb6058055ac9688f86c0e7347b370b7bdbb96062ee4f1b0c2bb4bc2
tools-devteam	5d53a79839c6d9b7c1f13e8f5bd9f65d69d96a46	tools/blat_coverage_report/blat_coverage_report.xml	generate_coverage_report	9261b9aadbaa087367f697694267cd567a9fc81fdb7eaeb7de1cc21c3a236933
tools-devteam	5d53a79839c6d9b7c1f13e8f5bd9f65d69d96a46	tools/blat_mapping/blat_mapping.xml	blat2wig	a825281b59a8880c83cccd665d35607499e7242123eae12854c3d5f6d0e5fab4
tools-devteam	5d53a79839c6d9b7c1f13e8f5bd9f65d69d96a46	tools/bowtie_wrappers/bowtie_wrapper.xml	bowtie_wrapper	a4fff4891a6e99c673f511e9c2461b49fce430dd63540d441af7f2668b9b57d6
tools-devteam	5d53a79839c6d9b7c1f13e8f5bd9f65d69d96a46	tools/canonical_correlation_analysis/cca.xml	cca1	cc2c284f40788da255e20e9c2db00923daefedbe6944df7d79b15f4ac0a760c5
tools-devteam	5d53a79839c6d9b7c1f13e8f5bd9f65d69d96a46	tools/categorize_elements_satisfying_criteria/categorize_elements_satisfying_criteria.xml	categorize_elements_satisfying_criteria	6cd79c787013c682090df83adcc938ccb08d1f793b44a05c98c5e4316d77d044
tools-devteam	5d53a79839c6d9b7c1f13e8f5bd9f65d69d96a46	tools/ccat/ccat_wrapper.xml	peakcalling_ccat	ffbd6d1551f45bdae3c0c5aab4caa23a684ca775460148c41de790124176d391
tools-devteam	5d53a79839c6d9b7c1f13e8f5bd9f65d69d96a46	tools/cd_hit_dup/cd_hit_dup.xml	cd_hit_dup	6af50cf1e6f6d3694b89e6c7401a712751db85ff689e725e94ea8730103bf723
tools-devteam	5d53a79839c6d9b7c1f13e8f5bd9f65d69d96a46	tools/change_case/changeCase.xml	ChangeCase	c865f3169c54475c87be380e4d8e8535d0006bd26812a7939a9abec1a57673cf
tools-devteam	5d53a79839c6d9b7c1f13e8f5bd9f65d69d96a46	tools/compute_motif_frequencies_for_all_motifs/compute_motif_frequencies_for_all_motifs.xml	compute_motif_frequencies_for_all_motifs	ce19c7b5251ebc1863302ba28673ef2a6968b1cb906888c7c53c1fa7d1cbca41
tools-devteam	5d53a79839c6d9b7c1f13e8f5bd9f65d69d96a46	tools/compute_motifs_frequency/compute_motifs_frequency.xml	compute_motifs_frequency	4ab825e013ed7990dae2cb88fd3286667f40b186692fef03cd82c2c71157d480
tools-devteam	5d53a79839c6d9b7c1f13e8f5bd9f65d69d96a46	tools/compute_q_values/compute_q_values.xml	compute_q_values	35e632b0736ecba9b9973386c6e5ba97ade20058d1e0d1e04ad99d06dc128f27
tools-devteam	5d53a79839c6d9b7c1f13e8f5bd9f65d69d96a46	tools/condense_characters/condense_characters.xml	Condense characters1	fc3e7f78d3314901ff9947af15b5ef9818638c6d5056730effc26c2f7ae90c2b
tools-devteam	5d53a79839c6d9b7c1f13e8f5bd9f65d69d96a46	tools/convert_characters/convert_characters.xml	Convert characters1	82fde28051f3ad8b00492a253f46f6ae57260787f4070b1368e62a652313c9ca
tools-devteam	5d53a79839c6d9b7c1f13e8f5bd9f65d69d96a46	tools/convert_solid_color2nuc/convert_SOLiD_color2nuc.xml	color2nuc	6db26d389efa031f8d26d0b33ba130a7e019930c21dd298fea7a5be40f993d6e
tools-devteam	5d53a79839c6d9b7c1f13e8f5bd9f65d69d96a46	tools/correlation/cor.xml	cor2	dbe111640253f874c0f8b9f408497f1c883df541e51ff2c0593a20387723c9ae
tools-devteam	5d53a79839c6d9b7c1f13e8f5bd9f65d69d96a46	tools/count_gff_features/count_gff_features.xml	count_gff_features	ec06eb3b005c3a5bd7c10dfff5d4ffb0c1ad5c5e6805e2bc809d87c4d245fcbe
tools-devteam	5d53a79839c6d9b7c1f13e8f5bd9f65d69d96a46	tools/ctd_batch/ctd.xml	ctdBatch_1	77338ea252a7f982820f6da0c2e7d60896ac3d9e347f5e8375ddec2b1b27e279
tools-devteam	5d53a79839c6d9b7c1f13e8f5bd9f65d69d96a46	tools/cummerbund/cummeRbund.xml	cummeRbund	b3852c5d96bb76e60c2419514c83f2cc892c36132aafe1753cec157ce321066a
tools-devteam	5d53a79839c6d9b7c1f13e8f5bd9f65d69d96a46	tools/cummerbund_to_tabular/cummerbund_to_tabular.xml	cummerbund_to_cuffdiff	615dabd18f4e277e9ad36e025ac1558379add841a262037df654fec2027b8a41
tools-devteam	5d53a79839c6d9b7c1f13e8f5bd9f65d69d96a46	tools/cut_columns/cutWrapper.xml	Cut1	944a5a32e868b2beb1daf7f23d2b6e78365fc631a175b380de876608659fe5b5
tools-devteam	5d53a79839c6d9b7c1f13e8f5bd9f65d69d96a46	tools/delete_overlapping_indels/delete_overlapping_indels.xml	delete_overlapping_indels	14faec5d5e43db6e3febb6f67c758ff4e1d4215737ab72b0e7fcfceb5ae8f026
tools-devteam	5d53a79839c6d9b7c1f13e8f5bd9f65d69d96a46	tools/dgidb_annotator/dgidb_annotator.xml	dgidb_annotate	82d9f5cb5abb0a0a648d226061d27fc6eb567e25198d4705751766eccc8bacd1
tools-devteam	5d53a79839c6d9b7c1f13e8f5bd9f65d69d96a46	tools/divide_pg_snp/dividePgSnpAlleles.xml	dividePgSnp	39ed3dbb697fe1426d7fd4f7b3334b6b20e39bb8529ad900c70bcdb6c677f71a
tools-devteam	5d53a79839c6d9b7c1f13e8f5bd9f65d69d96a46	tools/draw_stacked_barplots/draw_stacked_barplots.xml	draw_stacked_barplots	38441447ed6235a9192142ea4b099cc374244884b38a3ea213aaf3a335fa07a5
tools-devteam	5d53a79839c6d9b7c1f13e8f5bd9f65d69d96a46	tools/dwt_cor_ava_perclass/execute_dwt_cor_aVa_perClass.xml	compute_p-values_correlation_coefficients_feature_occurrences_between_two_datasets_using_discrete_wavelet_transfom	ede0628131511a5e9c2cb80aeb35a9c56a34018486083411c2cb957afcb58647
tools-devteam	5d53a79839c6d9b7c1f13e8f5bd9f65d69d96a46	tools/dwt_cor_avb_all/execute_dwt_cor_aVb_all.xml	compute_p-values_correlation_coefficients_featureA_featureB_occurrences_between_two_datasets_using_discrete_wavelet_transfom	6d991f9aafa240a8941421a1f49a1feec169fd825bef207c36111908452dee4c
tools-devteam	5d53a79839c6d9b7c1f13e8f5bd9f65d69d96a46	tools/dwt_ivc_all/execute_dwt_IvC_all.xml	compute_p-values_second_moments_feature_occurrences_between_two_datasets_using_discrete_wavelet_transfom	ff0c3b0e06bed24e23f2fc0096396932b45a8ed06ad290e436007227366636ca
tools-devteam	5d53a79839c6d9b7c1f13e8f5bd9f65d69d96a46	tools/dwt_var_perclass/execute_dwt_var_perClass.xml	compute_p-values_max_variances_feature_occurrences_in_one_dataset_using_discrete_wavelet_transfom	5b5c69f12cc091b9e0772c9bfc6e1ae8f8a6a18d26a0978a282831b8db2c1aa6
tools-devteam	5d53a79839c6d9b7c1f13e8f5bd9f65d69d96a46	tools/dwt_var_perfeature/execute_dwt_var_perFeature.xml	dwt_var1	47c15b93a60aafe2d5033039f559f001100d82568be1c7fb38a4275d4f37fd8f
tools-devteam	5d53a79839c6d9b7c1f13e8f5bd9f65d69d96a46	tools/express/express_wrapper.xml	express	8aadda0a3af9b41187067e77b8f34639d22d86ce74a9fd9cc3d743745cd91f37
tools-devteam	5d53a79839c6d9b7c1f13e8f5bd9f65d69d96a46	tools/fasta_compute_length/fasta_compute_length.xml	fasta_compute_length	61b378ab9e145b7492082b628cab96dbb87d7171a43e9ed04580430a8079265f
tools-devteam	5d53a79839c6d9b7c1f13e8f5bd9f65d69d96a46	tools/fasta_concatenate_by_species/fasta_concatenate_by_species.xml	fasta_concatenate0	02fafef4d54281ab4d55b4bc4a04a445e00d629705108a20a5390c7b2f66a69a
tools-devteam	5d53a79839c6d9b7c1f13e8f5bd9f65d69d96a46	tools/fasta_filter_by_length/fasta_filter_by_length.xml	fasta_filter_by_length	a59136e29312f535fbc938dd2af2542bc9b061148643e526a43b4fc0c4cd76c3
tools-devteam	5d53a79839c6d9b7c1f13e8f5bd9f65d69d96a46	tools/fasta_to_tabular/fasta_to_tabular.xml	fasta2tab	3ec281c98e70b344ffd917930d4ad6e8d50e02f27a433364b51955ff656c4677
tools-devteam	5d53a79839c6d9b7c1f13e8f5bd9f65d69d96a46	tools/fastq_trimmer_by_quality/fastq_trimmer_by_quality.xml	fastq_quality_trimmer	a3bcf62facd51e6c223ca2a733fd1f8bbce10eac2f1ad25d5814479fbbfc5d4a
tools-devteam	5d53a79839c6d9b7c1f13e8f5bd9f65d69d96a46	tools/fastqsolexa_to_fasta_qual/fastqsolexa_to_fasta_qual.xml	fastqsolexa_to_fasta_qual	b87f331b8f25e611d0b7042a2ee242aa9d2936379d25d878a3c668a83e21247e
tools-devteam	5d53a79839c6d9b7c1f13e8f5bd9f65d69d96a46	tools/featurecounter/featureCounter.xml	featureCoverage1	229630965d6492c0b0b14c3e6c67e9c0a1e1c12d1e50aac177605607799e99b9
tools-devteam	5d53a79839c6d9b7c1f13e8f5bd9f65d69d96a46	tools/filter_transcripts_via_tracking/filter_transcripts_via_tracking.xml	filter_combined_via_tracking	fc16f45daf50a3caf32fdc1ecc11261a967a7e6dbeec35dd4893ce615100555e
tools-devteam	5d53a79839c6d9b7c1f13e8f5bd9f65d69d96a46	tools/generate_pc_lda_matrix/generate_matrix_for_pca_lda.xml	generate_matrix_for_pca_and_lda1	d353ff772ca3d8fadd4caab072e6b54599b397460412f65dc12d1c925fe78fb8
tools-devteam	5d53a79839c6d9b7c1f13e8f5bd9f65d69d96a46	tools/getindelrates_3way/getIndelRates_3way.xml	indelRates_3way	12500a3fd0daae3d01e78375e9b4d1ee3b84589310843eaf2e03013f9f0bec83
tools-devteam	5d53a79839c6d9b7c1f13e8f5bd9f65d69d96a46	tools/getindels_2way/getIndels_2way.xml	getIndels_2way	0f5914284a0b9b27cb97030027925c0166edc999ef85b609d1254c0dc4365b15
tools-devteam	5d53a79839c6d9b7c1f13e8f5bd9f65d69d96a46	tools/gmaj/GMAJ.xml	gmaj_1	266f38380c741f21f34be9ce5c116fc9719d354678ae0725921a200b746a66ea
tools-devteam	5d53a79839c6d9b7c1f13e8f5bd9f65d69d96a46	tools/hisat/hisat.xml	hisat	f3713d141ecd373ac384e2cc7441eb071c796ed7ee7054b0574080c431ab5a8a
tools-devteam	5d53a79839c6d9b7c1f13e8f5bd9f65d69d96a46	tools/histogram/histogram2.xml	histogram_rpy	20d35886618dddd2ea4dbeb243fdb1ab9dd41b0c8f53cb7cbb83351ea0ed43e5
tools-devteam	5d53a79839c6d9b7c1f13e8f5bd9f65d69d96a46	tools/indels_3way/getIndels_3way.xml	indels_3way	9974bba7c937041a6b95b197026d83f970e71268e0c703462020f73620a32855
tools-devteam	5d53a79839c6d9b7c1f13e8f5bd9f65d69d96a46	tools/kernel_canonical_correlation_analysis/kcca.xml	kcca1	d03a34532d3ec1a35ce6123a2c2d105e7b70c8841ff3738a3ca151e03485cf60
tools-devteam	5d53a79839c6d9b7c1f13e8f5bd9f65d69d96a46	tools/kernel_principal_component_analysis/kpca.xml	kpca1	9f9b715d35bb169121c741f1dbb8423cd30d48417ac3c4f6d3daca8760602de2
tools-devteam	5d53a79839c6d9b7c1f13e8f5bd9f65d69d96a46	tools/lastz_paired_reads/lastz_paired_reads_wrapper.xml	lastz_paired_reads_wrapper	70924ac4bee2bc71d523bfe9e8fc39416300ad09e741a0918f3136004a0376a7
tools-devteam	5d53a79839c6d9b7c1f13e8f5bd9f65d69d96a46	tools/lda_analysis/lda_analy.xml	lda_analy1	e3f7e7c593e7267c54386cc7a45a943c1401e5e61f3fd7fabefcdb3a7d7cf162
tools-devteam	5d53a79839c6d9b7c1f13e8f5bd9f65d69d96a46	tools/linear_regression/linear_regression.xml	LinearRegression1	f75cb8599abc954b298a62ef85ab302c4a25dc039184869112401a58956a07de
tools-devteam	5d53a79839c6d9b7c1f13e8f5bd9f65d69d96a46	tools/logistic_regression_vif/logistic_regression_vif.xml	LogisticRegression	1b1af4dfeb23f396e4f444182089118254bdfbcac6881b93f1e66e3052e2c52e
tools-devteam	5d53a79839c6d9b7c1f13e8f5bd9f65d69d96a46	tools/maf_cpg_filter/maf_cpg_filter.xml	cpgFilter	157164767a4a07801970eb4ab73121181e054a03c4780efb77831448429b41a5
tools-devteam	5d53a79839c6d9b7c1f13e8f5bd9f65d69d96a46	tools/mapping_to_ucsc/mapping_to_ucsc.xml	mapToUCSC	839bbe41b14e0be953c4eccf714bfe6e2cbfd5ddc8ff14570091dbf64474773f
tools-devteam	5d53a79839c6d9b7c1f13e8f5bd9f65d69d96a46	tools/megablast_xml_parser/megablast_xml_parser.xml	megablast_xml_parser	13fe7bc3a1415eb810838baa05e6a50eb2bc5fd1f23915f17ed6bcbf4dace83f
tools-devteam	5d53a79839c6d9b7c1f13e8f5bd9f65d69d96a46	tools/merge_cols/mergeCols.xml	mergeCols1	f9827e034eaabb3d414d23a4ca5a3aa03c025b1c11b89159fb7e1164ebd84d13
tools-devteam	5d53a79839c6d9b7c1f13e8f5bd9f65d69d96a46	tools/microsatellite_birthdeath/microsatellite_birthdeath.xml	microsatellite_birthdeath	0a749b3015facecd3be3f2ed8fa776ddf02e14744a731169776a010044525a8e
tools-devteam	5d53a79839c6d9b7c1f13e8f5bd9f65d69d96a46	tools/microsats_alignment_level/microsats_alignment_level.xml	microsats_align1	b5ac26982675d124db9be3534db374db69408f48b3b7e7883f2ba173886a65e6
tools-devteam	5d53a79839c6d9b7c1f13e8f5bd9f65d69d96a46	tools/microsats_mutability/microsats_mutability.xml	microsats_mutability1	1c71422f9d3c7dbd6230f629eb8acba7ddfc083c8e6f8d9f7ca3a30fe0c4cc33
tools-devteam	5d53a79839c6d9b7c1f13e8f5bd9f65d69d96a46	tools/mine/MINE.xml	maximal_information_based_nonparametric_exploration	2546187d194d833ec84629d278cb9ba497c9c59a53fc0104cb8dfb3993413ca6
tools-devteam	5d53a79839c6d9b7c1f13e8f5bd9f65d69d96a46	tools/multispecies_orthologous_microsats/multispecies_MicrosatDataGenerator_interrupted_GALAXY.xml	multispecies_orthologous_microsats	15c4c910942619da6e132f8fe037e9597ed55c80b99cc6be55b31bbbe200d8f4
tools-devteam	5d53a79839c6d9b7c1f13e8f5bd9f65d69d96a46	tools/mutate_snp_codon/mutate_snp_codon.xml	mutate_snp_codon_1	d486cc73a3e35b902acadeeff1b938f45f7dc614402250babfa694f7fcd67661
tools-devteam	5d53a79839c6d9b7c1f13e8f5bd9f65d69d96a46	tools/partialr_square/partialR_square.xml	partialRsq	673ec8b435e5ee679eb81d0dc367f002be496f2d4ca10424055935e924925a74
tools-devteam	5d53a79839c6d9b7c1f13e8f5bd9f65d69d96a46	tools/pearson_correlation/correlation.xml	Pearson_and_apos_Correlation1	2b5f369b5d94a049daa2cd6cbb961cf6d7335846d3bc953ba1b1ec545a678adc
tools-devteam	5d53a79839c6d9b7c1f13e8f5bd9f65d69d96a46	tools/pgsnp2gd_snp/pgSnp2gd_snp.xml	pgSnp2gd_snp	cae23b7d37f8a996cd6a40ad6f54a92dc802e310f528711a55052558973baf6f
tools-devteam	5d53a79839c6d9b7c1f13e8f5bd9f65d69d96a46	tools/pileup_interval/pileup_interval.xml	pileup_interval	bc0bee7648c8c1eda9c7eaab936db63d1b2537524ebe566af5454d77d7eaa9d2
tools-devteam	5d53a79839c6d9b7c1f13e8f5bd9f65d69d96a46	tools/pileup_parser/pileup_parser.xml	pileup_parser	11d98e073c398422f4fb0e593466cbcec85d1b9c3b8dd69d0c16d59b71c1a408
tools-devteam	5d53a79839c6d9b7c1f13e8f5bd9f65d69d96a46	tools/plot_from_lda/plot_from_lda.xml	plot_for_lda_output1	eabaf59cb4abaa7dccd65469a2d4e5b9474ded399847f7337bd490d56370cd66
tools-devteam	5d53a79839c6d9b7c1f13e8f5bd9f65d69d96a46	tools/principal_component_analysis/pca.xml	pca1	2dba2a65e9a812cb536997e94aa6d2ed7826db6d6776e2979b9c6d77bd073117
tools-devteam	5d53a79839c6d9b7c1f13e8f5bd9f65d69d96a46	tools/quality_filter/quality_filter.xml	qualityFilter	ebc5935fcf1399caa18e60bab19b1f34083eaf22cc96bfc0e8d8d1bba24a914a
tools-devteam	5d53a79839c6d9b7c1f13e8f5bd9f65d69d96a46	tools/rcve/rcve.xml	rcve1	fbb61a24e3aba7c26a0959f3c0dd2756fff15cbb9654f65387dac1fa21216c9d
tools-devteam	5d53a79839c6d9b7c1f13e8f5bd9f65d69d96a46	tools/remove_beginning/remove_beginning.xml	Remove beginning1	7e7b9f84fff367a31931c461641be0a57678f53d8ea2ce57d6ff3bca49368aa6
tools-devteam	5d53a79839c6d9b7c1f13e8f5bd9f65d69d96a46	tools/rmap/rmap_wrapper.xml	rmap_wrapper	3c861ca31ec9b33d811c85f91414270eb7f899e2d13b125a1108d1b800a6f70f
tools-devteam	5d53a79839c6d9b7c1f13e8f5bd9f65d69d96a46	tools/rmapq/rmapq_wrapper.xml	rmapq_wrapper	ec3c0993d6282b631cf18927870ef0224696b4d098bc02e74a681a0f9c409d67
tools-devteam	5d53a79839c6d9b7c1f13e8f5bd9f65d69d96a46	tools/sam2interval/sam2interval.xml	sam2interval	e5e318f850285b9fd0938a162dc2c7cd798221c628f051e263b279a1efadb48d
tools-devteam	5d53a79839c6d9b7c1f13e8f5bd9f65d69d96a46	tools/sam_bitwise_flag_filter/sam_bitwise_flag_filter.xml	sam_bw_filter	39abb85a542a61330d5693c83382e6a8f8127dae0a8df10afc95d904b9cb06e3
tools-devteam	5d53a79839c6d9b7c1f13e8f5bd9f65d69d96a46	tools/scatterplot/scatterplot.xml	scatterplot_rpy	ddf337ac7b30888194b60a362f69b0c5a6e75d3f93fdc06658f1e7da4cdbb35d
tools-devteam	5d53a79839c6d9b7c1f13e8f5bd9f65d69d96a46	tools/short_reads_figure_high_quality_length/short_reads_figure_high_quality_length.xml	hist_high_quality_score	8a4a703b77a4f0e55ec6395a45e2ab37fa523e36a00854e592a919156c64545c
tools-devteam	5d53a79839c6d9b7c1f13e8f5bd9f65d69d96a46	tools/short_reads_figure_score/short_reads_figure_score.xml	quality_score_distribution	635149d43967e14d9036d7afddde9d458b098acdfe9fe00983b705b7ed49d63c
tools-devteam	5d53a79839c6d9b7c1f13e8f5bd9f65d69d96a46	tools/short_reads_trim_seq/short_reads_trim_seq.xml	trim_reads	d31b2ef8a6f37eaa0283ab5c545a681a50c321caa49f364fa433067dd97df5b6
tools-devteam	5d53a79839c6d9b7c1f13e8f5bd9f65d69d96a46	tools/show_beginning/headWrapper.xml	Show beginning1	9916124759a9817cbaa375b74837baf7d86ced9144259aae45ce3e5b97658197
tools-devteam	5d53a79839c6d9b7c1f13e8f5bd9f65d69d96a46	tools/show_tail/tailWrapper.xml	Show tail1	9483a01dfd2ed8b542e96e47deb058aede0c613e4988c00196f59885ec330045
tools-devteam	5d53a79839c6d9b7c1f13e8f5bd9f65d69d96a46	tools/sicer/sicer_wrapper.xml	peakcalling_sicer	98f5afd8517a6d47c62e1ef5fb0dd68cac90adbd4c107a362337d3d383b40199
tools-devteam	5d53a79839c6d9b7c1f13e8f5bd9f65d69d96a46	tools/split_paired_reads/split_paired_reads.xml	split_paired_reads	67668118a48e0463e04e9bab9cdf49af255966dde515d6b879b53962a7a13c1f
tools-devteam	5d53a79839c6d9b7c1f13e8f5bd9f65d69d96a46	tools/substitution_rates/substitution_rates.xml	subRate1	020da31e48a49722c50636bd879be6f24dc50c8d9bc0ec94ca6cd99808c11ef6
tools-devteam	5d53a79839c6d9b7c1f13e8f5bd9f65d69d96a46	tools/substitutions/substitutions.xml	substitutions1	e77e6776caaf65632ac0937716511b9a6d0e6c67141a029fb3d5887dc8735668
tools-devteam	5d53a79839c6d9b7c1f13e8f5bd9f65d69d96a46	tools/t_test_two_samples/t_test_two_samples.xml	t_test_two_samples	3de8e6ff94c7362348cae89c84ba50781fb8a6276988e018459f23d7fdbb8333
tools-devteam	5d53a79839c6d9b7c1f13e8f5bd9f65d69d96a46	tools/table_annovar/table_annovar.xml	table_annovar	9e35661478df42c9fd7a75aa666b60e6605ffdaa7c2e637588455bcf67711b63
tools-devteam	5d53a79839c6d9b7c1f13e8f5bd9f65d69d96a46	tools/tabular_to_fasta/tabular_to_fasta.xml	tab2fasta	899ca258fa150ada1cd36307df862002504c0c97a4474dab371d4e7d96383268
tools-devteam	5d53a79839c6d9b7c1f13e8f5bd9f65d69d96a46	tools/tophat/tophat_wrapper.xml	tophat	bee4b48258b8d0166444edc87a45b1a78c553d89155db7ace536ae48eb3a9509
tools-devteam	5d53a79839c6d9b7c1f13e8f5bd9f65d69d96a46	tools/tophat2/tophat2_wrapper.xml	tophat2	69fc669397b78b837ca20c31923a6c367d9b8b744316cb71b15b118f15d90348
tools-devteam	5d53a79839c6d9b7c1f13e8f5bd9f65d69d96a46	tools/tophat_fusion_post/tophat_fusion_post.xml	tophat_fusion_post	c994043a64d6e6dcc2acbf56fe2907f4b332eef7893b389c23234d0f9d8d4f60
tools-devteam	5d53a79839c6d9b7c1f13e8f5bd9f65d69d96a46	tools/trimmer/trimmer.xml	trimmer	5bed4245267269841926cc396bfa3afdd8e09957c3dea4df8c1529481e9193fa
tools-devteam	5d53a79839c6d9b7c1f13e8f5bd9f65d69d96a46	tools/ucsc_custom_track/build_ucsc_custom_track.xml	build_ucsc_custom_track_1	70ee151fa296c14d67f14a48548f10e5f2f464abd6be9f7229e58ed14f8292bf
tools-devteam	5d53a79839c6d9b7c1f13e8f5bd9f65d69d96a46	tools/varscan_version_2/varscan_mpileup.xml	varscan	c599ad491697dd072b47db266faf38922f4042873d846feeabe45d69173ac058
tools-devteam	5d53a79839c6d9b7c1f13e8f5bd9f65d69d96a46	tools/vcf2pgsnp/vcf2pgSnp.xml	vcf2pgSnp	599f73cca201944dec22704dd735514581eb66e88b24beb8de97228b9213dbf5
tools-devteam	5d53a79839c6d9b7c1f13e8f5bd9f65d69d96a46	tools/vcf_annotate/annotate.xml	vcf_annotate	e8d07f06748f5ba73774284e81232cf8ea3e32bad5f03d470a0bd6d0fcd2906a
tools-devteam	5d53a79839c6d9b7c1f13e8f5bd9f65d69d96a46	tools/vcf_extract/extract.xml	vcf_extract	d6a939e7c569d68d77df6e38f1e9484f77cf57cf11c0bf273002c6436cb1bd79
tools-devteam	5d53a79839c6d9b7c1f13e8f5bd9f65d69d96a46	tools/vcf_filter/filter.xml	vcf_filter	967bc2fbb00180d5f81fbee20312ab388979bff132641266c7b11bfbe25524ca
tools-devteam	5d53a79839c6d9b7c1f13e8f5bd9f65d69d96a46	tools/vcf_intersect/intersect.xml	vcf_intersect	6ed1b1cceb73487e11bbe53faff711d8675fbae1037bcecb99c6819fd53bd35a
tools-devteam	5d53a79839c6d9b7c1f13e8f5bd9f65d69d96a46	tools/weightedaverage/WeightedAverage.xml	wtavg	5af1a5183fe6b16235a24e7e53b7c7934ded891ccb48b11b59729b94941f8697
tools-devteam	5d53a79839c6d9b7c1f13e8f5bd9f65d69d96a46	tools/windowsplitter/windowSplitter.xml	winSplitter	2e91ee2b3079538e9de799bdcf41e7175dcfc069bea2e45e31a669a841cae748
tools-devteam	5d53a79839c6d9b7c1f13e8f5bd9f65d69d96a46	tools/xy_plot/xy_plot.xml	XY_Plot_1	5405d09e5ed61ffa4951f3a9684397dee7ed1439ffb4a3386df3015bd131ec02
galaxy_blast	75b5762aa9699a0b3f97a67158111599a2cb6f59	data_managers/ncbi_blastdb/blastdb.xml	data_manager_blast_db	8e0571e714e4ab9dd5235ecc1ccb0bf6740f9d3e1df274b340ebc226f4c54ef2
galaxy_blast	75b5762aa9699a0b3f97a67158111599a2cb6f59	tools/blast2go/blast2go.xml	blast2go	d1e09c3883881e267f35e3e4afa9d3ebfbf13258c7aa2a250d37ce45c5fe97c2
galaxy_blast	75b5762aa9699a0b3f97a67158111599a2cb6f59	tools/blast_rbh/blast_rbh.xml	blast_reciprocal_best_hits	de3836f32dab313e28c69bf5d185bfaced455c3e71ec4fa38f80d0c6d9cd46f1
galaxy_blast	75b5762aa9699a0b3f97a67158111599a2cb6f59	tools/blastxml_to_top_descr/blastxml_to_top_descr.xml	blastxml_to_top_descr	68aa64a815a6ee2e457fdbf946417db89d8ff192f3e98291e85ca52b864f22df
galaxy_blast	75b5762aa9699a0b3f97a67158111599a2cb6f59	tools/make_nr/make_nr.xml	make_nr	550dbe008104b0d11b4ff6d38e228de9171020c33164a48ab79c671b18951913
galaxy_blast	75b5762aa9699a0b3f97a67158111599a2cb6f59	tools/ncbi_blast_plus/blastxml_to_tabular.xml	blastxml_to_tabular	a857ad076dcb415b2f08630cfc941a56c89d21528da5c2144a108cddf3932bc2
galaxy_blast	75b5762aa9699a0b3f97a67158111599a2cb6f59	tools/ncbi_blast_plus/get_species_taxids.xml	get_species_taxids	858c4ac1ec7a321bc092efc618ae66afdf441f06f31d8bcfdeb162702e91fc78
galaxy_blast	75b5762aa9699a0b3f97a67158111599a2cb6f59	tools/ncbi_blast_plus/ncbi_blastdbcmd_info.xml	ncbi_blastdbcmd_info	65b27969863dd54ba41bbc4bc1c7b15d169f720a0b08cd2d3ecabbca89acb3ef
galaxy_blast	75b5762aa9699a0b3f97a67158111599a2cb6f59	tools/ncbi_blast_plus/ncbi_blastdbcmd_wrapper.xml	ncbi_blastdbcmd_wrapper	2464e5a8a123f34a189eee36027bdcbb0eaf543d2397a7fb8555eea7fb3b5559
galaxy_blast	75b5762aa9699a0b3f97a67158111599a2cb6f59	tools/ncbi_blast_plus/ncbi_blastn_wrapper.xml	ncbi_blastn_wrapper	ec269a2f75243d04a10e22d774c623503d9226ba4e2d0834ff0dcd5868ee52fb
galaxy_blast	75b5762aa9699a0b3f97a67158111599a2cb6f59	tools/ncbi_blast_plus/ncbi_blastp_wrapper.xml	ncbi_blastp_wrapper	6ccd002113299b661fce0cfcf6abf0c9e76356e251902b2b343063e39fc4a704
galaxy_blast	75b5762aa9699a0b3f97a67158111599a2cb6f59	tools/ncbi_blast_plus/ncbi_blastx_wrapper.xml	ncbi_blastx_wrapper	615b5df31becaff6692120361471857e7299bee28a12f77a13c4e1b6e4d2dfdf
galaxy_blast	75b5762aa9699a0b3f97a67158111599a2cb6f59	tools/ncbi_blast_plus/ncbi_convert2blastmask_wrapper.xml	ncbi_convert2blastmask_wrapper	e1b4f9f41df8ac29ad4f0f287bb32d2053ee362c36092e57c2920ce160addd4f
galaxy_blast	75b5762aa9699a0b3f97a67158111599a2cb6f59	tools/ncbi_blast_plus/ncbi_deltablast_wrapper.xml	ncbi_deltablast_wrapper	f304d8a5c5a107d6aba3a31b36b8c5c57c1779e708dbac4c503257055d998d27
galaxy_blast	75b5762aa9699a0b3f97a67158111599a2cb6f59	tools/ncbi_blast_plus/ncbi_dustmasker_wrapper.xml	ncbi_dustmasker_wrapper	93d73fb3ba7dac713caae83338fddd36b817d854deda5a5474ca972ef7a92436
galaxy_blast	75b5762aa9699a0b3f97a67158111599a2cb6f59	tools/ncbi_blast_plus/ncbi_makeblastdb.xml	ncbi_makeblastdb	313ab5744b062d387796a2cea85ccf4e0534ee30b94c12692f9db0fcd5ef6549
galaxy_blast	75b5762aa9699a0b3f97a67158111599a2cb6f59	tools/ncbi_blast_plus/ncbi_makeprofiledb.xml	ncbi_makeprofiledb	a58aa3e8b1a11bc47b7a920cde8421938e59961136ca160ebfc4b4de116d7a24
galaxy_blast	75b5762aa9699a0b3f97a67158111599a2cb6f59	tools/ncbi_blast_plus/ncbi_psiblast_wrapper.xml	ncbi_psiblast_wrapper	bf9ed2156f42ddb9d6ee20f6356115ba23fb9883cfeaa80a431186355a82a023
galaxy_blast	75b5762aa9699a0b3f97a67158111599a2cb6f59	tools/ncbi_blast_plus/ncbi_rpsblast_wrapper.xml	ncbi_rpsblast_wrapper	b8a5363c742e78690b0350ecbefc1b9ecd631f3c3798de698b38043805ad9892
galaxy_blast	75b5762aa9699a0b3f97a67158111599a2cb6f59	tools/ncbi_blast_plus/ncbi_rpstblastn_wrapper.xml	ncbi_rpstblastn_wrapper	f683376a93b39db75dc327dbad38f7fe10bd826f8cff870be2a686402650867e
galaxy_blast	75b5762aa9699a0b3f97a67158111599a2cb6f59	tools/ncbi_blast_plus/ncbi_segmasker_wrapper.xml	ncbi_segmasker_wrapper	c92420e973c78241737088c6fae6bf9d709f2952048031be05f4e35ec499698a
galaxy_blast	75b5762aa9699a0b3f97a67158111599a2cb6f59	tools/ncbi_blast_plus/ncbi_tblastn_wrapper.xml	ncbi_tblastn_wrapper	d4bf4f04738629fa1f9a85a5827dc6545a701f57dbf79abb6d09536f2ec56f23
galaxy_blast	75b5762aa9699a0b3f97a67158111599a2cb6f59	tools/ncbi_blast_plus/ncbi_tblastx_wrapper.xml	ncbi_tblastx_wrapper	23268253f1474c46091ec60f83cfcacb33cb582982e7cd70a123657395d91035
galaxy_blast	75b5762aa9699a0b3f97a67158111599a2cb6f59	tools/reciprocal_best_hits/reciprocal_best_hits.xml	reciprocal_best_hits	755d3ecb4ec847068494c2ab6b6867a0e88dc5550cdcc3deba5981ccb7417962
pico_galaxy	40d417811a0d3435efb7ff640bf864208b7a15b5	tools/align_back_trans/align_back_trans.xml	align_back_trans	01249187be5ffef8e1ccddb1ff00b4785c048814edd5dcc218b53787c23c4736
pico_galaxy	40d417811a0d3435efb7ff640bf864208b7a15b5	tools/chromosome_diagram/chromosome_diagram.xml	chromosome_diagram	bf026a855272f4cbe7dd2ea8acc7df4834c963a029d4046c8896f65002c68101
pico_galaxy	40d417811a0d3435efb7ff640bf864208b7a15b5	tools/clc_assembly_cell/clc_assembler.xml	clc_assembler	d900d117dd43bbaf8b0e725813e9c9465b6a7b4d7fe014a8106f67509caec2bf
pico_galaxy	40d417811a0d3435efb7ff640bf864208b7a15b5	tools/clc_assembly_cell/clc_mapper.xml	clc_mapper	814ba2a5f4c4e145ffe69057b1e9c26a2af22c9048957f8fa41eb1ecab99fb50
pico_galaxy	40d417811a0d3435efb7ff640bf864208b7a15b5	tools/clinod/clinod.xml	clinod	c91aa2b9be6ad22420cba929825566213aacac530cabe54bd58a899cff93234a
pico_galaxy	40d417811a0d3435efb7ff640bf864208b7a15b5	tools/count_roi_variants/count_roi_variants.xml	count_roi_variants	e83cd0b1b8d0bd17124c1aa89ce4261a413cf47fee7702cfc32c49d64ed24c6d
pico_galaxy	40d417811a0d3435efb7ff640bf864208b7a15b5	tools/coverage_stats/coverage_stats.xml	coverage_stats	24da1f737dae3a2abd8151d9cbb9390ec4dd76ac7ed6f84b7ba66a6efea0e3d4
pico_galaxy	40d417811a0d3435efb7ff640bf864208b7a15b5	tools/effectiveT3/effectiveT3.xml	effectiveT3	86815921a634e7936447aa38f0d8333f659f0b20f6c0929bf950a11b44bee691
pico_galaxy	40d417811a0d3435efb7ff640bf864208b7a15b5	tools/fasta_filter_by_id/fasta_filter_by_id.xml	fasta_filter_by_id	cdc9d7545d340a183f683834287b37e211ba9614c524c1444b6d7957b2db7921
pico_galaxy	40d417811a0d3435efb7ff640bf864208b7a15b5	tools/fastq_filter_by_id/fastq_filter_by_id.xml	fastq_filter_by_id	5c2d994a94dd9e368ccd85855d5a6ea7ce8876c6bbeb6812987751d1817d5c99
pico_galaxy	40d417811a0d3435efb7ff640bf864208b7a15b5	tools/fastq_pair_names/fastq_pair_names.xml	fastq_pair_names	44db215e65d506de9202c44ba70335055c5ff7f3415dec3060884ea7eabc47f3
pico_galaxy	40d417811a0d3435efb7ff640bf864208b7a15b5	tools/fastq_paired_unpaired/fastq_paired_unpaired.xml	fastq_paired_unpaired	8c4d1bd17a4806effc87945ad56bb331292c692e3ceb1619a763e58486aa3bbe
pico_galaxy	40d417811a0d3435efb7ff640bf864208b7a15b5	tools/get_orfs_or_cdss/get_orfs_or_cdss.xml	get_orfs_or_cdss	354090189405b76c23a77818e3acf7cda22d1bf6425dcd083def6e2312b24de2
pico_galaxy	40d417811a0d3435efb7ff640bf864208b7a15b5	tools/interproscan/interproscan.xml	interproscan	b51af8d001188ba9b20156c3461bf9e8b21df763925fef3c1f312f1f62b66dcb
pico_galaxy	40d417811a0d3435efb7ff640bf864208b7a15b5	tools/mummer/mummer.xml	mummerplot_wrapper	40fdc8cf6226ff828376f40a7d906d97349a5b8d6d390b69aa9da0289487eec9
pico_galaxy	40d417811a0d3435efb7ff640bf864208b7a15b5	tools/nlstradamus/nlstradamus.xml	nlstradamus	e590e36391df10c24b2683c5eb99e355a8ba098b2e02889ddc3af48d422acbef
pico_galaxy	40d417811a0d3435efb7ff640bf864208b7a15b5	tools/predictnls/predictnls.xml	predictnls	b66a85e00ce2c21bb8fac0547b4d503d08777138015cb16f348ab537f9ad9396
pico_galaxy	40d417811a0d3435efb7ff640bf864208b7a15b5	tools/protein_analysis/promoter2.xml	promoter2	0551f3c752860168e00a109f233148b9a4ad77e029c2d3abf352304c3b0ca079
pico_galaxy	40d417811a0d3435efb7ff640bf864208b7a15b5	tools/protein_analysis/psortb.xml	Psortb	6eead9a7b3555e29f9b62a7ae7efaa6bd6326ae5e11b15c8ca133cdae192d48c
pico_galaxy	40d417811a0d3435efb7ff640bf864208b7a15b5	tools/protein_analysis/rxlr_motifs.xml	rxlr_motifs	e95d113aeb0c58c797413635d159a6f27a1a713f86ae9577f9a753bc5715a909
pico_galaxy	40d417811a0d3435efb7ff640bf864208b7a15b5	tools/protein_analysis/signalp3.xml	signalp3	e28c74ee4aa7bb29bd814c3f81577debb3b3ace0255df7a1569d97b9610a1ea2
pico_galaxy	40d417811a0d3435efb7ff640bf864208b7a15b5	tools/protein_analysis/tmhmm2.xml	tmhmm2	1a2f349254169b9864720dbf7edfcb500e001efe0d271432dd97440394ad030f
pico_galaxy	40d417811a0d3435efb7ff640bf864208b7a15b5	tools/protein_analysis/wolf_psort.xml	wolf_psort	9567f91bc085e62989388dfd1c00e15430007a1b33efe6c78d26dbc91cf9788b
pico_galaxy	40d417811a0d3435efb7ff640bf864208b7a15b5	tools/sample_seqs/sample_seqs.xml	sample_seqs	e14ade8125fd9f748a842c8254b4af7f06301c02056b8aa1d51da4b08b0e1534
pico_galaxy	40d417811a0d3435efb7ff640bf864208b7a15b5	tools/samtools_depad/samtools_depad.xml	samtools_depad	53b88181769f89dbd725cfdff57dba6bee85019a085b380e76bc6f0931ca447a
pico_galaxy	40d417811a0d3435efb7ff640bf864208b7a15b5	tools/samtools_depth/samtools_depth.xml	samtools_depth	60875b5b159ab3bfcef899dc8ecb06d7839aa990e221304aa00f27c01834ddc7
pico_galaxy	40d417811a0d3435efb7ff640bf864208b7a15b5	tools/samtools_idxstats/samtools_idxstats.xml	samtools_idxstats	ef43906a90fc92bb1e9e778bfab8266b19ff2b4a7904e2eaee1a5286b5392b4b
pico_galaxy	40d417811a0d3435efb7ff640bf864208b7a15b5	tools/seq_composition/seq_composition.xml	seq_composition	4cce1bfe5dd280babca93606699c60889ad4bcd508711b9eaba28e3fec73cb19
pico_galaxy	40d417811a0d3435efb7ff640bf864208b7a15b5	tools/seq_filter_by_id/seq_filter_by_id.xml	seq_filter_by_id	83beb89f61119bdcec6bbf9217a48e13e0904b21a87a7b2a0b879bded2b9bd08
pico_galaxy	40d417811a0d3435efb7ff640bf864208b7a15b5	tools/seq_filter_by_mapping/seq_filter_by_mapping.xml	seq_filter_by_mapping	822558e5489bf3773aa16fd58d4d76f3d795ca636172235e92d033215cf04db4
pico_galaxy	40d417811a0d3435efb7ff640bf864208b7a15b5	tools/seq_length/seq_length.xml	seq_length	bddce04e5e62e4183d65b5f6763bcee9d3eaef384b6369ec7f17c68188db410d
pico_galaxy	40d417811a0d3435efb7ff640bf864208b7a15b5	tools/seq_primer_clip/seq_primer_clip.xml	seq_primer_clip	c80440e6f4f88f7f02e5c5f5f2832415c7cad455ae3ce67374dbc06031c79380
pico_galaxy	40d417811a0d3435efb7ff640bf864208b7a15b5	tools/seq_rename/seq_rename.xml	seq_rename	e6063db8e343719e57f731d331c48584fe62f90c5a252041a308fac267e437b4
pico_galaxy	40d417811a0d3435efb7ff640bf864208b7a15b5	tools/seq_select_by_id/seq_select_by_id.xml	seq_select_by_id	5be14abd7bcb61b398d8a250407c2344dbc589994456347a875f61d68f155abf
pico_galaxy	40d417811a0d3435efb7ff640bf864208b7a15b5	tools/venn_list/venn_list.xml	venn_list	83fd66913325ff8f0baf541d79da0ae71d7e942a2e9116fbc975792867b87f94
galaxy_mira	3b9f7fa29e813d2d2581e0aee8c254c6fc7eb2c2	tools/mira3/mira.xml	mira_assembler	5c8af81337432f31a57fc158b5f1c914fc4af87c6ee888c19e489f304045479f
galaxy_mira	3b9f7fa29e813d2d2581e0aee8c254c6fc7eb2c2	tools/mira4_0/mira4_bait.xml	mira_4_0_bait	0d3220fb4a044f73815eaf990cade446bc8e250d03d2f544625f95574ca41f39
galaxy_mira	3b9f7fa29e813d2d2581e0aee8c254c6fc7eb2c2	tools/mira4_0/mira4_convert.xml	mira_4_0_convert	a2d23628a5528237207bbb14376cb5ef24d2fd5dd9f1272a7881228e982aa451
galaxy_mira	3b9f7fa29e813d2d2581e0aee8c254c6fc7eb2c2	tools/mira4_0/mira4_de_novo.xml	mira_4_0_de_novo	7e74fde7ed3dd9f037b47b44aedebc0f9c3de050109e13d2ce164d0ab51a568b
galaxy_mira	3b9f7fa29e813d2d2581e0aee8c254c6fc7eb2c2	tools/mira4_0/mira4_mapping.xml	mira_4_0_mapping	80376b6704b7be5ebc5799b86b0a2e7145c597084f0333819b62658e3909d0ab
galaxy_mira	3b9f7fa29e813d2d2581e0aee8c254c6fc7eb2c2	tools/mira4_9/mira_4_9_bait.xml	mira_4_9_bait	949df02d5c038940d548645a17034c4626a2575e54d9b5843fed362b3d1a1fa6
modENCODE-Galaxy	2b8f3e6d854db71dbdb679896aa71b4ab2b54fd8	modENCODE_DCC_tools/bamedit/bamedit.xml	BAM_Editor	a521d6d287cbf56cb130ad2aa12ea72a33dc2f7aa46fac1e43f4a61f44731483
modENCODE-Galaxy	2b8f3e6d854db71dbdb679896aa71b4ab2b54fd8	modENCODE_DCC_tools/faceted_browser/modENCODE_getData.xml	modENCODE_getData	a75453059700fd0bfa7893b6ec5cd98d9b48f8aee80de8f273cc1a71a850c3d8
modENCODE-Galaxy	2b8f3e6d854db71dbdb679896aa71b4ab2b54fd8	modENCODE_DCC_tools/idr/idrPlotDef.xml	batch_consistency_plot	5966ff5b2265fe822d3d1b9185bbfb57f8b643c80f3ebe9b97254f1f74fb85e9
modENCODE-Galaxy	2b8f3e6d854db71dbdb679896aa71b4ab2b54fd8	modENCODE_DCC_tools/idr/idrToolDef.xml	batch_consistency_analysis_2	0e1a08810e9bb3c7642f0fe312b05615167bccc71169bc9e7a9a5a46b383e7ed
modENCODE-Galaxy	2b8f3e6d854db71dbdb679896aa71b4ab2b54fd8	modENCODE_DCC_tools/macs/macs2npk.xml	macs2npk	c30d015a9f5d7503491b73c6999b3cfc3aea1bddbb728bacb310c32ffbb057d3
modENCODE-Galaxy	2b8f3e6d854db71dbdb679896aa71b4ab2b54fd8	modENCODE_DCC_tools/macs/macs_wrapper.xml	modencode_peakcalling_macs14	4351f235d303f419db31efeb491e75184670fdd5e860167b1581ffc783e7cd4b
modENCODE-Galaxy	2b8f3e6d854db71dbdb679896aa71b4ab2b54fd8	modENCODE_DCC_tools/macs2/macs2_wrapper.xml	modencode_peakcalling_macs2	4301068713fb1cdba874b18f86b0d08f23c6f2dc8495cb257ac58ff0a00f9602
modENCODE-Galaxy	2b8f3e6d854db71dbdb679896aa71b4ab2b54fd8	modENCODE_DCC_tools/peakranger/ranger_wrapper.xml	modencode_peakcalling_ranger	5b9239951ef06dd64b82a3fca689f6a80a368a72ac2b9396afc722755e5fdaa1
modENCODE-Galaxy	2b8f3e6d854db71dbdb679896aa71b4ab2b54fd8	modENCODE_DCC_tools/spp/spp_wrapper.xml	modencode_peakcalling_spp	af9114cd8f3fa49f5d5c38a5861cee676ab116eed87746161935264f20df815d
modENCODE-Galaxy	2b8f3e6d854db71dbdb679896aa71b4ab2b54fd8	toolshed/tools/bamedit/bamedit.xml	BAM_Editor	1b895ca196c1fbc3452fbe6faf44765adf6bd17ab278e673ead9112b1e02d529
modENCODE-Galaxy	2b8f3e6d854db71dbdb679896aa71b4ab2b54fd8	toolshed/tools/idr/idrPlotDef.xml	batch_consistency_plot	f539573b5b792f952bc47a9021b0ba0d67190a77881f2cbe858f828a4b6042fe
modENCODE-Galaxy	2b8f3e6d854db71dbdb679896aa71b4ab2b54fd8	toolshed/tools/idr/idrToolDef.xml	batch_consistency_analysis_2	7e52dcaf1693b74d92af444c3ad3a2444bbc853fba9c32764d88cd8d270d9d8a
modENCODE-Galaxy	2b8f3e6d854db71dbdb679896aa71b4ab2b54fd8	toolshed/tools/macs/macs2npk.xml	macs2npk	c30d015a9f5d7503491b73c6999b3cfc3aea1bddbb728bacb310c32ffbb057d3
modENCODE-Galaxy	2b8f3e6d854db71dbdb679896aa71b4ab2b54fd8	toolshed/tools/macs/macs_wrapper.xml	modencode_peakcalling_macs14	3003a50103cca31d4002b1fc89afa1378a0ed7904ac370a0097fa21f5e59d819
modENCODE-Galaxy	2b8f3e6d854db71dbdb679896aa71b4ab2b54fd8	toolshed/tools/macs2/macs2_bdgbroadcall.xml	macs2_bdgbroadcall	2402a047af825d6214f8865b0b2ed53143865d5591358442b3944aa4878deefe
modENCODE-Galaxy	2b8f3e6d854db71dbdb679896aa71b4ab2b54fd8	toolshed/tools/macs2/macs2_bdgcmp.xml	macs2_bdgcmp	617ba629c3187189724f7c925af6cbdc551db0b1fba3195704e96ae8d88c9bed
modENCODE-Galaxy	2b8f3e6d854db71dbdb679896aa71b4ab2b54fd8	toolshed/tools/macs2/macs2_bdgdiff.xml	macs2_bdgdiff	f9f6c4b4741555aa0c3fe8a66f6685e513ba5a4e612bae31f6273b16d19f4d4b
modENCODE-Galaxy	2b8f3e6d854db71dbdb679896aa71b4ab2b54fd8	toolshed/tools/macs2/macs2_bdgpeakcall.xml	macs2_bdgpeakcall	733e73b0be7e522ba1170521c084365e4a1a22a4c02e29349b72a0696908c4fd
modENCODE-Galaxy	2b8f3e6d854db71dbdb679896aa71b4ab2b54fd8	toolshed/tools/macs2/macs2_callpeak.xml	macs2_callpeak	9d8c3a71f26aea85e551a225790172ab4c6c45a836f61957b8437308ce40d73e
modENCODE-Galaxy	2b8f3e6d854db71dbdb679896aa71b4ab2b54fd8	toolshed/tools/macs2/macs2_filterdup.xml	macs2_filterdup	721eb5f61e9c0aa2e51424dd243cf6596f5924da12e57db66d478c11d5ca5db7
modENCODE-Galaxy	2b8f3e6d854db71dbdb679896aa71b4ab2b54fd8	toolshed/tools/macs2/macs2_predictd.xml	macs2_predictd	9d96c8baf73762870b5ce0a98138a7c816ba6a5ff52a6723bd8798424ed63408
modENCODE-Galaxy	2b8f3e6d854db71dbdb679896aa71b4ab2b54fd8	toolshed/tools/macs2/macs2_randsample.xml	macs2_randsample	4d8b92d8842adf325860d72b11ddbf8fe86c2cdfce10e85e7bac787418a6204d
modENCODE-Galaxy	2b8f3e6d854db71dbdb679896aa71b4ab2b54fd8	toolshed/tools/macs2/macs2_refinepeak.xml	macs2_refinepeak	0decf3ed956936d2b79dce3791c6b3008692580b708d75a6545d9e275132d512
modENCODE-Galaxy	2b8f3e6d854db71dbdb679896aa71b4ab2b54fd8	toolshed/tools/peakranger/ranger_wrapper.xml	modencode_peakcalling_ranger	da4a3cc8c3211dda9553b7d4a2422ba236c5b8acc2acb2042166686f9795c022
modENCODE-Galaxy	2b8f3e6d854db71dbdb679896aa71b4ab2b54fd8	toolshed/tools/spp/spp_wrapper.xml	modencode_peakcalling_spp	55639c379735f3c164daf613c09a0c5d04f5d760024b86de1a23dca9f55f3d83
tools-galaxyp	74bc7df880ad8aafa4dc04b01dca3f5fc9de3ca0	deprecated/msconvert_nix/msconvert_nix.xml	msconvert_nix	42b2423b8564b721df0654fbb69003a2457c489d5954c4e68177c7bc89171a80
tools-galaxyp	74bc7df880ad8aafa4dc04b01dca3f5fc9de3ca0	deprecated/msconvert_win/msconvert_win.xml	msconvert_win	cb14470c3a8dfeb3b7413146eb6ccd1b9c9f93d74d69a2a413f7c4dd717fbf9c
tools-galaxyp	74bc7df880ad8aafa4dc04b01dca3f5fc9de3ca0	deprecated/tools/dia_umpire/dia_umpire_quant.xml	dia_umpire_quant	be6680a0034735d5ed24d13bead9c45a0820f43c6cc170d2f49f78a5201d4705
tools-galaxyp	74bc7df880ad8aafa4dc04b01dca3f5fc9de3ca0	deprecated/tools/dia_umpire/dia_umpire_se.xml	dia_umpire_se	5d19253cde1f581c1b5fa488226bbc18c48a8b808dbb302aa94ab4970c49a40a
tools-galaxyp	74bc7df880ad8aafa4dc04b01dca3f5fc9de3ca0	tools/ThermoRawFileParser/thermo_converter.xml	thermo_raw_file_converter	4c73d406d72ed78658054480fb8ef5bd4d20e857be5d9fa4d70f41b864094740
tools-galaxyp	74bc7df880ad8aafa4dc04b01dca3f5fc9de3ca0	tools/appendfdr/append_fdr.xml	append_fdr	7a0794de3814c1a6d35e77e62a6dcc90e1ef30b539c0f3f986e59d4515992fbf
tools-galaxyp	74bc7df880ad8aafa4dc04b01dca3f5fc9de3ca0	tools/bed_to_protein_map/bed_to_protein_map.xml	bed_to_protein_map	90c31a51f6761365fc9fc33314248cce0a07007403a5a80f8e360adfa7c37ea4
tools-galaxyp	74bc7df880ad8aafa4dc04b01dca3f5fc9de3ca0	tools/blast_plus_remote_blastp/blast_plus_remote_blastp.xml	blast_plus_remote_blastp	c1a62cb0418659474c026b958a84ffc02a163dfbd6184ae6ff86253473d55a63
tools-galaxyp	74bc7df880ad8aafa4dc04b01dca3f5fc9de3ca0	tools/bumbershoot/idpQonvertEmbedder.xml	idpqonvertEmbedder	8825ad6b7c53c4447bc96d06deea0b12c06bd8318cd8747242ad1cc580842b18
tools-galaxyp	74bc7df880ad8aafa4dc04b01dca3f5fc9de3ca0	tools/bumbershoot/idpassemble.xml	idpassemble	b2108bbb1acf0f36475017a1b41f60ea8e57553085cba792ab9ad42b449b78bf
tools-galaxyp	74bc7df880ad8aafa4dc04b01dca3f5fc9de3ca0	tools/bumbershoot/idpqonvert.xml	idpqonvert	583f2e5ce2f2d199c96870a446e4f4ac0738ed2ecbc977a5f3c50d1d05459cfb
tools-galaxyp	74bc7df880ad8aafa4dc04b01dca3f5fc9de3ca0	tools/bumbershoot/idpquery.xml	idpquery	ae34a6bbe461d23484b6db09a877fe93fc0c289f3d490a6eeb17003cb836d73d
tools-galaxyp	74bc7df880ad8aafa4dc04b01dca3f5fc9de3ca0	tools/bumbershoot/myrimatch.xml	myrimatch	018b4c38f21eaf30ef2d686ab9928a3e078758d3d32b4f2d48f34ab55d66ce6b
tools-galaxyp	74bc7df880ad8aafa4dc04b01dca3f5fc9de3ca0	tools/calisp/calisp.xml	calisp	96313776b92fce6e073cc812ae6560cb6a18b3ca7b0512fa570e44bbeb43c3ca
tools-galaxyp	74bc7df880ad8aafa4dc04b01dca3f5fc9de3ca0	tools/cardinal/classification.xml	cardinal_classification	06bc7b76245ae275c3dd273f5a2c7beaf06e25871f72bec6084a64a3544776bc
tools-galaxyp	74bc7df880ad8aafa4dc04b01dca3f5fc9de3ca0	tools/cardinal/colocalization.xml	cardinal_colocalization	a52d8013ab7153404f36ea8c9fc88ed4f57aee2e2a686d2a0c0e0b879c2e1b27
tools-galaxyp	74bc7df880ad8aafa4dc04b01dca3f5fc9de3ca0	tools/cardinal/combine.xml	cardinal_combine	9f03013a55e51ff10f64670d6bbfe3cccb5e008cb9d2d6d2bfa1a39e57c51138
tools-galaxyp	74bc7df880ad8aafa4dc04b01dca3f5fc9de3ca0	tools/cardinal/data_exporter.xml	cardinal_data_exporter	c4877b4b63d539f7899661fb6363f35b7469807514f43fd6af3fafc56629d828
tools-galaxyp	74bc7df880ad8aafa4dc04b01dca3f5fc9de3ca0	tools/cardinal/filtering.xml	cardinal_filtering	9c761a99b8764fc9417871fea56b88492ef96084f5b80a76cbdbb765cb9121b8
tools-galaxyp	74bc7df880ad8aafa4dc04b01dca3f5fc9de3ca0	tools/cardinal/group_comparison.xml	cardinal_group_comparison	ebd51001872de6aab30b75c474a015d4bb39904b56cccd3d40005599275178b9
tools-galaxyp	74bc7df880ad8aafa4dc04b01dca3f5fc9de3ca0	tools/cardinal/mz_images.xml	cardinal_mz_images	f50f5b223c9a08c1540d27e3f60968543c9b76771298c24b1e9960ed0dd43951
tools-galaxyp	74bc7df880ad8aafa4dc04b01dca3f5fc9de3ca0	tools/cardinal/preprocessing.xml	cardinal_preprocessing	24be3e6f0f823e33bbcaca9858d9d7b57c12f21a4136c68ceecbc1df29d25c74
tools-galaxyp	74bc7df880ad8aafa4dc04b01dca3f5fc9de3ca0	tools/cardinal/quality_report.xml	cardinal_quality_report	5e912f09c88bdb08ab420932aeb84753a7524765e38adee28aab47b50771b515
tools-galaxyp	74bc7df880ad8aafa4dc04b01dca3f5fc9de3ca0	tools/cardinal/segmentation.xml	cardinal_segmentations	f071d72541f5b36fb11f89472fe6a47469aa6fed370164063ce4eb7a50cd958b
tools-galaxyp	74bc7df880ad8aafa4dc04b01dca3f5fc9de3ca0	tools/cardinal/spatial_DGMM.xml	cardinal_single_ion_segmentation	4895e4d2a3f9c350b16bf2e5e8699110f1905284bd474e587829befe7f745505
tools-galaxyp	74bc7df880ad8aafa4dc04b01dca3f5fc9de3ca0	tools/cardinal/spectra_plots.xml	cardinal_spectra_plots	0c9fe3f085c7002565731dcaeaacfdbd70f4780e418e55c7c6a351c00b6846bc
tools-galaxyp	74bc7df880ad8aafa4dc04b01dca3f5fc9de3ca0	tools/cravatool/cravat_submit.xml	cravat_submit	37c2ab9f94723dd96b53aab3b8174806afbe7bb63a122886fdb47928477f35f0
tools-galaxyp	74bc7df880ad8aafa4dc04b01dca3f5fc9de3ca0	tools/dbbuilder/dbbuilder.xml	dbbuilder	90ba625f65896bef6d732930660161d23a903043c002202ee213b13c794f917b
tools-galaxyp	74bc7df880ad8aafa4dc04b01dca3f5fc9de3ca0	tools/decoyfasta/tools/decoyfasta.xml	decoyfasta	142e86f303e97a236e8f00de8a98e793be0f720b1b08fc0c7cc99ac628ed6b28
tools-galaxyp	74bc7df880ad8aafa4dc04b01dca3f5fc9de3ca0	tools/dia_umpire/dia_umpire_se.xml	dia_umpire_se	54a13e2c22078b985fd94bdbc77e95eaef335da3f8f89b1ff4f597158def483f
tools-galaxyp	74bc7df880ad8aafa4dc04b01dca3f5fc9de3ca0	tools/dialignr/dialignr.xml	dialignr	ab666d11d524b5cf11906f3b6c9f64c349250c20a71806b9d2568c644ccdc71c
tools-galaxyp	74bc7df880ad8aafa4dc04b01dca3f5fc9de3ca0	tools/diann/diann.xml	diann	696ffc66f71dd217a0fda1a6d18596aa7826e5ac1028464e6aa8b55fa7eb67d4
tools-galaxyp	74bc7df880ad8aafa4dc04b01dca3f5fc9de3ca0	tools/diapysef/diapysef.xml	diapysef	5b0a52270f2b69bb5ee9f51a5b6272fe6d1fa9ed53c0b25b4c4dcb7fafef2d3d
tools-galaxyp	74bc7df880ad8aafa4dc04b01dca3f5fc9de3ca0	tools/diffacto/diffacto.xml	diffacto	597c912e09a549164137757af798aa54abbba4e602b3379ba4d59099de31d3b8
tools-galaxyp	74bc7df880ad8aafa4dc04b01dca3f5fc9de3ca0	tools/digestdb/digestdb.xml	digestdb	90f86995f4f4dcb54fc241718f3eb655299960af4e06341c27f20b947b4dafb4
tools-galaxyp	74bc7df880ad8aafa4dc04b01dca3f5fc9de3ca0	tools/directag_and_tagrecon/tools/directag_and_tagrecon.xml	directag_and_tagrecon	840da858ff0d6a47d138da4167076501f731dee31572ade341cbacde9f76d68d
tools-galaxyp	74bc7df880ad8aafa4dc04b01dca3f5fc9de3ca0	tools/eggnog_mapper/data_manager_eggnog_mapper/data_manager/data_manager_eggnog.xml	data_manager_eggnog	fa0ed51400baac4d35a930d5a4d36dedd8dec19bfd56da1c77e88d3efca576ad
tools-galaxyp	74bc7df880ad8aafa4dc04b01dca3f5fc9de3ca0	tools/eggnog_mapper/data_manager_eggnog_mapper_abspath/data_manager/data_manager_eggnog.xml	data_manager_eggnog_abspath	5de208002e387ee2c0ed1943199ebc2cf38c371871d3beb35090d0934f0e2527
tools-galaxyp	74bc7df880ad8aafa4dc04b01dca3f5fc9de3ca0	tools/eggnog_mapper/eggnog_mapper/eggnog_mapper.xml	eggnog_mapper	8b474252e5e603dbd99b4c57cc87dc95fc0a9bda35754d4b8d65f48b1b9b9af2
tools-galaxyp	74bc7df880ad8aafa4dc04b01dca3f5fc9de3ca0	tools/eggnog_mapper/eggnog_mapper/eggnog_mapper_annotate.xml	eggnog_mapper_annotate	42b27fbfb98c9b9348e582e18fe2b56bba7056bb5ee8cfffceec9fa285bf7e60
tools-galaxyp	74bc7df880ad8aafa4dc04b01dca3f5fc9de3ca0	tools/eggnog_mapper/eggnog_mapper/eggnog_mapper_search.xml	eggnog_mapper_search	316612fc42c4251bde6884e5e286ea201f2a4320da6521a9bb25c390611abc5a
tools-galaxyp	74bc7df880ad8aafa4dc04b01dca3f5fc9de3ca0	tools/encyclopedia/encyclopedia_encyclopedia.xml	encyclopedia_encyclopedia	c17210c19c4efd284745763336b24fd3d0f94e1eb25813f7d59d45ab079628d8
tools-galaxyp	74bc7df880ad8aafa4dc04b01dca3f5fc9de3ca0	tools/encyclopedia/encyclopedia_fasta_to_prosit_csv.xml	encyclopedia_fasta_to_prosit_csv	a199e467608152818d669e2ccf6096ef3c5e62dbc65a131cad677607ad993c2f
tools-galaxyp	74bc7df880ad8aafa4dc04b01dca3f5fc9de3ca0	tools/encyclopedia/encyclopedia_library_to_blib.xml	encyclopedia_library_to_blib	12940a7a4a4fb1984d21f7e7d6de343b1d9f05f389b5c3e53090859eaa292873
tools-galaxyp	74bc7df880ad8aafa4dc04b01dca3f5fc9de3ca0	tools/encyclopedia/encyclopedia_prosit_csv_to_library.xml	encyclopedia_prosit_csv_to_library	cc2924aa705e8228c2f19d604a1a51c4f31b0a15a73fe81532517c4548c5a950
tools-galaxyp	74bc7df880ad8aafa4dc04b01dca3f5fc9de3ca0	tools/encyclopedia/encyclopedia_quantify.xml	encyclopedia_quantify	d47ed50154c4eb813cae684b64357f7c3870d8ba4c8c7de1f7e7836b5ac16e58
tools-galaxyp	74bc7df880ad8aafa4dc04b01dca3f5fc9de3ca0	tools/encyclopedia/encyclopedia_searchtolib.xml	encyclopedia_searchtolib	3f2d4e259bf185c0f33857882bb2f333008fcf6ee458d2d26a74a6f456c336c3
tools-galaxyp	74bc7df880ad8aafa4dc04b01dca3f5fc9de3ca0	tools/encyclopedia/encyclopedia_walnut.xml	encyclopedia_walnut	c5f0ae14635d2f3becfaea78cda0c07e8964872458441fbca7fe9cf5208aef2d
tools-galaxyp	74bc7df880ad8aafa4dc04b01dca3f5fc9de3ca0	tools/fasta_merge_files_and_filter_unique_sequences/fasta_merge_files_and_filter_unique_sequences.xml	fasta_merge_files_and_filter_unique_sequences	78a8aa50cb3a936aa6e30a334ce57a794065b9cc4f868edcf4582db21ba26d4d
tools-galaxyp	74bc7df880ad8aafa4dc04b01dca3f5fc9de3ca0	tools/fastg2protlib/fastg2protlib-peptides.xml	fastg2protlib-peptides	3090fac99b2b68d0ae0129c53e885c77aae42283e3f067572c42b6e2f974aabf
tools-galaxyp	74bc7df880ad8aafa4dc04b01dca3f5fc9de3ca0	tools/fastg2protlib/fastg2protlib-validate.xml	fastg2protlib-validate	acb37a54acbbc68d22f0137d85e6f2f25af6b3bb1644d0c83bcbdded150fe664
tools-galaxyp	74bc7df880ad8aafa4dc04b01dca3f5fc9de3ca0	tools/feature_alignment/feature_alignment.xml	feature_alignment	f9fe5788e8a51509766b0ba27eb237e3ce1d8d6d47482903902a682b5bda6b92
tools-galaxyp	74bc7df880ad8aafa4dc04b01dca3f5fc9de3ca0	tools/filter_by_fasta_ids/filter_by_fasta_ids.xml	filter_by_fasta_ids	a729210b5726d4e8c8f8f56ad255a128afa6e6c55f65b3e97a25bd6f203fa6ce
tools-galaxyp	74bc7df880ad8aafa4dc04b01dca3f5fc9de3ca0	tools/flashlfq/flashlfq.xml	flashlfq	3f68f09ea4716e7f6bd12b38d33be414e7223a1cc4bf24c627e65373e3a4d986
tools-galaxyp	74bc7df880ad8aafa4dc04b01dca3f5fc9de3ca0	tools/fragpipe/fragpipe.xml	fragpipe	7868c1df5a6e1912c384b2a08df7850bc73119484e7e38e6550b70b24082b95c
tools-galaxyp	74bc7df880ad8aafa4dc04b01dca3f5fc9de3ca0	tools/fragpipe/fragpipe_manifest_generator.xml	fragpipe_manifest_generator	2ac8143e4ae43b4ae6474adc2a4ad4b5f6e80588f37dc6b58f9d0954d958f709
tools-galaxyp	74bc7df880ad8aafa4dc04b01dca3f5fc9de3ca0	tools/gffcompare_to_bed/gffcompare_to_bed.xml	gffcompare_to_bed	4a4d1fb0983f760b186b941d6d79c6cd877d26bf31e5fa3f54126f7c9f912b90
tools-galaxyp	74bc7df880ad8aafa4dc04b01dca3f5fc9de3ca0	tools/hardklor/hardklor.xml	hardklor	d36750bec3aa9a354ba461b84ac764c63d9699cf35e90451f795c6e66ea150d9
tools-galaxyp	74bc7df880ad8aafa4dc04b01dca3f5fc9de3ca0	tools/hardklor/kronik.xml	kronik	8d39a2dd4997ba67a7ac842322ec04422d6a7d537995e0d4c3fe078a38f34c0c
tools-galaxyp	74bc7df880ad8aafa4dc04b01dca3f5fc9de3ca0	tools/idconvert/idconvert.xml	idconvert	ec233c1b273db8cfa93956d30ec03d031f0f22965f9d87d64561ecb23a0ba7c2
tools-galaxyp	74bc7df880ad8aafa4dc04b01dca3f5fc9de3ca0	tools/iedb_netmhcpan/netmhciipan.xml	iedb_netmhciipan	8273c2cd15eecd4a1f150089e9e5f6eb207f0e25257c6fdea6a5ed3267c28970
tools-galaxyp	74bc7df880ad8aafa4dc04b01dca3f5fc9de3ca0	tools/iedb_netmhcpan/netmhcpan.xml	iedb_netmhcpan	a7e0cae69acd0f9e79eee806f1702c593df00584c479d57474a9392d97271ca2
tools-galaxyp	74bc7df880ad8aafa4dc04b01dca3f5fc9de3ca0	tools/lfq_protein_quant/lfq_protein_quant.xml	lfq_protein_quant	7a22a2c8007ead7a1148d8f23319dbbbe988f4e7864571650ce3df115c4a4826
tools-galaxyp	74bc7df880ad8aafa4dc04b01dca3f5fc9de3ca0	tools/ltq_iquant_cli/tools/ltq_iquant_cli.xml	ltq_iquant_cli	59268c3fe30c144868b53e74dded480258ee5edbfd7393db853708cf43109cdc
tools-galaxyp	74bc7df880ad8aafa4dc04b01dca3f5fc9de3ca0	tools/maldiquant/maldi_quant_peakdetection.xml	maldi_quant_peak_detection	62c4ac4f86a0bc84d33b639d1ba83e61e0f084f366bdc9e02cdb4d9f618b4354
tools-galaxyp	74bc7df880ad8aafa4dc04b01dca3f5fc9de3ca0	tools/maldiquant/maldi_quant_preprocessing.xml	maldi_quant_preprocessing	a0057a8d3a936e9e2eec1e96e968d6eeb3dc0ec76f641ec33bd36b582aa6af5f
tools-galaxyp	74bc7df880ad8aafa4dc04b01dca3f5fc9de3ca0	tools/map_peptides_to_bed/map_peptides_to_bed.xml	map_peptides_to_bed	36cdb1a3e4d9f36871b690c7624a5e4e72884f25ba36e08b16fe610255dced84
tools-galaxyp	74bc7df880ad8aafa4dc04b01dca3f5fc9de3ca0	tools/maxquant/maxquant.xml	maxquant	5a21be58308cf94e752c9f07496ea81e2f084a567fa3f7b6d510e3eb5d1315a6
tools-galaxyp	74bc7df880ad8aafa4dc04b01dca3f5fc9de3ca0	tools/maxquant/maxquant_mqpar.xml	maxquant_mqpar	63e9fe9c5308c462cc86d8dd9961435eac711943a4692b28338ee9d0b630adc0
tools-galaxyp	74bc7df880ad8aafa4dc04b01dca3f5fc9de3ca0	tools/meta_proteome_analyzer/meta_proteome_analyzer.xml	meta_proteome_analyzer	73b5274734184461fbd64085b5c9341d116507e7ffcbaed5236851e6c605c444
tools-galaxyp	74bc7df880ad8aafa4dc04b01dca3f5fc9de3ca0	tools/metagene_annotator/metagene_annotator.xml	metagene_annotator	05b28a443cbd64f8941316450c669da40aa7d5c8bee706d179d6e6d1b2e98afc
tools-galaxyp	74bc7df880ad8aafa4dc04b01dca3f5fc9de3ca0	tools/metanovo/metanovo.xml	metanovo	7d1727821d847ce9b9a39ad514416da22dfcd4b039e43f6e3adfaa3071c969c0
tools-galaxyp	74bc7df880ad8aafa4dc04b01dca3f5fc9de3ca0	tools/metaquantome/metaquantome_db.xml	metaquantome_db	ee8357b8c24eee2bce3192bcbdba56fdbd7760538bdf72cc1345a53ff527eb57
tools-galaxyp	74bc7df880ad8aafa4dc04b01dca3f5fc9de3ca0	tools/metaquantome/metaquantome_expand.xml	metaquantome_expand	22cb2512d7a17619cbbbde8edc6c90d9df76913e944769001ab01e449cfec309
tools-galaxyp	74bc7df880ad8aafa4dc04b01dca3f5fc9de3ca0	tools/metaquantome/metaquantome_filter.xml	metaquantome_filter	038b609375556de67852221746c167d9305583b2c90ce69ca13f5a3b6e10adb0
tools-galaxyp	74bc7df880ad8aafa4dc04b01dca3f5fc9de3ca0	tools/metaquantome/metaquantome_sample.xml	metaquantome_sample	91d0f1b631428177ac237a937965f3f9c0ef80548c581e3501a34f2ccc7ddfeb
tools-galaxyp	74bc7df880ad8aafa4dc04b01dca3f5fc9de3ca0	tools/metaquantome/metaquantome_stat.xml	metaquantome_stat	b9796054631b50e6ea88f1a594534fa586d17d9f009902b3157901e694257908
tools-galaxyp	74bc7df880ad8aafa4dc04b01dca3f5fc9de3ca0	tools/metaquantome/metaquantome_viz.xml	metaquantome_viz	0c9e0a5a14d71cdd247be8a66aabd6d7beac149672a7ad8d7d1f1fe7f76dbb45
tools-galaxyp	74bc7df880ad8aafa4dc04b01dca3f5fc9de3ca0	tools/mgf_formatter/mgf_formatter.xml	mgf_formatter	8d7360ff9ba40735bfb6174e9ff9bb7b06508bbb9979a324397ac406cad1edbf
tools-galaxyp	74bc7df880ad8aafa4dc04b01dca3f5fc9de3ca0	tools/moFF/moff.xml	proteomics_moff	38149947d7cfa6e521a61fd36df2ca8fc7fa6e7857f53aeb949acc17a560e6fc
tools-galaxyp	74bc7df880ad8aafa4dc04b01dca3f5fc9de3ca0	tools/morpheus/morpheus.xml	morpheus	07a6e3e470ec479a876a7b70fc3bbaa4c685e2b65eb19808b808583adcfcf80d
tools-galaxyp	74bc7df880ad8aafa4dc04b01dca3f5fc9de3ca0	tools/mqppep/mqppep_anova.xml	mqppep_anova	86e58be5d883083cae2f6b54642bd1f6051875ca0212f446be57e0620343945f
tools-galaxyp	74bc7df880ad8aafa4dc04b01dca3f5fc9de3ca0	tools/mqppep/mqppep_preproc.xml	mqppep_preproc	6a697d711d539be09fc5bdf5cc0614138c031aaae70fd4f6ad93967f63d1136d
tools-galaxyp	74bc7df880ad8aafa4dc04b01dca3f5fc9de3ca0	tools/ms_data_converter/ms_data_converter.xml	ms_data_converter	f13b8bf2c551abed0593b377f87ac27d903490e78286c0a18991c82615e66fd7
tools-galaxyp	74bc7df880ad8aafa4dc04b01dca3f5fc9de3ca0	tools/ms_wiff_loader/ms_wiff_loader.xml	ms_wiff_upload	82922b03c32b65cec3b819f6dfee5c077070ff795fac302945397e91d801a0a2
tools-galaxyp	74bc7df880ad8aafa4dc04b01dca3f5fc9de3ca0	tools/msconvert/msconvert.xml	msconvert	0a86b2d300983ba3ba5771756f285a8d8114bbd63a52f3803fe50fc9cb721359
tools-galaxyp	74bc7df880ad8aafa4dc04b01dca3f5fc9de3ca0	tools/msgfplus/msgfplus.xml	msgfplus	bbdf25fc85f2c10231da72e9c39d59c244d0a78c7789e1caddf0c1d40cb60ce5
tools-galaxyp	74bc7df880ad8aafa4dc04b01dca3f5fc9de3ca0	tools/msms_extractor/msms_extractor.xml	msms_extractor	54a3d818199732a4ee6047acba190c80f28fa1da3494abbbf62ed150c27874f8
tools-galaxyp	74bc7df880ad8aafa4dc04b01dca3f5fc9de3ca0	tools/msstats/msstats.xml	msstats	fb3fc26685e7317cff9eecb4428c7685d830adfe5fe5daa660010a8a5e336cc5
tools-galaxyp	74bc7df880ad8aafa4dc04b01dca3f5fc9de3ca0	tools/msstatstmt/msstatstmt.xml	msstatstmt	e320e1442fa4a19cafdd60ceadfe77514de72f26238ffea173472d75cf220ab6
tools-galaxyp	74bc7df880ad8aafa4dc04b01dca3f5fc9de3ca0	tools/mt2mq/MT2MQ.xml	mt2mq	b100a6108c88794d91d800b63dd504ad6648306217bf1fae70ecefff3ad41219
tools-galaxyp	74bc7df880ad8aafa4dc04b01dca3f5fc9de3ca0	tools/mz_to_sqlite/mz_to_sqlite.xml	mz_to_sqlite	4d3828061eb7ff87b445c04b19306ee9ee35a557bfae957ee25ebc30296ab217
tools-galaxyp	74bc7df880ad8aafa4dc04b01dca3f5fc9de3ca0	tools/openms/AccurateMassSearch.xml	AccurateMassSearch	383b5181743bbb1d10d9b7b5c01d9515a8ef2454cdbfa2683d7c9660205e80cb
tools-galaxyp	74bc7df880ad8aafa4dc04b01dca3f5fc9de3ca0	tools/openms/AssayGeneratorMetabo.xml	AssayGeneratorMetabo	7f61ea5802ce335ab6f9bc0e3ab40fe0c3e7da052eaa107b66fdf67bfbbcac75
tools-galaxyp	74bc7df880ad8aafa4dc04b01dca3f5fc9de3ca0	tools/openms/BaselineFilter.xml	BaselineFilter	9523f55f9c883dc7de7565a99f14daaff0735c948694e4e697f85f288a17e0c0
tools-galaxyp	74bc7df880ad8aafa4dc04b01dca3f5fc9de3ca0	tools/openms/CVInspector.xml	CVInspector	a851172b9a112acb7a3bcdb719961b1ca4eee5df625cf192c110739dc5d16eae
tools-galaxyp	74bc7df880ad8aafa4dc04b01dca3f5fc9de3ca0	tools/openms/ClusterMassTraces.xml	ClusterMassTraces	105c824e666c2a0c07eb4d3505ff847a9eaef6a78d448b03af876da875cb87e9
tools-galaxyp	74bc7df880ad8aafa4dc04b01dca3f5fc9de3ca0	tools/openms/ClusterMassTracesByPrecursor.xml	ClusterMassTracesByPrecursor	54f9760a057bdf6b995400b23c6bcedac3ed9cb6c71ac942b1a86deb8e014df2
tools-galaxyp	74bc7df880ad8aafa4dc04b01dca3f5fc9de3ca0	tools/openms/CometAdapter.xml	CometAdapter	e057371fff3bcfdd321ef891ade7505f990f7c194ac9a51b5fc8c76cfa205bbb
tools-galaxyp	74bc7df880ad8aafa4dc04b01dca3f5fc9de3ca0	tools/openms/ConsensusID.xml	ConsensusID	b314d78b7c0a61cd10a0687c363ec919dbf1779db38d9e2e3a4b0ce7ace560b1
tools-galaxyp	74bc7df880ad8aafa4dc04b01dca3f5fc9de3ca0	tools/openms/ConsensusMapNormalizer.xml	ConsensusMapNormalizer	db1c1c49341ca1dad63c96c1649e95e48588b5daf7ddab1f20eecd4f5c6e2fcb
tools-galaxyp	74bc7df880ad8aafa4dc04b01dca3f5fc9de3ca0	tools/openms/DTAExtractor.xml	DTAExtractor	10a8f457a54de5a9b02d62d420aa0c3e9b7b679050a0b1bcc0dba264335268f0
tools-galaxyp	74bc7df880ad8aafa4dc04b01dca3f5fc9de3ca0	tools/openms/DatabaseFilter.xml	DatabaseFilter	01237e2ac8125659c511c167033b42fec782237c7abe3f72b5f9b73af53a976c
tools-galaxyp	74bc7df880ad8aafa4dc04b01dca3f5fc9de3ca0	tools/openms/DatabaseSuitability.xml	DatabaseSuitability	589e2c8dba49db4a79d50948ae767aedf575354baddad66bfcb0afd56afbb2de
tools-galaxyp	74bc7df880ad8aafa4dc04b01dca3f5fc9de3ca0	tools/openms/DeMeanderize.xml	DeMeanderize	0a5b6d28a3af292e3fd48bcdb27f1a99a736a718cbb6da2abdbb931d5b2ae599
tools-galaxyp	74bc7df880ad8aafa4dc04b01dca3f5fc9de3ca0	tools/openms/DecoyDatabase.xml	DecoyDatabase	7c6321d2947573c131164478d7db41d8f25c2fe041899cdb82f0732cfeeffedf
tools-galaxyp	74bc7df880ad8aafa4dc04b01dca3f5fc9de3ca0	tools/openms/Digestor.xml	Digestor	b8aa73da07bda5f3ebbd3493f880c179e31c18cdcb18d5c5b545b1f400614d91
tools-galaxyp	74bc7df880ad8aafa4dc04b01dca3f5fc9de3ca0	tools/openms/DigestorMotif.xml	DigestorMotif	7e4dedde44590ea09d5365538272b4046b41ba0e04b49859998101a2663a129d
tools-galaxyp	74bc7df880ad8aafa4dc04b01dca3f5fc9de3ca0	tools/openms/EICExtractor.xml	EICExtractor	82074b64366c82483b7abc69605811c04ca7246dd680b81a6166c98bc74467a7
tools-galaxyp	74bc7df880ad8aafa4dc04b01dca3f5fc9de3ca0	tools/openms/ERPairFinder.xml	ERPairFinder	2e33999459cca7b63ea007988f362120bae833213cbc945f56f912ee14a0767e
tools-galaxyp	74bc7df880ad8aafa4dc04b01dca3f5fc9de3ca0	tools/openms/Epifany.xml	Epifany	8d19bfc3fca92123a04c2f83f7482932854b7a19d67b8b7997ebd8441de65d08
tools-galaxyp	74bc7df880ad8aafa4dc04b01dca3f5fc9de3ca0	tools/openms/ExternalCalibration.xml	ExternalCalibration	f4434e4a32ce8fdcab4e8b034f8d25b2dc629079a7507815bc148bab16fec5eb
tools-galaxyp	74bc7df880ad8aafa4dc04b01dca3f5fc9de3ca0	tools/openms/FalseDiscoveryRate.xml	FalseDiscoveryRate	810d4b1df0ab1d761f79c60538c3648f5bfd8e59fab14d1bc3cb5a60c803d7df
tools-galaxyp	74bc7df880ad8aafa4dc04b01dca3f5fc9de3ca0	tools/openms/FeatureFinderCentroided.xml	FeatureFinderCentroided	408440adafaa62f0a58ccf337c7f06537bf4db2456d8639e3984be828844808b
tools-galaxyp	74bc7df880ad8aafa4dc04b01dca3f5fc9de3ca0	tools/openms/FeatureFinderIdentification.xml	FeatureFinderIdentification	0854677d94e3228bd1a0c1b76f7757be75ac6a3060081bdc98f52759b2b860aa
tools-galaxyp	74bc7df880ad8aafa4dc04b01dca3f5fc9de3ca0	tools/openms/FeatureFinderIsotopeWavelet.xml	FeatureFinderIsotopeWavelet	53a2d553a1087d7821d043560e5d21b176ef946623c3df63af859be65dfead90
tools-galaxyp	74bc7df880ad8aafa4dc04b01dca3f5fc9de3ca0	tools/openms/FeatureFinderMRM.xml	FeatureFinderMRM	71696b8eb3e2bbfc3772631a6c06a27fff85e4f3b373e00791895d757dd8fc00
tools-galaxyp	74bc7df880ad8aafa4dc04b01dca3f5fc9de3ca0	tools/openms/FeatureFinderMetabo.xml	FeatureFinderMetabo	307ae960acadc0df9c0a09e17f91bd4b5362764a0aca3456933d4cebdf1a0b7e
tools-galaxyp	74bc7df880ad8aafa4dc04b01dca3f5fc9de3ca0	tools/openms/FeatureFinderMetaboIdent.xml	FeatureFinderMetaboIdent	8778291d4e054bd3ad85577761f4d5caf7327dfe682f6fa2b887e18a0380f1a8
tools-galaxyp	74bc7df880ad8aafa4dc04b01dca3f5fc9de3ca0	tools/openms/FeatureFinderMultiplex.xml	FeatureFinderMultiplex	3d5b04a43d6a69edf3c66bc7769efe4c6fd6d73f62d58c3e7aa1e707647b7d3c
tools-galaxyp	74bc7df880ad8aafa4dc04b01dca3f5fc9de3ca0	tools/openms/FeatureLinkerLabeled.xml	FeatureLinkerLabeled	cc156fb77a2aacf8b8e268771408121667d74f5d840be4353197fa66c94700e2
tools-galaxyp	74bc7df880ad8aafa4dc04b01dca3f5fc9de3ca0	tools/openms/FeatureLinkerUnlabeled.xml	FeatureLinkerUnlabeled	25039335f3deff967070e647a6d9fd5f2d0a754f521753e1463bb7f2d084f340
tools-galaxyp	74bc7df880ad8aafa4dc04b01dca3f5fc9de3ca0	tools/openms/FeatureLinkerUnlabeledKD.xml	FeatureLinkerUnlabeledKD	f036cf24c70f1c53d0fa547ecb211cb6cb30e77bf86dec67ed04cdded1572519
tools-galaxyp	74bc7df880ad8aafa4dc04b01dca3f5fc9de3ca0	tools/openms/FeatureLinkerUnlabeledQT.xml	FeatureLinkerUnlabeledQT	ae8b1cb06b86c9a7e945f3c69b16ec0ed6e16bf0c511c6938e1772d3b82ae9f4
tools-galaxyp	74bc7df880ad8aafa4dc04b01dca3f5fc9de3ca0	tools/openms/FileConverter.xml	FileConverter	74e3d7cb8a805f34f7b7826b5610a0e7ab60d5013a8f2f10d13414775cab910d
tools-galaxyp	74bc7df880ad8aafa4dc04b01dca3f5fc9de3ca0	tools/openms/FileFilter.xml	FileFilter	a541e2ab0cff13ea572bd5f001254ebd1ebf70fe1608aa46a1591d2cb773f80c
tools-galaxyp	74bc7df880ad8aafa4dc04b01dca3f5fc9de3ca0	tools/openms/FileInfo.xml	FileInfo	9f0109b4a8f9e6c2ec900b8d74fd41f424b9e35ecfbbe9ecd56bb4bc19f21452
tools-galaxyp	74bc7df880ad8aafa4dc04b01dca3f5fc9de3ca0	tools/openms/FileMerger.xml	FileMerger	4669796465b6b673b082544cad3aa29dd46bedf4d7a514272fcdeeadc2539d92
tools-galaxyp	74bc7df880ad8aafa4dc04b01dca3f5fc9de3ca0	tools/openms/FuzzyDiff.xml	FuzzyDiff	6a30f33fa10159bc493e963b4f820abbd684a303cf38fd1250e807fca5e05cc3
tools-galaxyp	74bc7df880ad8aafa4dc04b01dca3f5fc9de3ca0	tools/openms/GNPSExport.xml	GNPSExport	f107f924ad7400cc7da80d664a43e2efa724f4a2dfa1d2f732df6a5e7226a94a
tools-galaxyp	74bc7df880ad8aafa4dc04b01dca3f5fc9de3ca0	tools/openms/HighResPrecursorMassCorrector.xml	HighResPrecursorMassCorrector	89921312318a1ff2926e03f8ec084fdd71615d86bba6d81f91a21dd76e25a9af
tools-galaxyp	74bc7df880ad8aafa4dc04b01dca3f5fc9de3ca0	tools/openms/IDConflictResolver.xml	IDConflictResolver	75d65dc8612a0d42a99aa69e5480469d773f70c85643183c3b3af4bafdf2c41a
tools-galaxyp	74bc7df880ad8aafa4dc04b01dca3f5fc9de3ca0	tools/openms/IDExtractor.xml	IDExtractor	7d8f53c9469df0278ae7f0642d41cb2f901a4e9ec865c2351bc1ee2e817c1347
tools-galaxyp	74bc7df880ad8aafa4dc04b01dca3f5fc9de3ca0	tools/openms/IDFileConverter.xml	IDFileConverter	f75ab348cf0628c8f7dcb7390c995163e312567aecded216725ef3a309fd7f28
tools-galaxyp	74bc7df880ad8aafa4dc04b01dca3f5fc9de3ca0	tools/openms/IDFilter.xml	IDFilter	21e180ccab2c0b85bf3520b9761f413dc411f0ab8d6065e849198a5d94f11246
tools-galaxyp	74bc7df880ad8aafa4dc04b01dca3f5fc9de3ca0	tools/openms/IDMapper.xml	IDMapper	06c15f1d678fa01f0cf74a10abcdbcbc01a8b5d03fe8a09cd3e1ebb4544cebac
tools-galaxyp	74bc7df880ad8aafa4dc04b01dca3f5fc9de3ca0	tools/openms/IDMassAccuracy.xml	IDMassAccuracy	e13efe2d31419958bff5cd1329840041d1e15eddde7da8420a2c4231c9e1aacc
tools-galaxyp	74bc7df880ad8aafa4dc04b01dca3f5fc9de3ca0	tools/openms/IDMerger.xml	IDMerger	ef16dcc314976e91451ffa3fe5a89750de197d6a5ded347d4a4f7c5040ecb324
tools-galaxyp	74bc7df880ad8aafa4dc04b01dca3f5fc9de3ca0	tools/openms/IDPosteriorErrorProbability.xml	IDPosteriorErrorProbability	13f98eea580f4b71cb47366eba673aa7618c34c2a932c93be79890925e7154b1
tools-galaxyp	74bc7df880ad8aafa4dc04b01dca3f5fc9de3ca0	tools/openms/IDRTCalibration.xml	IDRTCalibration	fdab81830df88d138f3e99ad0e8b153e3b2742c2157738459312541599035140
tools-galaxyp	74bc7df880ad8aafa4dc04b01dca3f5fc9de3ca0	tools/openms/IDRipper.xml	IDRipper	d87fe2ceedd88a69d4e0267b3a1dbfd6a1db47a3fc20dc206ab071ba2dd16768
tools-galaxyp	74bc7df880ad8aafa4dc04b01dca3f5fc9de3ca0	tools/openms/IDScoreSwitcher.xml	IDScoreSwitcher	4c8ec1fd9d179fed3ea1b28ab677501730445a81a43219e384a1c01dbc9993e9
tools-galaxyp	74bc7df880ad8aafa4dc04b01dca3f5fc9de3ca0	tools/openms/IDSplitter.xml	IDSplitter	11ef54a2575f063a2685b39dfd74fca045a34f495e4fc4a256fc1357cd213af4
tools-galaxyp	74bc7df880ad8aafa4dc04b01dca3f5fc9de3ca0	tools/openms/InternalCalibration.xml	InternalCalibration	92e03bd94c5a99e45e1009f9cbe1fb87b3afd7b91499ab9cfb3c97779f227469
tools-galaxyp	74bc7df880ad8aafa4dc04b01dca3f5fc9de3ca0	tools/openms/IsobaricAnalyzer.xml	IsobaricAnalyzer	9d666916b4585a8100f016cafb3904d61c0b6acab3775c4d2cf228811128425d
tools-galaxyp	74bc7df880ad8aafa4dc04b01dca3f5fc9de3ca0	tools/openms/JSONExporter.xml	JSONExporter	6392f8b2ccc6f2a0462e68ff270435625fa40aedfb1a5ba6970f2fca1b0532f5
tools-galaxyp	74bc7df880ad8aafa4dc04b01dca3f5fc9de3ca0	tools/openms/LuciphorAdapter.xml	LuciphorAdapter	aa88eb8b5627183acb97c3ac9cde358d19a4b8bb0e83b0d9be456f884c2f7d06
tools-galaxyp	74bc7df880ad8aafa4dc04b01dca3f5fc9de3ca0	tools/openms/MRMMapper.xml	MRMMapper	ee7a7dd602da030d94d3756ce1c083d9dafa83a55cca65eaaa7543db906282c5
tools-galaxyp	74bc7df880ad8aafa4dc04b01dca3f5fc9de3ca0	tools/openms/MRMPairFinder.xml	MRMPairFinder	9e69855b022f3f92e045182ba04686a9f8d666b61712ec52aa7494d69af1a0dd
tools-galaxyp	74bc7df880ad8aafa4dc04b01dca3f5fc9de3ca0	tools/openms/MRMTransitionGroupPicker.xml	MRMTransitionGroupPicker	9caf9febd2719f9fe96ec33ca2ce74f9fa8b2afaa8c7f6f5edc766aee85c1bd6
tools-galaxyp	74bc7df880ad8aafa4dc04b01dca3f5fc9de3ca0	tools/openms/MSFraggerAdapter.xml	MSFraggerAdapter	37a6ea2a46905447336a28b43edfa360ff817e12b232c475beb1d12bf792fa5e
tools-galaxyp	74bc7df880ad8aafa4dc04b01dca3f5fc9de3ca0	tools/openms/MSGFPlusAdapter.xml	MSGFPlusAdapter	20fc7d6be7b55bf10702ea71f947c6b3885613eb058d10fe7dac8f44e041974b
tools-galaxyp	74bc7df880ad8aafa4dc04b01dca3f5fc9de3ca0	tools/openms/MSstatsConverter.xml	MSstatsConverter	2aa8e3162cc8232c946daa527bda2da86a9c487bfb8cba143dd76ffd68b3a049
tools-galaxyp	74bc7df880ad8aafa4dc04b01dca3f5fc9de3ca0	tools/openms/MapAlignerIdentification.xml	MapAlignerIdentification	551555a6ee4c0586c636b0c106d17f8359c6f3456087f4f45456afa11db1aa33
tools-galaxyp	74bc7df880ad8aafa4dc04b01dca3f5fc9de3ca0	tools/openms/MapAlignerPoseClustering.xml	MapAlignerPoseClustering	870ca0b4de74d473275bdfe9e298bedf8b665cc5f867141a4cd6b1631b63a79d
tools-galaxyp	74bc7df880ad8aafa4dc04b01dca3f5fc9de3ca0	tools/openms/MapAlignerSpectrum.xml	MapAlignerSpectrum	aec52c0d613febdcf40120b69a6f9d67821baecf5fb21d854eb325230918b848
tools-galaxyp	74bc7df880ad8aafa4dc04b01dca3f5fc9de3ca0	tools/openms/MapAlignerTreeGuided.xml	MapAlignerTreeGuided	2de92284d5ee3f9befe8fc494494b4f455a86bc831a85cbcd659bacc24bcc453
tools-galaxyp	74bc7df880ad8aafa4dc04b01dca3f5fc9de3ca0	tools/openms/MapNormalizer.xml	MapNormalizer	dcce2b5ffb79c4446f130004d72f6cdf2204443a4c6fee82a2444125b1093e51
tools-galaxyp	74bc7df880ad8aafa4dc04b01dca3f5fc9de3ca0	tools/openms/MapRTTransformer.xml	MapRTTransformer	61fe7975cbdb9ad8f01a7665d5ebec4ab8645cf3b5f5021d0dc77378f66cfac9
tools-galaxyp	74bc7df880ad8aafa4dc04b01dca3f5fc9de3ca0	tools/openms/MapStatistics.xml	MapStatistics	47f2f15e451bd75dea56f5476bdd747edba25f0e41c3b0b3cc599572c51a2184
tools-galaxyp	74bc7df880ad8aafa4dc04b01dca3f5fc9de3ca0	tools/openms/MascotAdapter.xml	MascotAdapter	11ad3fe9948d56f80b9252ff1ebfd4437e2ae689be3c362694dbd2eeceb4b1d2
tools-galaxyp	74bc7df880ad8aafa4dc04b01dca3f5fc9de3ca0	tools/openms/MascotAdapterOnline.xml	MascotAdapterOnline	5d1df49a7d6dc0df1db492dbde9d2b94cbf51ebc1440eda85ad93473f7ae1740
tools-galaxyp	74bc7df880ad8aafa4dc04b01dca3f5fc9de3ca0	tools/openms/MassCalculator.xml	MassCalculator	9f285845d3f8b360fda51985ecdea71528cb73d0f1bfa20c69fedd9dba73cd6f
tools-galaxyp	74bc7df880ad8aafa4dc04b01dca3f5fc9de3ca0	tools/openms/MassTraceExtractor.xml	MassTraceExtractor	0e8f261899bb243fa3132f0001dd57475948a4459192f434dd8065606e59215a
tools-galaxyp	74bc7df880ad8aafa4dc04b01dca3f5fc9de3ca0	tools/openms/MetaProSIP.xml	MetaProSIP	631600ace525047c60d18462afbea207d9e339346aab8defdded2ce864385fdb
tools-galaxyp	74bc7df880ad8aafa4dc04b01dca3f5fc9de3ca0	tools/openms/MetaboliteSpectralMatcher.xml	MetaboliteSpectralMatcher	f12f7658abbb438142a4811b59123c00bf90948481357b81d859083bb98e75bb
tools-galaxyp	74bc7df880ad8aafa4dc04b01dca3f5fc9de3ca0	tools/openms/MultiplexResolver.xml	MultiplexResolver	7797bf52c2a27cc36c576d5c69fa4d678fd6d1e3909828bcf158ade756e7da48
tools-galaxyp	74bc7df880ad8aafa4dc04b01dca3f5fc9de3ca0	tools/openms/MzMLSplitter.xml	MzMLSplitter	0e139b63aebd8eb796d8f053c6bf5c1b8b9690e3e04405ceab35f2e618787c4b
tools-galaxyp	74bc7df880ad8aafa4dc04b01dca3f5fc9de3ca0	tools/openms/MzTabExporter.xml	MzTabExporter	acd537f475c6dda72fd56c3521f62ec9ed0cdae2c2d3d4d4d8ba58dee9d0a3e9
tools-galaxyp	74bc7df880ad8aafa4dc04b01dca3f5fc9de3ca0	tools/openms/NoiseFilterGaussian.xml	NoiseFilterGaussian	ed22abae561ac0b36ec23ce4030adbc2a374397494806ca0ee90d869d5fb3fa6
tools-galaxyp	74bc7df880ad8aafa4dc04b01dca3f5fc9de3ca0	tools/openms/NoiseFilterSGolay.xml	NoiseFilterSGolay	f837afd5787531e016f13a1f9ff5cf26307fd26bce6bf3596d3493f16480e96d
tools-galaxyp	74bc7df880ad8aafa4dc04b01dca3f5fc9de3ca0	tools/openms/NovorAdapter.xml	NovorAdapter	cee011a992807fd319c4efb8a687108b41cd9d33b740eb1be0ed0ee58395ae01
tools-galaxyp	74bc7df880ad8aafa4dc04b01dca3f5fc9de3ca0	tools/openms/NucleicAcidSearchEngine.xml	NucleicAcidSearchEngine	c8dec8fb4882f7acb676ef0b41f8693f9c0e2677b66f39fe193d68a07eaef035
tools-galaxyp	74bc7df880ad8aafa4dc04b01dca3f5fc9de3ca0	tools/openms/OpenMSDatabasesInfo.xml	OpenMSDatabasesInfo	7a85962da368326ead1ef0dc84f9f4afe903f750e6685dcb1d9f4ba40baa7a48
tools-galaxyp	74bc7df880ad8aafa4dc04b01dca3f5fc9de3ca0	tools/openms/OpenMSInfo.xml	OpenMSInfo	edd153205148e5deba826874780c01f49c7219dca850af736bb1a8ec99fc7870
tools-galaxyp	74bc7df880ad8aafa4dc04b01dca3f5fc9de3ca0	tools/openms/OpenPepXL.xml	OpenPepXL	67705a57ea72e5ef510b73974344fe0a214a91aed2c64b463577d43fa1f0c432
tools-galaxyp	74bc7df880ad8aafa4dc04b01dca3f5fc9de3ca0	tools/openms/OpenPepXLLF.xml	OpenPepXLLF	3027d86741be42757c2b84665dc91b3ed2a0c85a21a6ccde20d621782b1ac600
tools-galaxyp	74bc7df880ad8aafa4dc04b01dca3f5fc9de3ca0	tools/openms/OpenSwathAnalyzer.xml	OpenSwathAnalyzer	2d20108d1d5ac682e4aa59cfce80446cd2861d26e856d082defa6388136a22ea
tools-galaxyp	74bc7df880ad8aafa4dc04b01dca3f5fc9de3ca0	tools/openms/OpenSwathAssayGenerator.xml	OpenSwathAssayGenerator	b22192f2651769bc907127c8c9a99b9c5259989c4fc2acc2814735025dbe0cdc
tools-galaxyp	74bc7df880ad8aafa4dc04b01dca3f5fc9de3ca0	tools/openms/OpenSwathChromatogramExtractor.xml	OpenSwathChromatogramExtractor	f7ab0f2b7c67dcd5ebf2f09026d5285cc61b2f527bd82e7dee4b8b6ee6c0e684
tools-galaxyp	74bc7df880ad8aafa4dc04b01dca3f5fc9de3ca0	tools/openms/OpenSwathConfidenceScoring.xml	OpenSwathConfidenceScoring	13861e51de8dfcd1a829ac0a3e22f3f074c27b258b3be83bb01abdf1febb572c
tools-galaxyp	74bc7df880ad8aafa4dc04b01dca3f5fc9de3ca0	tools/openms/OpenSwathDIAPreScoring.xml	OpenSwathDIAPreScoring	6348ad1683e032b8851bd9e09bf3325528cf9c761ba1a3b51668f93de96ef621
tools-galaxyp	74bc7df880ad8aafa4dc04b01dca3f5fc9de3ca0	tools/openms/OpenSwathDecoyGenerator.xml	OpenSwathDecoyGenerator	b9b1959c2318f20adec23f5f4eaf1bbeb884f1a7ca48e82fdab63f6456f6b60d
tools-galaxyp	74bc7df880ad8aafa4dc04b01dca3f5fc9de3ca0	tools/openms/OpenSwathFeatureXMLToTSV.xml	OpenSwathFeatureXMLToTSV	ad8a68268ee6e7d0018a937ef7db30f220269f290a45137c8e6c2b390b75e4b4
tools-galaxyp	74bc7df880ad8aafa4dc04b01dca3f5fc9de3ca0	tools/openms/OpenSwathFileSplitter.xml	OpenSwathFileSplitter	ceb1ec3f0bd2151b81fd23930fef9196d84431daec2f9219cb31c5b5c88669ed
tools-galaxyp	74bc7df880ad8aafa4dc04b01dca3f5fc9de3ca0	tools/openms/OpenSwathMzMLFileCacher.xml	OpenSwathMzMLFileCacher	fc2781c498d57fc3b8110c75e025944601fe8b0d4fc0a687e286a290b90b7ed9
tools-galaxyp	74bc7df880ad8aafa4dc04b01dca3f5fc9de3ca0	tools/openms/OpenSwathRTNormalizer.xml	OpenSwathRTNormalizer	d4c1e06023c9fa9b40783db55d99054bb6f9cf047f1c84fdfac0e07bef479e9e
tools-galaxyp	74bc7df880ad8aafa4dc04b01dca3f5fc9de3ca0	tools/openms/OpenSwathRewriteToFeatureXML.xml	OpenSwathRewriteToFeatureXML	9cbbcf77a2ffb549a95c686ab70f3477b9fc5ad373e16d7de70456f94e629e1b
tools-galaxyp	74bc7df880ad8aafa4dc04b01dca3f5fc9de3ca0	tools/openms/OpenSwathWorkflow.xml	OpenSwathWorkflow	6616b73b5fb07f72317fb1fb2d9ba224f0c6f6534410823b50ddcef612bcbca4
tools-galaxyp	74bc7df880ad8aafa4dc04b01dca3f5fc9de3ca0	tools/openms/PSMFeatureExtractor.xml	PSMFeatureExtractor	8565225f8a486910b05d5ef4236e60bac60280d021b0bb8ae7e3506d1fdd05f8
tools-galaxyp	74bc7df880ad8aafa4dc04b01dca3f5fc9de3ca0	tools/openms/PeakPickerHiRes.xml	PeakPickerHiRes	6cd35cf949b81322d50215509230bf73680e4ab7b19e1e583400ef7630b83451
tools-galaxyp	74bc7df880ad8aafa4dc04b01dca3f5fc9de3ca0	tools/openms/PeakPickerIterative.xml	PeakPickerIterative	5310907dcad626d2abfbd8f10d22c0cb098f09040fad3cffce5e866ac8022ec9
tools-galaxyp	74bc7df880ad8aafa4dc04b01dca3f5fc9de3ca0	tools/openms/PeakPickerWavelet.xml	PeakPickerWavelet	60e63cfd1e8c86682348565a00a6642b624be53369fb74deeaddb87259fe1484
tools-galaxyp	74bc7df880ad8aafa4dc04b01dca3f5fc9de3ca0	tools/openms/PeptideIndexer.xml	PeptideIndexer	bd0da8d9d3acf27690f1fb826b8fafd52cf77be3142d8cf0b430528bc4e4ab00
tools-galaxyp	74bc7df880ad8aafa4dc04b01dca3f5fc9de3ca0	tools/openms/PercolatorAdapter.xml	PercolatorAdapter	d974edabb918eb5e65cdd8077d9cdf965d1c8a745997a621de4391bfee7c9f74
tools-galaxyp	74bc7df880ad8aafa4dc04b01dca3f5fc9de3ca0	tools/openms/PhosphoScoring.xml	PhosphoScoring	b9cf97823b4b0ac8183859a6e37c49e14a238beb49687adb9f5990dd882e90b4
tools-galaxyp	74bc7df880ad8aafa4dc04b01dca3f5fc9de3ca0	tools/openms/PrecursorMassCorrector.xml	PrecursorMassCorrector	2bdba25932b705ac73396a373935acb7765f2131b2b8216a69cd9f4c601d3fa2
tools-galaxyp	74bc7df880ad8aafa4dc04b01dca3f5fc9de3ca0	tools/openms/ProteinInference.xml	ProteinInference	087bc0a552faa30b4fdeaabd0d03eb16a6b847d215851b466a3a4194484d3ecc
tools-galaxyp	74bc7df880ad8aafa4dc04b01dca3f5fc9de3ca0	tools/openms/ProteinQuantifier.xml	ProteinQuantifier	c0016eadbbcd1863e894ba7a7112aa0ae54be3b1b25beb4d046716b851702c53
tools-galaxyp	74bc7df880ad8aafa4dc04b01dca3f5fc9de3ca0	tools/openms/ProteinResolver.xml	ProteinResolver	b076168e6761058d3c10d2754b0ffe7dcfc72e24c877b3bcc93a0c559258ac92
tools-galaxyp	74bc7df880ad8aafa4dc04b01dca3f5fc9de3ca0	tools/openms/QCCalculator.xml	QCCalculator	02adab9a80848ad4cf94dbb0e9090c841b8812a7e0fd413be07317a80eeada3c
tools-galaxyp	74bc7df880ad8aafa4dc04b01dca3f5fc9de3ca0	tools/openms/QCEmbedder.xml	QCEmbedder	bf8f0abbfe07900e8c356f4a3e729fb3fe145450f3842f19069b5000f66295c0
tools-galaxyp	74bc7df880ad8aafa4dc04b01dca3f5fc9de3ca0	tools/openms/QCExporter.xml	QCExporter	9ca0b4f6996b53dc5975373ac7e02f2d8435415e1e369600a6c48e2413afb636
tools-galaxyp	74bc7df880ad8aafa4dc04b01dca3f5fc9de3ca0	tools/openms/QCExtractor.xml	QCExtractor	8a1e7fb49f940f31b111e8253784699d723cbb70bf83d53ccb74bfbbf58d4c2f
tools-galaxyp	74bc7df880ad8aafa4dc04b01dca3f5fc9de3ca0	tools/openms/QCImporter.xml	QCImporter	ec85aa376f87ec415daec066b7d143cefaf24d2f7013434757e8a726dbe97716
tools-galaxyp	74bc7df880ad8aafa4dc04b01dca3f5fc9de3ca0	tools/openms/QCMerger.xml	QCMerger	2d78d3f98cc07eb9b8a2ad2a86a52ba41ab62ad8be6669969c989d5587413f83
tools-galaxyp	74bc7df880ad8aafa4dc04b01dca3f5fc9de3ca0	tools/openms/QCShrinker.xml	QCShrinker	ef1e4916800e7e2dc6c94374c32d6cc9e89814bf5721c94079f22fd562897a72
tools-galaxyp	74bc7df880ad8aafa4dc04b01dca3f5fc9de3ca0	tools/openms/QualityControl.xml	QualityControl	961e4fafdc0ad02ff913ce45b0c1aab7107b32d841aa8d718da2d21a55ccff1c
tools-galaxyp	74bc7df880ad8aafa4dc04b01dca3f5fc9de3ca0	tools/openms/RNADigestor.xml	RNADigestor	ff0bd8a07cd6521b772de51f59fd4634a0628ff17cfae5497ae20de9b1a6e8df
tools-galaxyp	74bc7df880ad8aafa4dc04b01dca3f5fc9de3ca0	tools/openms/RNAMassCalculator.xml	RNAMassCalculator	5fcc16d8bb557082295b30bf7fa3526451578095c49c50eec65d7b0d32f1171d
tools-galaxyp	74bc7df880ad8aafa4dc04b01dca3f5fc9de3ca0	tools/openms/RNPxlSearch.xml	RNPxlSearch	eb7a61028902a363bf6621880fd774f135bcd68454400450395b304ccbe0c7ae
tools-galaxyp	74bc7df880ad8aafa4dc04b01dca3f5fc9de3ca0	tools/openms/RNPxlXICFilter.xml	RNPxlXICFilter	7ee7973725404656d12473d81ef62c2c507f19a7790a7a792e073641f97dfb70
tools-galaxyp	74bc7df880ad8aafa4dc04b01dca3f5fc9de3ca0	tools/openms/SageAdapter.xml	SageAdapter	77fc9d78f5f666ad0b3602c5ee9c663d9f5aa12201fa5292f8b3cdfa9dfa62f6
tools-galaxyp	74bc7df880ad8aafa4dc04b01dca3f5fc9de3ca0	tools/openms/SeedListGenerator.xml	SeedListGenerator	541cb1328dafb81151357bee1d72ce6a952e0fa042fce9b8957a535cc55e47f8
tools-galaxyp	74bc7df880ad8aafa4dc04b01dca3f5fc9de3ca0	tools/openms/SemanticValidator.xml	SemanticValidator	b163f2da2ac6c4cd6c365e2395008358ad7a7b785a9353cc4ae2bad4bbabd73a
tools-galaxyp	74bc7df880ad8aafa4dc04b01dca3f5fc9de3ca0	tools/openms/SequenceCoverageCalculator.xml	SequenceCoverageCalculator	7ffe63acfd05954169de9cc47ab4ca3ff681cef7e28ba5f339f8e358371b294d
tools-galaxyp	74bc7df880ad8aafa4dc04b01dca3f5fc9de3ca0	tools/openms/SimpleSearchEngine.xml	SimpleSearchEngine	aa2a8fd32efdcfc932324be0b1d854c506c9502ea71a45ec16d3241b82809202
tools-galaxyp	74bc7df880ad8aafa4dc04b01dca3f5fc9de3ca0	tools/openms/SiriusAdapter.xml	SiriusAdapter	bfbbf9c6581f6d425cf0865c47358a562ddfc8829eb3c3147e1c3812c1113e12
tools-galaxyp	74bc7df880ad8aafa4dc04b01dca3f5fc9de3ca0	tools/openms/SpecLibCreator.xml	SpecLibCreator	b1717b757ce94b652a3945e7d167248b2027e5633f729e9ff43cbaead76848b5
tools-galaxyp	74bc7df880ad8aafa4dc04b01dca3f5fc9de3ca0	tools/openms/SpecLibSearcher.xml	SpecLibSearcher	915bec48398776ff57496b15d886b0aa343f7ef3b839a84a6d758ebd15c6316b
tools-galaxyp	74bc7df880ad8aafa4dc04b01dca3f5fc9de3ca0	tools/openms/SpectraFilterBernNorm.xml	SpectraFilterBernNorm	fdcf9434141c0657b69a5c90f9da320bc79083415a6f885bc56b68cab51682bd
tools-galaxyp	74bc7df880ad8aafa4dc04b01dca3f5fc9de3ca0	tools/openms/SpectraFilterMarkerMower.xml	SpectraFilterMarkerMower	ceca07a62d1c0a4f9b039fca172a23f1c0ff966ca3251c83fd1716043663f107
tools-galaxyp	74bc7df880ad8aafa4dc04b01dca3f5fc9de3ca0	tools/openms/SpectraFilterNLargest.xml	SpectraFilterNLargest	da290b726c094421c7a6ecd789305624686b1abd040389f346c06cb86567256d
tools-galaxyp	74bc7df880ad8aafa4dc04b01dca3f5fc9de3ca0	tools/openms/SpectraFilterNormalizer.xml	SpectraFilterNormalizer	888e14de107959b6557bd139c50e0ffefb6ad27537cb9d2b462f53ee4ace3a9e
tools-galaxyp	74bc7df880ad8aafa4dc04b01dca3f5fc9de3ca0	tools/openms/SpectraFilterParentPeakMower.xml	SpectraFilterParentPeakMower	a65b64a9a7442839e502c345c70edadfc7a218fd858e76e643c51b5d1611196c
tools-galaxyp	74bc7df880ad8aafa4dc04b01dca3f5fc9de3ca0	tools/openms/SpectraFilterScaler.xml	SpectraFilterScaler	a85a6acba38a58dad18ae10280f987923a2384aa3e07f4f2f7b3ca3442125f6c
tools-galaxyp	74bc7df880ad8aafa4dc04b01dca3f5fc9de3ca0	tools/openms/SpectraFilterSqrtMower.xml	SpectraFilterSqrtMower	e2f1d8213364aa3f576dc2c1835a4dada62da7e3170932a0cbef012fd5d605d1
tools-galaxyp	74bc7df880ad8aafa4dc04b01dca3f5fc9de3ca0	tools/openms/SpectraFilterThresholdMower.xml	SpectraFilterThresholdMower	f5aee116689c3b91545225e31c4325b668d06332af6f4c3bba5b7b42c0df1973
tools-galaxyp	74bc7df880ad8aafa4dc04b01dca3f5fc9de3ca0	tools/openms/SpectraFilterWindowMower.xml	SpectraFilterWindowMower	d6aa6f602a209087136bad32465351b13ed07be6146f247af0217f8eeb45c11b
tools-galaxyp	74bc7df880ad8aafa4dc04b01dca3f5fc9de3ca0	tools/openms/SpectraMerger.xml	SpectraMerger	20a5d9bcfaa93d43a95c48c8ab37c0905efe52dc2531813ee16e310f6bd9ea86
tools-galaxyp	74bc7df880ad8aafa4dc04b01dca3f5fc9de3ca0	tools/openms/SpectraSTSearchAdapter.xml	SpectraSTSearchAdapter	c055e60d48fef78ad3c67232cda1a0e101d9797dd7931f80027d9935b898f149
tools-galaxyp	74bc7df880ad8aafa4dc04b01dca3f5fc9de3ca0	tools/openms/StaticModification.xml	StaticModification	221a5987c82a4f37b578520189b0da875133c55a15abc6a15f207e0675828999
tools-galaxyp	74bc7df880ad8aafa4dc04b01dca3f5fc9de3ca0	tools/openms/TICCalculator.xml	TICCalculator	f3a116aa0759f290c84d00e6a761dc885520cb08f9a5d95cd49fc3b753e2fd9f
tools-galaxyp	74bc7df880ad8aafa4dc04b01dca3f5fc9de3ca0	tools/openms/TOFCalibration.xml	TOFCalibration	90531dc9e1d69f51f5e593fb3a86a3649913084a35736a8a672d24013f92df7a
tools-galaxyp	74bc7df880ad8aafa4dc04b01dca3f5fc9de3ca0	tools/openms/TargetedFileConverter.xml	TargetedFileConverter	680e98eb68a6044e3d663356834eb5358b5887258546b1cf9cebe1356ea38795
tools-galaxyp	74bc7df880ad8aafa4dc04b01dca3f5fc9de3ca0	tools/openms/TextExporter.xml	TextExporter	fcc857500bcd81b20e4ba45c30d4ed5eb0d0e2e77f7b2a7daeab038a25b8d6ce
tools-galaxyp	74bc7df880ad8aafa4dc04b01dca3f5fc9de3ca0	tools/openms/TriqlerConverter.xml	TriqlerConverter	c959d0ea6ddbc15d5cae42114f9f23f46bc362717d9156e40059db87300c1c4f
tools-galaxyp	74bc7df880ad8aafa4dc04b01dca3f5fc9de3ca0	tools/openms/XFDR.xml	XFDR	dd91192c47dc2516e89a7d5b0463336279f2553d2db06bbb04718b38a88da6ec
tools-galaxyp	74bc7df880ad8aafa4dc04b01dca3f5fc9de3ca0	tools/openms/XMLValidator.xml	XMLValidator	c10cbc8e0f787102ae18529bc9ce750c708e4468abfa66564f91c248da930037
tools-galaxyp	74bc7df880ad8aafa4dc04b01dca3f5fc9de3ca0	tools/openms/XTandemAdapter.xml	XTandemAdapter	823d6e230689c9bd0b2a3bfe4e7e1425d552a9a683fa9e5f3137655928837085
tools-galaxyp	74bc7df880ad8aafa4dc04b01dca3f5fc9de3ca0	tools/pathwaymatcher/pathwaymatcher.xml	reactome_pathwaymatcher	bb1b241a314aebaca7dc9e9b6042820c4a59df0ff1d4d948bc650e5410cf9e12
tools-galaxyp	74bc7df880ad8aafa4dc04b01dca3f5fc9de3ca0	tools/pep_pointer/pep_pointer.xml	pep_pointer	2975533fe4bdad70ac16e7f94b5e47c0fc7d8c63495dbc42fbc96a386cbbf6ed
tools-galaxyp	74bc7df880ad8aafa4dc04b01dca3f5fc9de3ca0	tools/pepquery/pepquery.xml	pepquery	d4e26c8c9bbab1f9481fd6409b7a2c9373481d782cc8fdcd57d8657d07b92b5d
tools-galaxyp	74bc7df880ad8aafa4dc04b01dca3f5fc9de3ca0	tools/pepquery2/pepquery2.xml	pepquery2	d63195a67a62a9d5be2fd44f362afaedf6e618c532cfc9988b01342bfd31c565
tools-galaxyp	74bc7df880ad8aafa4dc04b01dca3f5fc9de3ca0	tools/pepquery2/pepquery2_index.xml	pepquery2_index	64ab4c458113c00fcbdb28b8f1872510b923f9d2ae18ea7df9a92f2ffa8d7e17
tools-galaxyp	74bc7df880ad8aafa4dc04b01dca3f5fc9de3ca0	tools/pepquery2/pepquery2_show_sets.xml	pepquery2_show_sets	0de572e9bfb5ed159cecef2a78fe344e07dc78e98a68ed9ff82e1e1e7a3bf1d7
tools-galaxyp	74bc7df880ad8aafa4dc04b01dca3f5fc9de3ca0	tools/peptide_genomic_coordinate/peptide_genomic_coordinate.xml	peptide_genomic_coordinate	02f6a14e674795e52ac319c9d0374d9556c70aecce6db53236488655a23d622a
tools-galaxyp	74bc7df880ad8aafa4dc04b01dca3f5fc9de3ca0	tools/peptideshaker/fasta_cli.xml	fasta_cli	3012607a286d05a50ace610d70809fa8c6368a1d88c3f5cfd08274dfd8053f03
tools-galaxyp	74bc7df880ad8aafa4dc04b01dca3f5fc9de3ca0	tools/peptideshaker/ident_params.xml	ident_params	5f831121ac872ed5d6c7fe27b91d04e3444b7c635b19fb757678a123ba63dfa0
tools-galaxyp	74bc7df880ad8aafa4dc04b01dca3f5fc9de3ca0	tools/peptideshaker/peptide_shaker.xml	peptide_shaker	3b47b444c1b4bec13460167aa68327c1982315bc043e837353bd49830be71438
tools-galaxyp	74bc7df880ad8aafa4dc04b01dca3f5fc9de3ca0	tools/peptideshaker/searchgui.xml	search_gui	92fe29f3b96ffad9f02c421c91168b1e032ef024f9b95855e276a723337941a4
tools-galaxyp	74bc7df880ad8aafa4dc04b01dca3f5fc9de3ca0	tools/pepxml_to_xls/tools/pepxml_to_xls.xml	pepxml_to_xls	ee4fa72423d9c3c24e9a13d6d8e7ecb0e9457c520b5437eb339c9342f9800f54
tools-galaxyp	74bc7df880ad8aafa4dc04b01dca3f5fc9de3ca0	tools/percolator/nested_collection.xml	batched_set_list_creator	0ffdee268ae2fafff3d56732f3b9d8e707daabd42c9338fc490b2612712232a9
tools-galaxyp	74bc7df880ad8aafa4dc04b01dca3f5fc9de3ca0	tools/percolator/percolator.xml	percolator	e658f1871a5d2c76f2fdc9a5cd761c780cdd6fc2a7eab532a866a4f6249b3286
tools-galaxyp	74bc7df880ad8aafa4dc04b01dca3f5fc9de3ca0	tools/percolator/percolator_converters.xml	percolator_input_converters	f2b28e4f662ae93eef85a6146f1183ace6ad8e63f54e6faf2dda4eaf38fd039e
tools-galaxyp	74bc7df880ad8aafa4dc04b01dca3f5fc9de3ca0	tools/percolator/pout2mzid.xml	pout2mzid	f33059713b2560c2353b4a2685975b77d1d6f9d2240b9fd5d33534e8505c3646
tools-galaxyp	74bc7df880ad8aafa4dc04b01dca3f5fc9de3ca0	tools/pi_db_tools/delta_pi_calc.xml	calc_delta_pi	a738f97d1ea588edf17cfe44d864d0586e2d9c57046aa6759f6ae583364ef582
tools-galaxyp	74bc7df880ad8aafa4dc04b01dca3f5fc9de3ca0	tools/pi_db_tools/pi_db_split.xml	pi_db_split	363476d004872fd47e6856a3d24b5f5dd8904bb1cd31bdf3ef005bbafaa0516d
tools-galaxyp	74bc7df880ad8aafa4dc04b01dca3f5fc9de3ca0	tools/pi_db_tools/pi_dbspec_align.xml	pi_dbspec_align	5534f2d94efe231bb39da4d042c74ffa5dca4249c38d171b87461dd2cd8f34cc
tools-galaxyp	74bc7df880ad8aafa4dc04b01dca3f5fc9de3ca0	tools/pmd_fdr/pmd_fdr.xml	pmd_fdr	661148cff87e40cb62665fea3f86e986c6ea8293b9170c4d60501b495e454c2c
tools-galaxyp	74bc7df880ad8aafa4dc04b01dca3f5fc9de3ca0	tools/probam_suite/custom_pro_db/customProDB.xml	custom_pro_db	b4d019e999766f9dd5fa4e7bd83745cf8e4522dd8d8b0b991aaf15ef4abc1aac
tools-galaxyp	74bc7df880ad8aafa4dc04b01dca3f5fc9de3ca0	tools/probam_suite/custom_pro_db_annotation_data_manager/data_manager/customProDB_annotation.xml	custom_pro_db_annotation_data_manager	05f9a0a971472b1a6636f5a076e20bd7978923e6ccf559d50e492c45707200fe
tools-galaxyp	74bc7df880ad8aafa4dc04b01dca3f5fc9de3ca0	tools/probam_suite/psm2sam/PSM2SAM.xml	PSMtoSAM	701d0a0472eca7ff0c9296c1985117e41799bf01809465bcad9d835a3638ba6a
tools-galaxyp	74bc7df880ad8aafa4dc04b01dca3f5fc9de3ca0	tools/protein_mosaic_q/protein_mosaic_q.xml	protein_mosaic_q	766fea55d9f7000d8723d452405bee25a3a4a3eb60a01c6ab0ab03e6a28958b7
tools-galaxyp	74bc7df880ad8aafa4dc04b01dca3f5fc9de3ca0	tools/proteinpilot/convert_windows_newlines.xml	convert_windows_newlines	3836597b5248041df31ed770ecf3dfa0bc58bc87b4071ffcc2f8f2565430abe6
tools-galaxyp	74bc7df880ad8aafa4dc04b01dca3f5fc9de3ca0	tools/proteinpilot/proteinpilot.xml	proteinpilot	255a492eb02bc89d254326dbca03222cffca439813430617f755a7233e86e992
tools-galaxyp	74bc7df880ad8aafa4dc04b01dca3f5fc9de3ca0	tools/proteinpilot/proteinpilot_group_extractor.xml	proteinpilot_group_extractor	90364cf049ea310530c5c8c955f83d84e18cf1abce31686083a414633c02b8c9
tools-galaxyp	74bc7df880ad8aafa4dc04b01dca3f5fc9de3ca0	tools/proteinpilot/proteinpilot_tabular.xml	proteinpilot_tabular	13d08d79de24ccb4e40b80aa1c10a50aa8de7daa779a858eb9024a7ca7ad82a3
tools-galaxyp	74bc7df880ad8aafa4dc04b01dca3f5fc9de3ca0	tools/proteinpilot/proteinpilot_xml.xml	proteinpilot_xml	22d3ff42ffd198bd1f6355d4a126bfa6bfff4a72c05e69848b7e968f33d48f65
tools-galaxyp	74bc7df880ad8aafa4dc04b01dca3f5fc9de3ca0	tools/proteogenomics/retrieve_ensembl_bed/retrieve_ensembl_bed.xml	retrieve_ensembl_bed	10ef22dcd80a402ace9d459ca5092cd423dcbdcb6d09781205b08a106222aef7
tools-galaxyp	74bc7df880ad8aafa4dc04b01dca3f5fc9de3ca0	tools/proteogenomics/translate_bed/translate_bed.xml	translate_bed	eb9205631cf89a402c83b65e70b462068452a23fce418758edabf3e1c9adc1f1
tools-galaxyp	74bc7df880ad8aafa4dc04b01dca3f5fc9de3ca0	tools/proteomiqon_joinquantpepionswithproteins/proteomiqon_joinquantpepionswithproteins.xml	proteomiqon_joinquantpepionswithproteins	5f8f7a767b9428e8f022f54b2959e45a9b38d42ee1284a3377a4268ae867fd7a
tools-galaxyp	74bc7df880ad8aafa4dc04b01dca3f5fc9de3ca0	tools/proteomiqon_labeledproteinquantification/proteomiqon_labeledproteinquantification.xml	proteomiqon_labeledproteinquantification	b940fb7561a45c1e5466623621fcdb17ffea275159e0188bcdf576fe0905df03
tools-galaxyp	74bc7df880ad8aafa4dc04b01dca3f5fc9de3ca0	tools/proteomiqon_labelfreeproteinquantification/labelfreeproteinquantification.xml	proteomiqon_labelfreeproteinquantification	b5295e5acd1cd35b6c01cb671a6caa653167d0c55ec08efe9ae1333c2f5d6f88
tools-galaxyp	74bc7df880ad8aafa4dc04b01dca3f5fc9de3ca0	tools/proteomiqon_mzmltomzlite/proteomiqon_mzmltomzlite.xml	proteomiqon_mzmltomzlite	e4592e288d972df847c4032bf11d7861bf2bbc6f9cd40d25e178fe434972930d
tools-galaxyp	74bc7df880ad8aafa4dc04b01dca3f5fc9de3ca0	tools/proteomiqon_peptidedb/proteomiqon_peptidedb.xml	proteomiqon_peptidedb	7fd3e30694f65003e268e4c4dd068cba6aaea79be85a5259a4db645d66e2311e
tools-galaxyp	74bc7df880ad8aafa4dc04b01dca3f5fc9de3ca0	tools/proteomiqon_peptidespectrummatching/proteomiqon_peptidespectrummatching.xml	proteomiqon_peptidespectrummatching	e8d04452a1375788a3c970ecdf24d07f57a39ab9b1239b57994c4c00d98dd49f
tools-galaxyp	74bc7df880ad8aafa4dc04b01dca3f5fc9de3ca0	tools/proteomiqon_proteininference/proteomiqon_proteininference.xml	proteomiqon_proteininference	21b52df2791111ede945959c7dfe0d7e9740fc03f7b850e0eceb2013993ad99d
tools-galaxyp	74bc7df880ad8aafa4dc04b01dca3f5fc9de3ca0	tools/proteomiqon_psmbasedquantification/proteomiqon_psmbasedquantification.xml	proteomiqon_psmbasedquantification	3c33bc6d80da58f3d9afa3bb2c1eac5f35848f060051e603e81341048bbf1e8f
tools-galaxyp	74bc7df880ad8aafa4dc04b01dca3f5fc9de3ca0	tools/proteomiqon_psmstatistics/proteomiqon_psmstatistics.xml	proteomiqon_psmstatistics	643667f44a3827c45109648c75166ffb52e4e0071891c67dcdc88784cd9a8024
tools-galaxyp	74bc7df880ad8aafa4dc04b01dca3f5fc9de3ca0	tools/proteore_venn_diagram/venn_diagram.xml	proteore_venn_diagram	829fe3e6c90646680af9a53778979c3d617051bada059642bf5024e492b7bef5
tools-galaxyp	74bc7df880ad8aafa4dc04b01dca3f5fc9de3ca0	tools/protxml_to_xls/protxml_to_xls.xml	protxml_to_xls	2d02dce05b13b3547c47ebe6deb5a027f3730a143e17a741afabf74f5f61df45
tools-galaxyp	74bc7df880ad8aafa4dc04b01dca3f5fc9de3ca0	tools/psm_eval/psm_eval.xml	psm_eval	3d45f112d24d7785c5390fa68ecbf7c8ecdaf20a34bce792f6c913990f639951
tools-galaxyp	74bc7df880ad8aafa4dc04b01dca3f5fc9de3ca0	tools/psm_validation/psm_validation.xml	psmvalidator	9318d5f1c10173f3d8e87d45884ea341e83510444c6f275d420aef348a7a5a7d
tools-galaxyp	74bc7df880ad8aafa4dc04b01dca3f5fc9de3ca0	tools/ptxqc/ptxqc.xml	maxquant_ptxqc	533d92cbc54f502a6e8db44c065107726179a88c5436c4e69f3017cc8c1076e2
tools-galaxyp	74bc7df880ad8aafa4dc04b01dca3f5fc9de3ca0	tools/pvactools/pvacbind.xml	pvacbind	7a0e74f822c9908db98bb0942d43eee72ee3ee0a1bed740060bbc9f644223dd8
tools-galaxyp	74bc7df880ad8aafa4dc04b01dca3f5fc9de3ca0	tools/pyprophet/pyprophet_export.xml	pyprophet_export	0dd94fbf2f0ed976383dae8a14399edd3ce68fb38154fb25c9fe68282990ab66
tools-galaxyp	74bc7df880ad8aafa4dc04b01dca3f5fc9de3ca0	tools/pyprophet/pyprophet_merge.xml	pyprophet_merge	3494d27709edfbffd23aeaefedc17860e5883878019405199e6f6a6f58388955
tools-galaxyp	74bc7df880ad8aafa4dc04b01dca3f5fc9de3ca0	tools/pyprophet/pyprophet_peptide.xml	pyprophet_peptide	2417047a7828e2c1b5aeff3f7062eb0562dd16d710e2613fac1b79d25d11f335
tools-galaxyp	74bc7df880ad8aafa4dc04b01dca3f5fc9de3ca0	tools/pyprophet/pyprophet_protein.xml	pyprophet_protein	73e2489c3c2114c69c11c4f7f45278d47d84d3edfd444879b1ab84b0f982cb41
tools-galaxyp	74bc7df880ad8aafa4dc04b01dca3f5fc9de3ca0	tools/pyprophet/pyprophet_score.xml	pyprophet_score	d19a224ef5f30b4c22f0aed2974600b2b81eb4c991da80851edbb70fddc6e91f
tools-galaxyp	74bc7df880ad8aafa4dc04b01dca3f5fc9de3ca0	tools/pyprophet/pyprophet_subsample.xml	pyprophet_subsample	2466da4f2ac257740933f41cbe9653eb2bd5340ea8622692a187238ea068caf4
tools-galaxyp	74bc7df880ad8aafa4dc04b01dca3f5fc9de3ca0	tools/pyteomics/mztab2tsv.xml	mztab2tsv	1512d8bac5c7cd6cabf76cfe536a37e81c27e98a2fbfd3d2d208a074e6a773ca
tools-galaxyp	74bc7df880ad8aafa4dc04b01dca3f5fc9de3ca0	tools/quantp/quantp.xml	quantp	2258b5eb7ed626115916f5e69ee203511f99f36ba58b7fe8b9382274b0d76118
tools-galaxyp	74bc7df880ad8aafa4dc04b01dca3f5fc9de3ca0	tools/quantwiz_iq/quantwiz_iq.xml	quantwiz_iq	fdb9f0681b76ab72ed0132ce37403e1853344629f19d911c8af84143fef0e6cd
tools-galaxyp	74bc7df880ad8aafa4dc04b01dca3f5fc9de3ca0	tools/qupath_roi_splitter/qupath_roi_splitter.xml	qupath_roi_splitter	b9eea22934313ada69114308681284598192e562fe7fdf86159003f779cc17e0
tools-galaxyp	74bc7df880ad8aafa4dc04b01dca3f5fc9de3ca0	tools/rawtools/rawtools.xml	rawtools	57481d9d913ac2f313bd0b8948f102c898d6ae791fe65be1fe73b0d66e5f8349
tools-galaxyp	74bc7df880ad8aafa4dc04b01dca3f5fc9de3ca0	tools/regex_find_replace/regex.xml	regex1	afd45d62ab11eb0d9b98d76dca4807554d68123e121c37430b0a73bf51d926f9
tools-galaxyp	74bc7df880ad8aafa4dc04b01dca3f5fc9de3ca0	tools/regex_find_replace/regex_tabular.xml	regexColumn1	3c0d5e612b1da3c37cc22c9d75f61ab26dc6742048539121f4ce9c7c9861bc21
tools-galaxyp	74bc7df880ad8aafa4dc04b01dca3f5fc9de3ca0	tools/scaffold/scaffold.xml	scaffold	8a16246cd92048cd5e9bfe0da1dfb58e0b887ef3d1ab156cef710734c5971343
tools-galaxyp	74bc7df880ad8aafa4dc04b01dca3f5fc9de3ca0	tools/scaffold/scaffold_export.xml	scaffold_export	a051924984e4ee4b2d2174054b43451242e0a32435cff986f7f26c734a92cbe8
tools-galaxyp	74bc7df880ad8aafa4dc04b01dca3f5fc9de3ca0	tools/sixgill/sixgill_build.xml	sixgill_build	c44b4d35a3a3111e2b5ee40eb8c095bbd3b2b3c74331d3db2ab384475f6673a7
tools-galaxyp	74bc7df880ad8aafa4dc04b01dca3f5fc9de3ca0	tools/sixgill/sixgill_filter.xml	sixgill_filter	4ae1cafea07928165b20ee1c5845b635f9d02ac3db7523b1f5710cfa213283eb
tools-galaxyp	74bc7df880ad8aafa4dc04b01dca3f5fc9de3ca0	tools/sixgill/sixgill_makefasta.xml	sixgill_makefasta	6594b8920f65eca737726b45838cb4672dc0f6025e958960b2a23d59324cbfe6
tools-galaxyp	74bc7df880ad8aafa4dc04b01dca3f5fc9de3ca0	tools/sixgill/sixgill_merge.xml	sixgill_merge	fe34821effe45680dba1526f4e3619b793fc4eecb5f3ed250bea52b6cd5b34e1
tools-galaxyp	74bc7df880ad8aafa4dc04b01dca3f5fc9de3ca0	tools/spectrast2spectrast_irt/spectrast2spectrast_irt.xml	gp_spectrast2spectrast_irt	93f34259af2ed935d917370112c4939f1f79dee7704f34fd2d9f40976db12337
tools-galaxyp	74bc7df880ad8aafa4dc04b01dca3f5fc9de3ca0	tools/spectrast2tsv/spectrast2tsv.xml	gp_spectrast2tsv	476a99e1857f1f12e43067263b9946646f63bb54ca7e9df9414bd39c24b3fb48
tools-galaxyp	74bc7df880ad8aafa4dc04b01dca3f5fc9de3ca0	tools/translate_bed_sequences/translate_bed_sequences.xml	translate_bed_sequences	4d2ac43ac6eb07e89a0a947d0766dff1780d9f750ff0e055a4ca0fa1cb18454d
tools-galaxyp	74bc7df880ad8aafa4dc04b01dca3f5fc9de3ca0	tools/unipept/unipept.xml	unipept	d9f9be97cfaea4443e6cc3d429a0230afd6b4539c8c0a1fe67b2a4754951df61
tools-galaxyp	74bc7df880ad8aafa4dc04b01dca3f5fc9de3ca0	tools/uniprotxml_downloader/uniprotxml_downloader.xml	uniprotxml_downloader	bf93dd2868675d923186c7912d03581e1a000346e9c8b1b708f7e3a692b0fb60
tools-galaxyp	74bc7df880ad8aafa4dc04b01dca3f5fc9de3ca0	tools/validate_fasta_database/validate_fasta_database.xml	validate_fasta_database	a077bb4992a53b93b4b002614f17a0ab0fe0fee341e7aab1b07b87e953c43123
tools-galaxyp	74bc7df880ad8aafa4dc04b01dca3f5fc9de3ca0	tools/zeiss_lmd_converter/zeiss_lmd_converter.xml	ZeissLMDconverter	e51b8f66e4c640f8b3b10297944ea85c1d2e3b0d2122f60b324f9cd553a654cf
galaxy-csg	f9ccdff76394292540207bf0880c766098c5bcdd	tools/icqsol_add_surface_field_from_expression/icqsol_add_surface_field_from_expression.xml	icqsol_add_surface_field_from_expression	29a6f7731ee7d84537a0200cbebe45842ccff72f5d609c0468495f21d59efe2b
galaxy-csg	f9ccdff76394292540207bf0880c766098c5bcdd	tools/icqsol_add_texture/icqsol_add_texture.xml	icqsol_add_texture	4625f60c44b3f63ef3701809f1117006a447f383560ac6f21248dfdc65ef981f
galaxy-csg	f9ccdff76394292540207bf0880c766098c5bcdd	tools/icqsol_coarsen_shape/icqsol_coarsen_shape.xml	icqsol_coarsen_shape	25e7b066fa6c9ffb16d05523241c1aa15240e345df00c03b7e529a365a7ccaf0
galaxy-csg	f9ccdff76394292540207bf0880c766098c5bcdd	tools/icqsol_color_surface_field/icqsol_color_surface_field.xml	icqsol_color_surface_field	1d6ccae96dc8caa670e84dae9b4b835980e63792d22b2ca801ada75679f156a0
galaxy-csg	f9ccdff76394292540207bf0880c766098c5bcdd	tools/icqsol_compose_shapes/icqsol_compose_shapes.xml	icqsol_compose_shapes	c5df03599e3c0952759563dcee3e36b08279545579a1b5f897c5d5a0e92c3abe
galaxy-csg	f9ccdff76394292540207bf0880c766098c5bcdd	tools/icqsol_create_shape/icqsol_create_shape.xml	icqsol_create_shape	4c3e3552d64dd0bca6fc78c715c40a9c9a012b516dcb8c7da0a66ffb4763cf4a
galaxy-csg	f9ccdff76394292540207bf0880c766098c5bcdd	tools/icqsol_refine_shape/icqsol_refine_shape.xml	icqsol_refine_shape	036996df9fc2fb4bfc09827b77f341a683ea1d7da72d8a3c945e34039e7dc7f1
galaxy-csg	f9ccdff76394292540207bf0880c766098c5bcdd	tools/icqsol_rotate_shape/icqsol_rotate_shape.xml	icqsol_rotate_shape	1be44a55542c7d2e202b5d5c34ca59201638439eb735d2b2bdad56233a0b8500
galaxy-csg	f9ccdff76394292540207bf0880c766098c5bcdd	tools/icqsol_scale_shape/icqsol_scale_shape.xml	icqsol_scale_shape	07f570c179788a6b5ecbca2fda876366d145cced2b16e1bc8e4bd0d4f8eb716e
galaxy-csg	f9ccdff76394292540207bf0880c766098c5bcdd	tools/icqsol_solve_laplace/icqsol_solve_laplace.xml	icqsol_solve_laplace	dcaa5ff96ae76e6cd2f39fcfa5ba947a02db348ce4d8fdf31569768ca08977cb
galaxy-csg	f9ccdff76394292540207bf0880c766098c5bcdd	tools/icqsol_translate_shape/icqsol_translate_shape.xml	icqsol_translate_shape	0955dea0d75809888828cf515f1b13e4633e1e40b0db10436810dbdcf3a47877
earlham-galaxytools	119c5a7a43585697f0ce0ff3901a7cbc9fd5fcac	deprecated/tools/MultiPEN/MultiPEN-StringDBNetwork.xml	MultiPEN-StringDBNetwork	c67e90a83edf7191d13bea19ee81c7b55f7b9e2c88fa0a83b8fcdae33a014f5c
earlham-galaxytools	119c5a7a43585697f0ce0ff3901a7cbc9fd5fcac	deprecated/tools/MultiPEN/MultiPEN-cross-validation.xml	MultiPEN-cross-validation	a1e855492ded869fe5603ac822631a3a339cdda5c9a105f35df5bb8f96c4ef8e
earlham-galaxytools	119c5a7a43585697f0ce0ff3901a7cbc9fd5fcac	deprecated/tools/MultiPEN/MultiPEN-enrichment-GO.xml	MultiPEN-enrichment-GO	0e6da9f58840ac6d5e74798476ca7e1e86efb0f8415351548600e330f86f9bfc
earlham-galaxytools	119c5a7a43585697f0ce0ff3901a7cbc9fd5fcac	deprecated/tools/MultiPEN/MultiPEN-enrichment-KEGG.xml	MultiPEN-enrichment-KEGG	7ec5c1eefbd221c908aaa251b125ce9bcf4cae083fd3eec5a9f459922736bae7
earlham-galaxytools	119c5a7a43585697f0ce0ff3901a7cbc9fd5fcac	deprecated/tools/MultiPEN/MultiPEN-feature-selection.xml	MultiPEN-feature-selection	bdaab88215f8febc9d2b3f4bda1d22b3d1d8fe0d6844203640cbcbf655e5e7a5
earlham-galaxytools	119c5a7a43585697f0ce0ff3901a7cbc9fd5fcac	deprecated/tools/ensembl_longest_cds_per_gene/ensembl_longest_cds_per_gene.xml	ensembl_longest_cds_per_gene	1e6c2807557a30fc922878e20eb525e6e49d926828f0a38559363c2eae5c4f7a
earlham-galaxytools	119c5a7a43585697f0ce0ff3901a7cbc9fd5fcac	deprecated/tools/rsat_filter_snps/rsat_filter_snps.xml	rsat_filter_snps	585a0506623e90d31f4e19958520669c39c989297f7c71a69d604e35d06e8647
earlham-galaxytools	119c5a7a43585697f0ce0ff3901a7cbc9fd5fcac	deprecated/tools/targetscan/targetscan.xml	targetscan	3d34fda1224d0ebc7deeefd92def537a87facdf34df1e6471cca7aa779c28c62
earlham-galaxytools	119c5a7a43585697f0ce0ff3901a7cbc9fd5fcac	tools/Ensembl-REST/get_feature_info.xml	get_feature_info	9e672a9d9945760a4b24dec004450493ba1ce55235f576d13e2ca9e85227f8b4
earlham-galaxytools	119c5a7a43585697f0ce0ff3901a7cbc9fd5fcac	tools/Ensembl-REST/get_genetree.xml	get_genetree	cc634ed028d18739f2c36718ef729f66e5ea0237ece4fabdad188683dc145b90
earlham-galaxytools	119c5a7a43585697f0ce0ff3901a7cbc9fd5fcac	tools/Ensembl-REST/get_sequences.xml	get_sequences	49f4c2a1ef03fb05811fb3e204e06758f0a9617fd908d54288c7b78cac3c16d5
earlham-galaxytools	119c5a7a43585697f0ce0ff3901a7cbc9fd5fcac	tools/GAFA/GAFA.xml	gafa	2f3a023686ee822fde799d298735af90bcf53825c6c0af7746139c6218602980
earlham-galaxytools	119c5a7a43585697f0ce0ff3901a7cbc9fd5fcac	tools/TreeBest/TreeBest_best.xml	treebest_best	215e934d448937ca5f2d283893aba2c3df0ed15996c64ff8421254e7dd29abbe
earlham-galaxytools	119c5a7a43585697f0ce0ff3901a7cbc9fd5fcac	tools/apoc/apoc.xml	apoc	3c5f53d9ae9dd6a9e3a6613bfaba8384622a10e58d5f35aa396e8ede6811aeb5
earlham-galaxytools	119c5a7a43585697f0ce0ff3901a7cbc9fd5fcac	tools/blast_parser/blast_parser.xml	blast_parser	795a39a0d503802a874f40525d48b9e1ba184ffadc1b0c1d02449787000a8b34
earlham-galaxytools	119c5a7a43585697f0ce0ff3901a7cbc9fd5fcac	tools/ete/ete_gene_cnv.xml	ete_gene_csv_finder	7b3378e4b624718ab2d121103528513f627cf4d9353cb553166af968178f9849
earlham-galaxytools	119c5a7a43585697f0ce0ff3901a7cbc9fd5fcac	tools/ete/ete_genetree_splitter.xml	ete_genetree_splitter	3a8d866d3fd3e49d5c0a300e162d504a2956a9766bfa23849ae4858d6adf2b03
earlham-galaxytools	119c5a7a43585697f0ce0ff3901a7cbc9fd5fcac	tools/ete/ete_homology_classifier.xml	ete_homology_classifier	07b996e59b43ea7cbcbfd971593ad135b7a3c71982fa7261c33079ad3000d504
earlham-galaxytools	119c5a7a43585697f0ce0ff3901a7cbc9fd5fcac	tools/ete/ete_init_taxdb.xml	ete_init_taxdb	7a09dbb2e5120248ab94ed2fe454a0f87dd9b2bf1acbb40908f476c7204a092f
earlham-galaxytools	119c5a7a43585697f0ce0ff3901a7cbc9fd5fcac	tools/ete/ete_lineage_generator.xml	ete_lineage_generator	b08344c3447d8f01a44ac1ed249becda7493b6f014de1ce915d76c208800afcf
earlham-galaxytools	119c5a7a43585697f0ce0ff3901a7cbc9fd5fcac	tools/ete/ete_mod.xml	ete3_mod	550a3425d0150f3650f6858068b057eaac7f010b777778f8807a051d37f7c9e9
earlham-galaxytools	119c5a7a43585697f0ce0ff3901a7cbc9fd5fcac	tools/ete/ete_species_tree_generator.xml	ete_species_tree_generator	b94bea7babb16e5e35867cef7d3dad58ce919da0eefa9c0db9a6859b773ef633
earlham-galaxytools	119c5a7a43585697f0ce0ff3901a7cbc9fd5fcac	tools/export_to_cluster/export_to_cluster.xml	export_to_cluster	2514f1724259a109250a1134de0ccec556f8bd22c9da207f633d55ba209901ad
earlham-galaxytools	119c5a7a43585697f0ce0ff3901a7cbc9fd5fcac	tools/gblocks/gblocks.xml	gblocks	22932f795599082d72ae37e83d40724deb486c52e01c5ed435e95e74ee03ac01
earlham-galaxytools	119c5a7a43585697f0ce0ff3901a7cbc9fd5fcac	tools/gstf_preparation/gstf_preparation.xml	gstf_preparation	5233a63fe4218abc5c1e959c1406a75266906a99d991d12e62d2ce6f457974ce
earlham-galaxytools	119c5a7a43585697f0ce0ff3901a7cbc9fd5fcac	tools/hcluster_sg/hcluster_sg.xml	hcluster_sg	5dff986232846566fc512ff25d771c2240e8063eae3c78ad0303b019475ce7cf
earlham-galaxytools	119c5a7a43585697f0ce0ff3901a7cbc9fd5fcac	tools/hcluster_sg_parser/hcluster_sg_parser.xml	hcluster_sg_parser	173c506397216d116dc0dc62e93c0a6e94524fe905a3582ec934a4b2bee2ee33
earlham-galaxytools	119c5a7a43585697f0ce0ff3901a7cbc9fd5fcac	tools/lotus2/lotus2.xml	lotus2	ab7ad7de2a5b5be3745c3d4f5ba9b2da51adefd80f2a8ce99406e7b4d64d4b36
earlham-galaxytools	119c5a7a43585697f0ce0ff3901a7cbc9fd5fcac	tools/miranda/miranda.xml	miranda	c29748386cd4c7921639034f1b2810c29a88c8863ddfe1bbd736d5f998c5dd48
earlham-galaxytools	119c5a7a43585697f0ce0ff3901a7cbc9fd5fcac	tools/plotheatmap/plotheatmap.xml	plotheatmap	ce09bacdd28c1db81f9133867c302c50151bed16afea7becd0e5cdc7e6495acb
earlham-galaxytools	119c5a7a43585697f0ce0ff3901a7cbc9fd5fcac	tools/rdock/rdock.xml	rdock	225ab851f8a09a77749bed8cf018dc8cdf8d16de18552637aecc7ffb2f90ba90
earlham-galaxytools	119c5a7a43585697f0ce0ff3901a7cbc9fd5fcac	tools/replace_chromosome_names/replace_chromosome_names.xml	replace_chromosome_names	f3a87762f1e976df412d3cc72d5735d726b108a034f2287362af667440648fd2
earlham-galaxytools	119c5a7a43585697f0ce0ff3901a7cbc9fd5fcac	tools/smart_domains/smart_domains.xml	smart_domains	935b1504a13d42a3bcfc856133a72649a50c6558aa602fcaf06babb288ff8fcb
earlham-galaxytools	119c5a7a43585697f0ce0ff3901a7cbc9fd5fcac	tools/smina/smina.xml	smina	505c5b7e56abd69d7fdf3adf2495aab0a27b195690eec218188043b2e7f4d088
earlham-galaxytools	119c5a7a43585697f0ce0ff3901a7cbc9fd5fcac	tools/t_coffee/t_coffee.xml	t_coffee	8e68e41cc0b7efa60a334c0c85f88c5af14249a6ef58291ad86f20404e5b7027
AAFC-BICoE-Galaxy	d99c77e9a44fa25b69c42ca6ad7ae8c402c6debc	wrappers/ITSx_Galaxy_main_toolshed/itsx/ITSx.xml	ITSx	e1e646843ad4c8086b21e0fbfcdfc8078afe610681f2e165d024bfb795106102
AAFC-BICoE-Galaxy	d99c77e9a44fa25b69c42ca6ad7ae8c402c6debc	wrappers/Mauve/mauve_toolsuite/mauve_exporter.xml	mauve_exporters	1df4ffb08e3fd71b3ae35e0fbeb8ea51544b69bef32c31519d53e3668049120a
AAFC-BICoE-Galaxy	d99c77e9a44fa25b69c42ca6ad7ae8c402c6debc	wrappers/Mauve/mauve_toolsuite/mauve_snprich_parser.xml	mauve_snp_rich_region_parser	8dd092915d52c260841fb7616ef38a2c9c94594093893916ee5824b4f0eb57f4
AAFC-BICoE-Galaxy	d99c77e9a44fa25b69c42ca6ad7ae8c402c6debc	wrappers/Mauve/mauve_toolsuite/progressiveMauve.xml	progressiveMauve	b22ee8c32d1b1484ad231c5f1d5d1144b484c058fb1fde03a41e60a32d0b7a13
AAFC-BICoE-Galaxy	d99c77e9a44fa25b69c42ca6ad7ae8c402c6debc	wrappers/Mothur_Toolsuite/mothur/lib/galaxy/datatypes/converters/ref_to_seq_taxonomy_converter.xml	CONVERTER_ref_to_seq_taxomony	e2a816d7f4b1b3ae2f1e413b65b822693d5f3b6a8d9aa3e9b418663712f0d882
AAFC-BICoE-Galaxy	d99c77e9a44fa25b69c42ca6ad7ae8c402c6debc	wrappers/Mothur_Toolsuite/mothur/tools/mothur/TreeVector.xml	tree_vector	478431e82b65367fdd90f7857b84212642e04257ea87c651b04fcccf7cb97990
AAFC-BICoE-Galaxy	d99c77e9a44fa25b69c42ca6ad7ae8c402c6debc	wrappers/Mothur_Toolsuite/mothur/tools/mothur/align.check.xml	mothur_align_check	c5a89c613f33a031f2e0c7871a11f27df3759c279f5d539502256aa4fcc3cb2b
AAFC-BICoE-Galaxy	d99c77e9a44fa25b69c42ca6ad7ae8c402c6debc	wrappers/Mothur_Toolsuite/mothur/tools/mothur/align.seqs.xml	mothur_align_seqs	dbecc155126565f95567b109b6907162bfe5c0b0e7b7d74a3c6765f1f500f136
AAFC-BICoE-Galaxy	d99c77e9a44fa25b69c42ca6ad7ae8c402c6debc	wrappers/Mothur_Toolsuite/mothur/tools/mothur/amova.xml	mothur_amova	475ccc291cf3ca0cd3ada9e1030e5c5921d18e6b32b4b20414a496faf2f08f04
AAFC-BICoE-Galaxy	d99c77e9a44fa25b69c42ca6ad7ae8c402c6debc	wrappers/Mothur_Toolsuite/mothur/tools/mothur/anosim.xml	mothur_anosim	eff56526198baba4efa4e9e12215c2317cf0a44f42a802395ee7bfdc4733e82b
AAFC-BICoE-Galaxy	d99c77e9a44fa25b69c42ca6ad7ae8c402c6debc	wrappers/Mothur_Toolsuite/mothur/tools/mothur/bin.seqs.xml	mothur_bin_seqs	fa92bda22b85d372d14b5074a5afb36e359b8e1fa5fcbb9e60128dfb0d72058d
AAFC-BICoE-Galaxy	d99c77e9a44fa25b69c42ca6ad7ae8c402c6debc	wrappers/Mothur_Toolsuite/mothur/tools/mothur/chimera.bellerophon.xml	mothur_chimera_bellerophon	0419584fe61ac2b9cc8ab3d6481ffd804cc6cd5b5be49fde08ced842481c2886
AAFC-BICoE-Galaxy	d99c77e9a44fa25b69c42ca6ad7ae8c402c6debc	wrappers/Mothur_Toolsuite/mothur/tools/mothur/chimera.ccode.xml	mothur_chimera_ccode	30af04617553efba726b4e38f668421ddbdd0c424e7a0e99db93563680bd79e4
AAFC-BICoE-Galaxy	d99c77e9a44fa25b69c42ca6ad7ae8c402c6debc	wrappers/Mothur_Toolsuite/mothur/tools/mothur/chimera.check.xml	mothur_chimera_check	8f7a27eff4aa7a5318dc2f92a263f842f5f16577e786128ffbcbce004fb59df8
AAFC-BICoE-Galaxy	d99c77e9a44fa25b69c42ca6ad7ae8c402c6debc	wrappers/Mothur_Toolsuite/mothur/tools/mothur/chimera.perseus.xml	mothur_chimera_perseus	3409805295aa0ccebb0a2c1e3c7fb5d3f7f789a7877546ec495f4d2cb34c3c03
AAFC-BICoE-Galaxy	d99c77e9a44fa25b69c42ca6ad7ae8c402c6debc	wrappers/Mothur_Toolsuite/mothur/tools/mothur/chimera.pintail.xml	mothur_chimera_pintail	2351155abe5a847e9c3702c52915f68af7d0507ce8d4a7015e0c1dba26b71cf3
AAFC-BICoE-Galaxy	d99c77e9a44fa25b69c42ca6ad7ae8c402c6debc	wrappers/Mothur_Toolsuite/mothur/tools/mothur/chimera.slayer.xml	mothur_chimera_slayer	ea267e8e595c3a4f953eb5885cdcc883607b84fe8a4e0ab866969a8bf24b0558
AAFC-BICoE-Galaxy	d99c77e9a44fa25b69c42ca6ad7ae8c402c6debc	wrappers/Mothur_Toolsuite/mothur/tools/mothur/chimera.uchime.xml	mothur_chimera_uchime	b4364164601404112b35edc2c3cee28f731905a79cf0e12c5a209e9d900c4c78
AAFC-BICoE-Galaxy	d99c77e9a44fa25b69c42ca6ad7ae8c402c6debc	wrappers/Mothur_Toolsuite/mothur/tools/mothur/chop.seqs.xml	mothur_chop_seqs	da6a4151a43747baf2fbc35c0432bd26ec5813a8d05cf796fbffb3f5b743fda5
AAFC-BICoE-Galaxy	d99c77e9a44fa25b69c42ca6ad7ae8c402c6debc	wrappers/Mothur_Toolsuite/mothur/tools/mothur/classify.otu.xml	mothur_classify_otu	69e40b2721e09602116c5a3462b2f9e70c8a8935dcc48e596f186f368a00ba7c
AAFC-BICoE-Galaxy	d99c77e9a44fa25b69c42ca6ad7ae8c402c6debc	wrappers/Mothur_Toolsuite/mothur/tools/mothur/classify.seqs.xml	mothur_classify_seqs	1dbfb5ab2e8be406baa6aa4f1227cae5161d125da0ddfb3211cf02f8cec9b924
AAFC-BICoE-Galaxy	d99c77e9a44fa25b69c42ca6ad7ae8c402c6debc	wrappers/Mothur_Toolsuite/mothur/tools/mothur/classify.tree.xml	mothur_classify_tree	c356d872f0d755a9d791d35c97c572c08fa91c88eb206fbf2c081b5779d89402
AAFC-BICoE-Galaxy	d99c77e9a44fa25b69c42ca6ad7ae8c402c6debc	wrappers/Mothur_Toolsuite/mothur/tools/mothur/clearcut.xml	mothur_clearcut	b1e12550b2f3d35f66be549cfd23f7383c3d8206d68931d53f50ca1ccca05df6
AAFC-BICoE-Galaxy	d99c77e9a44fa25b69c42ca6ad7ae8c402c6debc	wrappers/Mothur_Toolsuite/mothur/tools/mothur/cluster.classic.xml	mothur_cluster_classic	b5802feb94319463193b0133f17d14d429ece3f8db48caffae8b2742104ac798
AAFC-BICoE-Galaxy	d99c77e9a44fa25b69c42ca6ad7ae8c402c6debc	wrappers/Mothur_Toolsuite/mothur/tools/mothur/cluster.fragments.xml	mothur_cluster_fragments	1cffc5a4f1addae7d2f926b8329fb336ad9d81d0bdfdaad00e0a139f97189caf
AAFC-BICoE-Galaxy	d99c77e9a44fa25b69c42ca6ad7ae8c402c6debc	wrappers/Mothur_Toolsuite/mothur/tools/mothur/cluster.split.xml	mothur_cluster_split	5a516da020905cd4bafd7fb7c0c5e801a84209eb2236f890c0c1288873eaea72
AAFC-BICoE-Galaxy	d99c77e9a44fa25b69c42ca6ad7ae8c402c6debc	wrappers/Mothur_Toolsuite/mothur/tools/mothur/cluster.xml	mothur_cluster	f087d60eb7cb5bc0c459ecdbba80e2fa2754e98fe42dfc29c607fb36656d0cb7
AAFC-BICoE-Galaxy	d99c77e9a44fa25b69c42ca6ad7ae8c402c6debc	wrappers/Mothur_Toolsuite/mothur/tools/mothur/collect.shared.xml	mothur_collect_shared	102eba01718d641f851d0d0f874e48c0cce668de89657a23838e4fbb39911f2e
AAFC-BICoE-Galaxy	d99c77e9a44fa25b69c42ca6ad7ae8c402c6debc	wrappers/Mothur_Toolsuite/mothur/tools/mothur/collect.single.xml	mothur_collect_single	67b7c34912e0f22591ae4389270d02909e188b3daed98883ceea14c0b77bae4f
AAFC-BICoE-Galaxy	d99c77e9a44fa25b69c42ca6ad7ae8c402c6debc	wrappers/Mothur_Toolsuite/mothur/tools/mothur/consensus.seqs.xml	mothur_consensus_seqs	99e988b62360f12a8cd9047e3c9116527024d038d59360f0e65bb3ad14424293
AAFC-BICoE-Galaxy	d99c77e9a44fa25b69c42ca6ad7ae8c402c6debc	wrappers/Mothur_Toolsuite/mothur/tools/mothur/cooccurrence.xml	mothur_cooccurrence	27384e2cd02e836e04fdb628c2615e7dd7d2db7b4fe803bfa47502a8748fb364
AAFC-BICoE-Galaxy	d99c77e9a44fa25b69c42ca6ad7ae8c402c6debc	wrappers/Mothur_Toolsuite/mothur/tools/mothur/corr.axes.xml	mothur_corr_axes	2d94bf9983e2bca5a9b0aff0d241b115deab7fa6c35462bbb054792873ba6af3
AAFC-BICoE-Galaxy	d99c77e9a44fa25b69c42ca6ad7ae8c402c6debc	wrappers/Mothur_Toolsuite/mothur/tools/mothur/count.groups.xml	mothur_count_groups	c93b60b7f161747c48c038a5f3dd674f0975755baeab556136d444db8171d5f0
AAFC-BICoE-Galaxy	d99c77e9a44fa25b69c42ca6ad7ae8c402c6debc	wrappers/Mothur_Toolsuite/mothur/tools/mothur/count.seqs.xml	mothur_count_seqs	9b079cc1458784dad35ea388fefd97d4ef3bea72cd0ecb947e981b7af0eb099b
AAFC-BICoE-Galaxy	d99c77e9a44fa25b69c42ca6ad7ae8c402c6debc	wrappers/Mothur_Toolsuite/mothur/tools/mothur/create.database.xml	mothur_create_database	1f612a2dd023982f8ced9d049f8188b80e13cd39d1432e68156a767a47c74bd3
AAFC-BICoE-Galaxy	d99c77e9a44fa25b69c42ca6ad7ae8c402c6debc	wrappers/Mothur_Toolsuite/mothur/tools/mothur/degap.seqs.xml	mothur_degap_seqs	badaab3b95d7a0de19fe410fbb4be0b62ab876010fca86ecb0b61a813dcd0b6b
AAFC-BICoE-Galaxy	d99c77e9a44fa25b69c42ca6ad7ae8c402c6debc	wrappers/Mothur_Toolsuite/mothur/tools/mothur/deunique.seqs.xml	mothur_deunique_seqs	97d1633b8b08cf3fa1bb2eb0cb1e4c2842187e586e947980f2e6eff380feb058
AAFC-BICoE-Galaxy	d99c77e9a44fa25b69c42ca6ad7ae8c402c6debc	wrappers/Mothur_Toolsuite/mothur/tools/mothur/deunique.tree.xml	mothur_deunique_tree	8db06c89d3d7db7bb6da535291672f6d300b79fea25bdf38a6eb80b8e6926efd
AAFC-BICoE-Galaxy	d99c77e9a44fa25b69c42ca6ad7ae8c402c6debc	wrappers/Mothur_Toolsuite/mothur/tools/mothur/dist.seqs.xml	mothur_dist_seqs	2bf7e708e7e4294cca0700c514b5fe42fcaea15d3c242c1b2df9079fdff45596
AAFC-BICoE-Galaxy	d99c77e9a44fa25b69c42ca6ad7ae8c402c6debc	wrappers/Mothur_Toolsuite/mothur/tools/mothur/dist.shared.xml	mothur_dist_shared	8372c648091c0249790560a54b5e3b9637e18d380ba0cc0abe564294a0a5974c
AAFC-BICoE-Galaxy	d99c77e9a44fa25b69c42ca6ad7ae8c402c6debc	wrappers/Mothur_Toolsuite/mothur/tools/mothur/fastq.info.xml	mothur_fastq_info	4951b239d44fd046435256aff420f793f665a0df5c98b174b47a112eee168ae0
AAFC-BICoE-Galaxy	d99c77e9a44fa25b69c42ca6ad7ae8c402c6debc	wrappers/Mothur_Toolsuite/mothur/tools/mothur/filter.seqs.xml	mothur_filter_seqs	057ce02685db6af14fd4fd481d11ecc0a3911c78ab14d0d95efc6f6d45401c69
AAFC-BICoE-Galaxy	d99c77e9a44fa25b69c42ca6ad7ae8c402c6debc	wrappers/Mothur_Toolsuite/mothur/tools/mothur/get.coremicrobiome.xml	mothur_get_coremicrobiome	8af4596d1c09791816a84c03baa4676bfd0d85c4e8f8b3a89a14d3f83cd43280
AAFC-BICoE-Galaxy	d99c77e9a44fa25b69c42ca6ad7ae8c402c6debc	wrappers/Mothur_Toolsuite/mothur/tools/mothur/get.group.xml	mothur_get_group	3a7b1e8374429203577e8a558c51a23328f9e04aaafc36783358c1eee1d3556a
AAFC-BICoE-Galaxy	d99c77e9a44fa25b69c42ca6ad7ae8c402c6debc	wrappers/Mothur_Toolsuite/mothur/tools/mothur/get.groups.xml	mothur_get_groups	1c5b3b2ec5e62e130191798fe53eede963f49483864152e4bad45e1ac1e37a6e
AAFC-BICoE-Galaxy	d99c77e9a44fa25b69c42ca6ad7ae8c402c6debc	wrappers/Mothur_Toolsuite/mothur/tools/mothur/get.lineage.xml	mothur_get_lineage	1a53d8bd1e0603a1e3100347a1b29a29e1e3e980a61d673546f4f4379246ad86
AAFC-BICoE-Galaxy	d99c77e9a44fa25b69c42ca6ad7ae8c402c6debc	wrappers/Mothur_Toolsuite/mothur/tools/mothur/get.otulabels.xml	mothur_get_otulabels	ac5c1ae88a05600bd09e305bb06c9fefd656ed7bdf96532813f7171ce806a95d
AAFC-BICoE-Galaxy	d99c77e9a44fa25b69c42ca6ad7ae8c402c6debc	wrappers/Mothur_Toolsuite/mothur/tools/mothur/get.otulist.xml	mothur_get_otulist	e586f4bd4ae98af721691179808bbdaa3c4ef6faec3af68a24f7cd58cabb274b
AAFC-BICoE-Galaxy	d99c77e9a44fa25b69c42ca6ad7ae8c402c6debc	wrappers/Mothur_Toolsuite/mothur/tools/mothur/get.oturep.xml	mothur_get_oturep	e25629d83509bca2c6d18fbf9d5b2dd7bec8989c4e8b9b42bc354887e67c9d83
AAFC-BICoE-Galaxy	d99c77e9a44fa25b69c42ca6ad7ae8c402c6debc	wrappers/Mothur_Toolsuite/mothur/tools/mothur/get.otus.xml	mothur_get_otus	a22515615791ce569dd558ac8e495d5cc2003b5d547e9041c8fde4d9fc523a46
AAFC-BICoE-Galaxy	d99c77e9a44fa25b69c42ca6ad7ae8c402c6debc	wrappers/Mothur_Toolsuite/mothur/tools/mothur/get.rabund.xml	mothur_get_rabund	5370cc5dbbc88d4f4d945d40275dbbf89c8f7cfd8e42eabc377d13bedf1cbd81
AAFC-BICoE-Galaxy	d99c77e9a44fa25b69c42ca6ad7ae8c402c6debc	wrappers/Mothur_Toolsuite/mothur/tools/mothur/get.relabund.xml	mothur_get_relabund	2301c2102e0681ff354364149fe989bdd7d25e5c497c6569fb23b57fbc224d3e
AAFC-BICoE-Galaxy	d99c77e9a44fa25b69c42ca6ad7ae8c402c6debc	wrappers/Mothur_Toolsuite/mothur/tools/mothur/get.sabund.xml	mothur_get_sabund	4cbecfe6cf9c5ecf497ffb085f7504ce00f27b097a93daa8d15784b0663cd226
AAFC-BICoE-Galaxy	d99c77e9a44fa25b69c42ca6ad7ae8c402c6debc	wrappers/Mothur_Toolsuite/mothur/tools/mothur/get.seqs.xml	mothur_get_seqs	8211c044d6df43cc3774092e2fa66fe03af2d18bc715bd4b2806e6b96323c012
AAFC-BICoE-Galaxy	d99c77e9a44fa25b69c42ca6ad7ae8c402c6debc	wrappers/Mothur_Toolsuite/mothur/tools/mothur/get.sharedseqs.xml	mothur_get_sharedseqs	783e73e30ee4f0820787b608ae8a95a259eb5f92e2365e9a7ddaf8c0415abfcd
AAFC-BICoE-Galaxy	d99c77e9a44fa25b69c42ca6ad7ae8c402c6debc	wrappers/Mothur_Toolsuite/mothur/tools/mothur/hcluster.xml	mothur_hcluster	219b226511f7eaed980824e2498f68acb13698a77df16d23d2033d4dd40a22cd
AAFC-BICoE-Galaxy	d99c77e9a44fa25b69c42ca6ad7ae8c402c6debc	wrappers/Mothur_Toolsuite/mothur/tools/mothur/heatmap.bin.xml	mothur_heatmap_bin	b6cc30468b15df66a7cb1744dd5ad9ce9923a39c16b52c192b421920d5521a84
AAFC-BICoE-Galaxy	d99c77e9a44fa25b69c42ca6ad7ae8c402c6debc	wrappers/Mothur_Toolsuite/mothur/tools/mothur/heatmap.sim.xml	mothur_heatmap_sim	7f3bc536629e8c1763f13276b13980e96642524d60937c895e25d14daff48f52
AAFC-BICoE-Galaxy	d99c77e9a44fa25b69c42ca6ad7ae8c402c6debc	wrappers/Mothur_Toolsuite/mothur/tools/mothur/homova.xml	mothur_homova	6c990b69570b6282fe8e3cdbd90c27147091026695ac0ec89168075a240ff687
AAFC-BICoE-Galaxy	d99c77e9a44fa25b69c42ca6ad7ae8c402c6debc	wrappers/Mothur_Toolsuite/mothur/tools/mothur/indicator.xml	mothur_indicator	ff2faa8730edc6799a822445a30c556b2ee78859e6e2ed97761541de6d9e39ad
AAFC-BICoE-Galaxy	d99c77e9a44fa25b69c42ca6ad7ae8c402c6debc	wrappers/Mothur_Toolsuite/mothur/tools/mothur/libshuff.xml	mothur_libshuff	7c9756e801a8b34dcb51bad96d703af82e63ad09d970df2f56d4db625053b98a
AAFC-BICoE-Galaxy	d99c77e9a44fa25b69c42ca6ad7ae8c402c6debc	wrappers/Mothur_Toolsuite/mothur/tools/mothur/list.otulabels.xml	mothur_list_otulabels	173074d83daaff77d56e73b0b1a93f9379f7009b6f690359cc4675985e612533
AAFC-BICoE-Galaxy	d99c77e9a44fa25b69c42ca6ad7ae8c402c6debc	wrappers/Mothur_Toolsuite/mothur/tools/mothur/list.seqs.xml	mothur_list_seqs	a33b146d8a9f6cc1251fa945c898013a98a0f7fe3a0183aeb04a6494ba6a43df
AAFC-BICoE-Galaxy	d99c77e9a44fa25b69c42ca6ad7ae8c402c6debc	wrappers/Mothur_Toolsuite/mothur/tools/mothur/make.biom.xml	mothur_make_biom	ad5f0a4b528c1e4f2da09dced09ee072be236068edb4174d4187fd46288d56dc
AAFC-BICoE-Galaxy	d99c77e9a44fa25b69c42ca6ad7ae8c402c6debc	wrappers/Mothur_Toolsuite/mothur/tools/mothur/make.contigs.xml	mothur_make_contigs	a8d88c92934b7b05bbaf4d1e23aa8f8e676479a41a9c36e788b56c55b98198ea
AAFC-BICoE-Galaxy	d99c77e9a44fa25b69c42ca6ad7ae8c402c6debc	wrappers/Mothur_Toolsuite/mothur/tools/mothur/make.design.xml	mothur_make_design	aec6abdf00e10e9f1b1ebd8465e42a5cd342cd386239174021dd6424c497e3b2
AAFC-BICoE-Galaxy	d99c77e9a44fa25b69c42ca6ad7ae8c402c6debc	wrappers/Mothur_Toolsuite/mothur/tools/mothur/make.fastq.xml	mothur_make_fastq	f9bd64d71e5ae2d00a3606a419794ba669cd8c9283d199c64c76f9dca3844044
AAFC-BICoE-Galaxy	d99c77e9a44fa25b69c42ca6ad7ae8c402c6debc	wrappers/Mothur_Toolsuite/mothur/tools/mothur/make.group.xml	mothur_make_files	aa439454febc2beefed906a511caf4a6cb9aef0fdeeb74f49c222768e1008eb2
AAFC-BICoE-Galaxy	d99c77e9a44fa25b69c42ca6ad7ae8c402c6debc	wrappers/Mothur_Toolsuite/mothur/tools/mothur/make.shared.xml	mothur_make_shared	5ce12fab70fee05d870c51f66eb11b79eb253c8c30b8078890f0be19aa28abae
AAFC-BICoE-Galaxy	d99c77e9a44fa25b69c42ca6ad7ae8c402c6debc	wrappers/Mothur_Toolsuite/mothur/tools/mothur/make.shared_from_biom.xml	mothur_make_shared_from_biom	e90f479139d7db573fe8e08b96d742e71a5718450ad92166a80c50445ab4ed04
AAFC-BICoE-Galaxy	d99c77e9a44fa25b69c42ca6ad7ae8c402c6debc	wrappers/Mothur_Toolsuite/mothur/tools/mothur/mantel.xml	mothur_mantel	6515a8e79741046289e49acbdad387ad9e0a0df8bd47e392d784ce635167ea12
AAFC-BICoE-Galaxy	d99c77e9a44fa25b69c42ca6ad7ae8c402c6debc	wrappers/Mothur_Toolsuite/mothur/tools/mothur/merge.files.xml	mothur_merge_files	0e45be73191ed9bac302aa8584ba0cd2a5a288e7bd6f17e9716fd5928ef19d9d
AAFC-BICoE-Galaxy	d99c77e9a44fa25b69c42ca6ad7ae8c402c6debc	wrappers/Mothur_Toolsuite/mothur/tools/mothur/merge.groups.xml	mothur_merge_groups	0637c7bc8509e880b672aeb0a4386f17312700287c8cfbc4ad943a2ca8a052b8
AAFC-BICoE-Galaxy	d99c77e9a44fa25b69c42ca6ad7ae8c402c6debc	wrappers/Mothur_Toolsuite/mothur/tools/mothur/merge.sfffiles.xml	mothur_merge_sfffiles	9633fc794097f657134000d9b24317eaa9ad5402b0368f64bd7a30c890fb7d20
AAFC-BICoE-Galaxy	d99c77e9a44fa25b69c42ca6ad7ae8c402c6debc	wrappers/Mothur_Toolsuite/mothur/tools/mothur/metastats.xml	mothur_metastats	478cd3c8d6098f4d0c3b1d6c3126ad8420e556ea0250280ea27e566a7c7f4976
AAFC-BICoE-Galaxy	d99c77e9a44fa25b69c42ca6ad7ae8c402c6debc	wrappers/Mothur_Toolsuite/mothur/tools/mothur/nmds.xml	mothur_nmds	ec67cbf6e97c4b45c2f82225c19743bcfb8e5db2e75977dcd54839d5299a35f2
AAFC-BICoE-Galaxy	d99c77e9a44fa25b69c42ca6ad7ae8c402c6debc	wrappers/Mothur_Toolsuite/mothur/tools/mothur/normalize.shared.xml	mothur_normalize_shared	e33df5ccd638a2c876c6953183245cbfc6223bdeff5ad4235511b8487144d508
AAFC-BICoE-Galaxy	d99c77e9a44fa25b69c42ca6ad7ae8c402c6debc	wrappers/Mothur_Toolsuite/mothur/tools/mothur/otu.association.xml	mothur_otu_association	5b1bec1489c438ac3f6caf21c6cdfc6bb9f069adc79b54315c3fca96bde23d92
AAFC-BICoE-Galaxy	d99c77e9a44fa25b69c42ca6ad7ae8c402c6debc	wrappers/Mothur_Toolsuite/mothur/tools/mothur/otu.hierarchy.xml	mothur_otu_hierarchy	da31190e974bffede1a8aacbc87c3c2ed3fad3a48cc46eee3b193dfa91d83740
AAFC-BICoE-Galaxy	d99c77e9a44fa25b69c42ca6ad7ae8c402c6debc	wrappers/Mothur_Toolsuite/mothur/tools/mothur/pairwise.seqs.xml	mothur_pairwise_seqs	a1b10d1c4357d17fcb46f734947f3f8e68704471eb97ac9b86a98cf560d40448
AAFC-BICoE-Galaxy	d99c77e9a44fa25b69c42ca6ad7ae8c402c6debc	wrappers/Mothur_Toolsuite/mothur/tools/mothur/parse.list.xml	mothur_parse_list	b3bc275fb212dd1d0f6fdb22fb275fec863d45dbbefa95f58059c8cf300fa58e
AAFC-BICoE-Galaxy	d99c77e9a44fa25b69c42ca6ad7ae8c402c6debc	wrappers/Mothur_Toolsuite/mothur/tools/mothur/parsimony.xml	mothur_parsimony	2bbe37f76ebb34a53a7a7bd22c84c442e6cded83a746a95478f404d5ec8f42ed
AAFC-BICoE-Galaxy	d99c77e9a44fa25b69c42ca6ad7ae8c402c6debc	wrappers/Mothur_Toolsuite/mothur/tools/mothur/pca.xml	mothur_pca	12568487791f8f8b187f892641822d8fa828e267f2257f43879c1d060befc4d9
AAFC-BICoE-Galaxy	d99c77e9a44fa25b69c42ca6ad7ae8c402c6debc	wrappers/Mothur_Toolsuite/mothur/tools/mothur/pcoa.xml	mothur_pcoa	1f37d798c18b240c839c12c1b09780d9b13651a407668e85dc4ac39141d0aa20
AAFC-BICoE-Galaxy	d99c77e9a44fa25b69c42ca6ad7ae8c402c6debc	wrappers/Mothur_Toolsuite/mothur/tools/mothur/pcr.seqs.xml	mothur_pcr_seqs	faf55bfefd108361960349168d772e0c4b0926187d10b97550350df056b78ef6
AAFC-BICoE-Galaxy	d99c77e9a44fa25b69c42ca6ad7ae8c402c6debc	wrappers/Mothur_Toolsuite/mothur/tools/mothur/phylo.diversity.xml	mothur_phylo_diversity	0de5dcbd9be4d9697e91bfd7ac7efcea300cbb521c1297c18ac7942400f1ba06
AAFC-BICoE-Galaxy	d99c77e9a44fa25b69c42ca6ad7ae8c402c6debc	wrappers/Mothur_Toolsuite/mothur/tools/mothur/phylotype.xml	mothur_phylotype	0b0540fef18aebc01eef8831591212ffa001bef570ddab8a93f792bc3c985798
AAFC-BICoE-Galaxy	d99c77e9a44fa25b69c42ca6ad7ae8c402c6debc	wrappers/Mothur_Toolsuite/mothur/tools/mothur/pre.cluster.xml	mothur_pre_cluster	9dc64b5d98fcac04cd5014bdae21bbc32e70a2875abcc5de813f8e8d7212475b
AAFC-BICoE-Galaxy	d99c77e9a44fa25b69c42ca6ad7ae8c402c6debc	wrappers/Mothur_Toolsuite/mothur/tools/mothur/rarefaction.shared.xml	mothur_rarefaction_shared	5bb88c9831ed7ce171e73e8b6ecdc37acc33586ae13ccbf98c4e078423dbc2d7
AAFC-BICoE-Galaxy	d99c77e9a44fa25b69c42ca6ad7ae8c402c6debc	wrappers/Mothur_Toolsuite/mothur/tools/mothur/rarefaction.single.xml	mothur_rarefaction_single	9b72b5da8bc9b9c4bf05da579eedd32673da5d6d0aed39842599ee0faf1f2dcc
AAFC-BICoE-Galaxy	d99c77e9a44fa25b69c42ca6ad7ae8c402c6debc	wrappers/Mothur_Toolsuite/mothur/tools/mothur/remove.groups.xml	mothur_remove_groups	ba3dc54aeb1f57e172df27313c519e508b71b65f343e80dca9e46614696453d2
AAFC-BICoE-Galaxy	d99c77e9a44fa25b69c42ca6ad7ae8c402c6debc	wrappers/Mothur_Toolsuite/mothur/tools/mothur/remove.lineage.xml	mothur_remove_lineage	61e45ebb13024f1b8b9adb4732342ce86536202814b87015d5a7823630e1c262
AAFC-BICoE-Galaxy	d99c77e9a44fa25b69c42ca6ad7ae8c402c6debc	wrappers/Mothur_Toolsuite/mothur/tools/mothur/remove.otulabels.xml	mothur_remove_otulabels	8711695451fec062740e277f5abfc5aeb95225357720d221b6b92edd2dadda91
AAFC-BICoE-Galaxy	d99c77e9a44fa25b69c42ca6ad7ae8c402c6debc	wrappers/Mothur_Toolsuite/mothur/tools/mothur/remove.otus.xml	mothur_remove_otus	3f404677edb738c36601c881723dfdf8720a465673215a025539ec8f662f7d5e
AAFC-BICoE-Galaxy	d99c77e9a44fa25b69c42ca6ad7ae8c402c6debc	wrappers/Mothur_Toolsuite/mothur/tools/mothur/remove.rare.xml	mothur_remove_rare	166e3c5060643fa7ad0f2609d673cb11c7908920e50450d1bfeea98218ea09fd
AAFC-BICoE-Galaxy	d99c77e9a44fa25b69c42ca6ad7ae8c402c6debc	wrappers/Mothur_Toolsuite/mothur/tools/mothur/remove.seqs.xml	mothur_remove_seqs	58a500e151ba47e5bb983ebd60539b86272a7d86e37e518336d71d98b3092400
AAFC-BICoE-Galaxy	d99c77e9a44fa25b69c42ca6ad7ae8c402c6debc	wrappers/Mothur_Toolsuite/mothur/tools/mothur/reverse.seqs.xml	mothur_reverse_seqs	6dc1e4aaf9177c3473b5e291743efe653dd5daf8e94a585c444c7e8856c160a5
AAFC-BICoE-Galaxy	d99c77e9a44fa25b69c42ca6ad7ae8c402c6debc	wrappers/Mothur_Toolsuite/mothur/tools/mothur/screen.seqs.xml	mothur_screen_seqs	01964c97d090ca4de0e73440e0ba5127283f1bbb9876d871fd93acf0c04d524c
AAFC-BICoE-Galaxy	d99c77e9a44fa25b69c42ca6ad7ae8c402c6debc	wrappers/Mothur_Toolsuite/mothur/tools/mothur/sens.spec.xml	mothur_sens_spec	051d309ca08a8a6f594a92a51d315c7d25ea6302ba5e86d797e2f203ee62bc95
AAFC-BICoE-Galaxy	d99c77e9a44fa25b69c42ca6ad7ae8c402c6debc	wrappers/Mothur_Toolsuite/mothur/tools/mothur/seq.error.xml	mothur_seq_error	4f7924c7a22d4f3d8bfff685b5253e9d3473d39456ce4ae85108db7417752079
AAFC-BICoE-Galaxy	d99c77e9a44fa25b69c42ca6ad7ae8c402c6debc	wrappers/Mothur_Toolsuite/mothur/tools/mothur/sffinfo.xml	mothur_sffinfo	220b5163295885d65d1a62c2e6be7678863bf260b9d72f42a28270eb380c2f5d
AAFC-BICoE-Galaxy	d99c77e9a44fa25b69c42ca6ad7ae8c402c6debc	wrappers/Mothur_Toolsuite/mothur/tools/mothur/shhh.flows.xml	mothur_shhh_flows	026c68368b0fdd3f97c975e41a4ef51f38cd0c741a20a8c676cd3235655428c4
AAFC-BICoE-Galaxy	d99c77e9a44fa25b69c42ca6ad7ae8c402c6debc	wrappers/Mothur_Toolsuite/mothur/tools/mothur/shhh.seqs.xml	mothur_shhh_seqs	e133d1ad5f00346eadc76937cfe8da5198cf75391ed8fd6d042ebf4844193757
AAFC-BICoE-Galaxy	d99c77e9a44fa25b69c42ca6ad7ae8c402c6debc	wrappers/Mothur_Toolsuite/mothur/tools/mothur/sort.seqs.xml	mothur_sort_seqs	882252091aee995fa909bb6414a1dc2a637cbfd2c4751a4c3f7c4fd41bb924a8
AAFC-BICoE-Galaxy	d99c77e9a44fa25b69c42ca6ad7ae8c402c6debc	wrappers/Mothur_Toolsuite/mothur/tools/mothur/split.abund.xml	mothur_split_abund	df25a414ae32a02215ddc6108493c61d91059ad5bf4d4b7806a187d76711f98d
AAFC-BICoE-Galaxy	d99c77e9a44fa25b69c42ca6ad7ae8c402c6debc	wrappers/Mothur_Toolsuite/mothur/tools/mothur/split.groups.xml	mothur_split_groups	0e44fd00740386351435322c4aa13d6a70a75aac4e0d355eb94a84adb3220907
AAFC-BICoE-Galaxy	d99c77e9a44fa25b69c42ca6ad7ae8c402c6debc	wrappers/Mothur_Toolsuite/mothur/tools/mothur/sub.sample.xml	mothur_sub_sample	e6f07ced4f8f6143fc7b745bbf56f36913c567951c7e024f40b807ab637fa95c
AAFC-BICoE-Galaxy	d99c77e9a44fa25b69c42ca6ad7ae8c402c6debc	wrappers/Mothur_Toolsuite/mothur/tools/mothur/summary.qual.xml	mothur_summary_qual	8f5a6ab75f6e125720947ae8533366b50bd42251759941bbd9d016478497feb2
AAFC-BICoE-Galaxy	d99c77e9a44fa25b69c42ca6ad7ae8c402c6debc	wrappers/Mothur_Toolsuite/mothur/tools/mothur/summary.seqs.xml	mothur_summary_seqs	d70b53561b1d34ddc992a581c3523183120d7b1bdba8d5e7df4eb7a55fe6d018
AAFC-BICoE-Galaxy	d99c77e9a44fa25b69c42ca6ad7ae8c402c6debc	wrappers/Mothur_Toolsuite/mothur/tools/mothur/summary.shared.xml	mothur_summary_shared	322dfc3045d390c376b3b1e24db0cb9f4e99b32308b4ef6ed8f34a5864888749
AAFC-BICoE-Galaxy	d99c77e9a44fa25b69c42ca6ad7ae8c402c6debc	wrappers/Mothur_Toolsuite/mothur/tools/mothur/summary.single.xml	mothur_summary_single	5a7d7008ed99ff7b007088e9752ec5b4d4b84089c20a4df2f6feeef84e046db6
AAFC-BICoE-Galaxy	d99c77e9a44fa25b69c42ca6ad7ae8c402c6debc	wrappers/Mothur_Toolsuite/mothur/tools/mothur/summary.tax.xml	mothur_summary_tax	24fa58999ed6f12d7d30b7801b3dcb2c10da54a02915b05fe7fead9ecb269c39
AAFC-BICoE-Galaxy	d99c77e9a44fa25b69c42ca6ad7ae8c402c6debc	wrappers/Mothur_Toolsuite/mothur/tools/mothur/tree.shared.xml	mothur_tree_shared	0f48bcd3bcf8cdc979c258ac369f32be81e354226539e26add6a0088b812251b
AAFC-BICoE-Galaxy	d99c77e9a44fa25b69c42ca6ad7ae8c402c6debc	wrappers/Mothur_Toolsuite/mothur/tools/mothur/trim.flows.xml	mothur_trim_flows	3368f3b3e137f72143a98f889de8b94eb97d11fccefbd171e099c693c14ace71
AAFC-BICoE-Galaxy	d99c77e9a44fa25b69c42ca6ad7ae8c402c6debc	wrappers/Mothur_Toolsuite/mothur/tools/mothur/trim.seqs.xml	mothur_trim_seqs	ea3739c14530807497053e5dd17ec2e8bed4a5d1ea3f4e6e69212dd248e4093d
AAFC-BICoE-Galaxy	d99c77e9a44fa25b69c42ca6ad7ae8c402c6debc	wrappers/Mothur_Toolsuite/mothur/tools/mothur/unifrac.unweighted.xml	mothur_unifrac_unweighted	b11be4250025a7fa37f0a46a1b4de42cf67e3028ccea2fb19d1b0aa83eb5f0d2
AAFC-BICoE-Galaxy	d99c77e9a44fa25b69c42ca6ad7ae8c402c6debc	wrappers/Mothur_Toolsuite/mothur/tools/mothur/unifrac.weighted.xml	mothur_unifrac_weighted	7d48adaf1e7d582e39fd46db44e998293b43b111ce61f83a8a81ba30b8ef4a99
AAFC-BICoE-Galaxy	d99c77e9a44fa25b69c42ca6ad7ae8c402c6debc	wrappers/Mothur_Toolsuite/mothur/tools/mothur/unique.seqs.xml	mothur_unique_seqs	a51fae60411d349868a9883ad3901deb7864b23b2da4568355247158aa69edbf
AAFC-BICoE-Galaxy	d99c77e9a44fa25b69c42ca6ad7ae8c402c6debc	wrappers/Mothur_Toolsuite/mothur/tools/mothur/venn.xml	mothur_venn	b7d14ab1ece610f885b31956af41a6ecb3c2ca137e70e2305f33eafdd521b700
AAFC-BICoE-Galaxy	d99c77e9a44fa25b69c42ca6ad7ae8c402c6debc	wrappers/MrBayes/mrbayes.xml	mrbayes	b31ba2b2f8b5f3775e6474ab3a4c0bee015be263cc3d8f679cdb6da31516087c
AAFC-BICoE-Galaxy	d99c77e9a44fa25b69c42ca6ad7ae8c402c6debc	wrappers/PhyML/phyml/phyml_wrapper.xml	phyml_wrapper	c861d29d9142a620bc3548b29392d59fbfc7e541f456e00d768045ed21b45486
AAFC-BICoE-Galaxy	d99c77e9a44fa25b69c42ca6ad7ae8c402c6debc	wrappers/Primer3/primer3_toolsuite/primer3.xml	primer3	47a37b9398ac78b8bce9e317a493442dc572863442046ac9faee4bbcb8970725
AAFC-BICoE-Galaxy	d99c77e9a44fa25b69c42ca6ad7ae8c402c6debc	wrappers/Quast/quast/quast.xml	quast	4b9b0902dfea78c470f4e7df4945f4f169223716c8074ccd35ba22ccd81676ee
AAFC-BICoE-Galaxy	d99c77e9a44fa25b69c42ca6ad7ae8c402c6debc	wrappers/antiSMASH/antismash_wrapper/antiSMASH.xml	antiSMASH_wrapper	20fd5ec3a0b414362a4e6123fa32c89f401724ba5c03a6070d80379c76930ec1
AAFC-BICoE-Galaxy	d99c77e9a44fa25b69c42ca6ad7ae8c402c6debc	wrappers/create_cluster_map/createClusterMap.xml	createClusterMap	c88d3e6a5b69ed9283dba3c2ff5799efc665b20eff2dc65e0c8148c4db26d9d0
AAFC-BICoE-Galaxy	d99c77e9a44fa25b69c42ca6ad7ae8c402c6debc	wrappers/create_otu_table/createBiomOrTaxaMap.xml	createBiomOrTaxaMap	04c95bf957bfe7d79c1a2834537027638ec9c07c144e35d38a6bada00c353fde
AAFC-BICoE-Galaxy	d99c77e9a44fa25b69c42ca6ad7ae8c402c6debc	wrappers/extract_lca_evidence/extractEvidence.xml	extractEvidence	14fa6a8f85d162e6062f1a3bd28a446ee6be540e552ec3f1bb0e04d5f8f878a4
AAFC-BICoE-Galaxy	d99c77e9a44fa25b69c42ca6ad7ae8c402c6debc	wrappers/extract_sequence_subset/createSubsets.xml	createSubsets	cee1023ec1fd5b089759e2ffef11e87044b4f3600ca2ea6ec925ded4c0f5a3b0
AAFC-BICoE-Galaxy	d99c77e9a44fa25b69c42ca6ad7ae8c402c6debc	wrappers/find_lca/findLCA.xml	findLCA	6e732e557586816ce6a1993938e7f7e543bdca6c4c3e39683eac571249fead74
AAFC-BICoE-Galaxy	d99c77e9a44fa25b69c42ca6ad7ae8c402c6debc	wrappers/itsx_to_gff3_converter/ITSxfeature2gff3.xml	ITSxfeature2gff3	7fbcb3c79e71fd800c15bdd5464cb2c07b3b25daf6f3ba11328878917c03e62a
AAFC-BICoE-Galaxy	d99c77e9a44fa25b69c42ca6ad7ae8c402c6debc	wrappers/mafft.xml	mafft	e2f298c92a42e46724caa0af9dfaa97989d7ef17ba138e71cc1663b67f933760
AAFC-BICoE-Galaxy	d99c77e9a44fa25b69c42ca6ad7ae8c402c6debc	wrappers/maker/maker_wrapper/gff3_merge.xml	gff3_merge	6cb39cc2c2293dab79ef0a99d8ee6e5fadecc48fe58f32f750e3fce8f7c99f1a
AAFC-BICoE-Galaxy	d99c77e9a44fa25b69c42ca6ad7ae8c402c6debc	wrappers/maker/maker_wrapper/maker.xml	maker_wrap	b3cd79cd90810285743c4ecb0a4279aced645ffd607a19941d267736c5818673
AAFC-BICoE-Galaxy	d99c77e9a44fa25b69c42ca6ad7ae8c402c6debc	wrappers/maker/maker_wrapper/maker2zff.xml	maker2zff	3376ee0a81505d94202082fe27dccc8dc99726f11e4fe37f2575adccd7721a0c
AAFC-BICoE-Galaxy	d99c77e9a44fa25b69c42ca6ad7ae8c402c6debc	wrappers/maker/maker_wrapper/maker_conf.xml	maker_conf	63d686fc93d1df1a82a8225e64958be066b7dc2ccf7cd7bdb1e10588627f234b
AAFC-BICoE-Galaxy	d99c77e9a44fa25b69c42ca6ad7ae8c402c6debc	wrappers/misa_ssr_toolsuite/fasta_descriptions_remover.xml	fasta_descriptions_remover	9a9351abfddaf9a8a674e0747f827812cb870b4ec5f59394a20dbfc78d5fc605
AAFC-BICoE-Galaxy	d99c77e9a44fa25b69c42ca6ad7ae8c402c6debc	wrappers/misa_ssr_toolsuite/misa_gff3_converter.xml	misa_gff3_converter	e0c478e36bef89887e5667c89301ed6f6bf340b17c096b54539ca06f61f6d0e0
AAFC-BICoE-Galaxy	d99c77e9a44fa25b69c42ca6ad7ae8c402c6debc	wrappers/misa_ssr_toolsuite/misa_primer3input_converter.xml	misa_primer3input_converter	2a357d349a12e99987489ba9f70b2f73e49df632ab4533ea8d947f8f3d9f8af1
AAFC-BICoE-Galaxy	d99c77e9a44fa25b69c42ca6ad7ae8c402c6debc	wrappers/misa_ssr_toolsuite/misa_wrapper.xml	misa	a49c2d02dd34b8892a50bd5af7940408e6456e881c3f3ffd55727486b8b5be05
AAFC-BICoE-Galaxy	d99c77e9a44fa25b69c42ca6ad7ae8c402c6debc	wrappers/nooptsmb.xml	mrbayes2	2e6d313ccd6465a8f8db220e87fe68f090146bf198d5433a918aa5b9d11ab98f
AAFC-BICoE-Galaxy	d99c77e9a44fa25b69c42ca6ad7ae8c402c6debc	wrappers/pull_sequences_by_sample/pullSeqsbySample.xml	pullSeqsbySample	459ac5196a0dbe69409613b48b5b644abead7c6c3283de46e0eabf39221d20c1
AAFC-BICoE-Galaxy	d99c77e9a44fa25b69c42ca6ad7ae8c402c6debc	wrappers/seqdb_tools/tool_wrappers/delete_seqdb_features_wrapper.xml	seqdb_delete_feat	65a5ef014fd8a4043a8f994c5f00e2ecc50f532365e6dae1b587dfffd668fe45
AAFC-BICoE-Galaxy	d99c77e9a44fa25b69c42ca6ad7ae8c402c6debc	wrappers/seqdb_tools/tool_wrappers/pull_seqdb_seqs_wrapper.xml	seqdb_pull_seqs	c39f382acdeb9476506db358147fbe930acd9be474c5c83ea7e018c76ec4f019
AAFC-BICoE-Galaxy	d99c77e9a44fa25b69c42ca6ad7ae8c402c6debc	wrappers/seqdb_tools/tool_wrappers/push_to_seqdb_wrapper.xml	seqdb_its_feat_push	095c9378a2b14a29f86d1a57d031b7f784253420a9f57798c5dabdcce00db2b4
AAFC-BICoE-Galaxy	d99c77e9a44fa25b69c42ca6ad7ae8c402c6debc	wrappers/seqdb_tools/tool_wrappers/seqdb_config_maker_wrapper.xml	seqdb_config	48427cff894221ec8146dea70872344ccdbde2f063874ab51a16c2b8ea48bddb
AAFC-BICoE-Galaxy	d99c77e9a44fa25b69c42ca6ad7ae8c402c6debc	wrappers/update_blastdb/data_manager_blastdb/data_managers/ncbi_blastdb/blastdb.xml	ncbi_blast_plus_update_db	17544ff65ddd5d3c85c9af1b75b7af373c085439450672f2150509aa6b99f507
AAFC-BICoE-Galaxy	d99c77e9a44fa25b69c42ca6ad7ae8c402c6debc	wrappers/update_blastdb/galaxy_blast/data_managers/ncbi_blastdb/ncbi_blastdb.xml	ncbi_blastdb	23c9650f632135fc75befec22cea1c9a212a023ac4c32b513f2095e9f778c82f
AAFC-BICoE-Galaxy	d99c77e9a44fa25b69c42ca6ad7ae8c402c6debc	wrappers/update_blastdb/galaxy_blast/tools/blast2go/blast2go.xml	blast2go	2a7fc2f43ec3ef5ab53f654e26672178f479de0d7b72f335af19648990c9705e
AAFC-BICoE-Galaxy	d99c77e9a44fa25b69c42ca6ad7ae8c402c6debc	wrappers/update_blastdb/galaxy_blast/tools/blastxml_to_top_descr/blastxml_to_top_descr.xml	blastxml_to_top_descr	4ad86ab5e2b221d9f8e7877a2503eac047cd46cfbde9883b34311ea5850dc42d
AAFC-BICoE-Galaxy	d99c77e9a44fa25b69c42ca6ad7ae8c402c6debc	wrappers/update_blastdb/galaxy_blast/tools/ncbi_blast_plus/blastxml_to_tabular.xml	blastxml_to_tabular	6c4aa894e40237fcbcd9cec44c89d6448b0b688437db539ca95d60718f286b2e
AAFC-BICoE-Galaxy	d99c77e9a44fa25b69c42ca6ad7ae8c402c6debc	wrappers/update_blastdb/galaxy_blast/tools/ncbi_blast_plus/ncbi_blastdbcmd_info.xml	ncbi_blastdbcmd_info	dbd7fcc5d9f39656af3c25f958af3ae2a5c91d39d1e6203771d5a08791b72f3f
AAFC-BICoE-Galaxy	d99c77e9a44fa25b69c42ca6ad7ae8c402c6debc	wrappers/update_blastdb/galaxy_blast/tools/ncbi_blast_plus/ncbi_blastdbcmd_wrapper.xml	ncbi_blastdbcmd_wrapper	085406313f82f439c58631a2194442f1dabfd170bbe695d730e0fc4db4d00c4d
AAFC-BICoE-Galaxy	d99c77e9a44fa25b69c42ca6ad7ae8c402c6debc	wrappers/update_blastdb/galaxy_blast/tools/ncbi_blast_plus/ncbi_blastn_wrapper.xml	ncbi_blastn_wrapper	ff58b5d088615a3fb17be10fcc516ea192a68396a05bb7678f2e58f886d95672
AAFC-BICoE-Galaxy	d99c77e9a44fa25b69c42ca6ad7ae8c402c6debc	wrappers/update_blastdb/galaxy_blast/tools/ncbi_blast_plus/ncbi_blastp_wrapper.xml	ncbi_blastp_wrapper	314c279edac1038f99762b0fb9a4402c854b539c408339fae239c70cdeea2133
AAFC-BICoE-Galaxy	d99c77e9a44fa25b69c42ca6ad7ae8c402c6debc	wrappers/update_blastdb/galaxy_blast/tools/ncbi_blast_plus/ncbi_blastx_wrapper.xml	ncbi_blastx_wrapper	27e800ad2154a35b803b267cde0d4d031ffb9f221c6802541e6e1653b8f55a97
AAFC-BICoE-Galaxy	d99c77e9a44fa25b69c42ca6ad7ae8c402c6debc	wrappers/update_blastdb/galaxy_blast/tools/ncbi_blast_plus/ncbi_convert2blastmask_wrapper.xml	ncbi_convert2blastmask_wrapper	2c502b902b2cc4038fc0b4ba41f84bb91d5fa8c35b0d66a50d2fb2f5523e5e2e
AAFC-BICoE-Galaxy	d99c77e9a44fa25b69c42ca6ad7ae8c402c6debc	wrappers/update_blastdb/galaxy_blast/tools/ncbi_blast_plus/ncbi_deltablast_wrapper.xml	ncbi_deltablast_wrapper	eb85150f6ed601cc9b168d2839cba1630164214b6920b33e89c99fcd2ab97109
AAFC-BICoE-Galaxy	d99c77e9a44fa25b69c42ca6ad7ae8c402c6debc	wrappers/update_blastdb/galaxy_blast/tools/ncbi_blast_plus/ncbi_dustmasker_wrapper.xml	ncbi_dustmasker_wrapper	023fc736b828a0afd1d3b3ded5497ad0004444f63e46fe9e02cdce1f173d353f
AAFC-BICoE-Galaxy	d99c77e9a44fa25b69c42ca6ad7ae8c402c6debc	wrappers/update_blastdb/galaxy_blast/tools/ncbi_blast_plus/ncbi_makeblastdb.xml	ncbi_makeblastdb	0b8ee0062a027ae770ebaace34793c1bb2adb0c6f74482b4a33674af46956ebe
AAFC-BICoE-Galaxy	d99c77e9a44fa25b69c42ca6ad7ae8c402c6debc	wrappers/update_blastdb/galaxy_blast/tools/ncbi_blast_plus/ncbi_makeprofiledb.xml	ncbi_makeprofiledb	6d44b92c1997d1e3841e97d7f993d1cb8f8adf51b77d9f5f3bcf18bbe3afa05f
AAFC-BICoE-Galaxy	d99c77e9a44fa25b69c42ca6ad7ae8c402c6debc	wrappers/update_blastdb/galaxy_blast/tools/ncbi_blast_plus/ncbi_psiblast_wrapper.xml	ncbi_psiblast_wrapper	274d286400defdc7ae675f07586eb2cee74638a7801db01f60e6489d842e5f5f
AAFC-BICoE-Galaxy	d99c77e9a44fa25b69c42ca6ad7ae8c402c6debc	wrappers/update_blastdb/galaxy_blast/tools/ncbi_blast_plus/ncbi_rpsblast_wrapper.xml	ncbi_rpsblast_wrapper	9ca7afade4f1b6a334cb97665f6f2d8ef6d1465085a7c3b64956fe7bee5b3086
AAFC-BICoE-Galaxy	d99c77e9a44fa25b69c42ca6ad7ae8c402c6debc	wrappers/update_blastdb/galaxy_blast/tools/ncbi_blast_plus/ncbi_rpstblastn_wrapper.xml	ncbi_rpstblastn_wrapper	f511e9064801a496a744ff9020d9d8eac762154f7a6ab5e8b76725398a013a87
AAFC-BICoE-Galaxy	d99c77e9a44fa25b69c42ca6ad7ae8c402c6debc	wrappers/update_blastdb/galaxy_blast/tools/ncbi_blast_plus/ncbi_segmasker_wrapper.xml	ncbi_segmasker_wrapper	3462c15d7edae762d5c4585c3f64de03b578b4b26c82e810360958aa06619257
AAFC-BICoE-Galaxy	d99c77e9a44fa25b69c42ca6ad7ae8c402c6debc	wrappers/update_blastdb/galaxy_blast/tools/ncbi_blast_plus/ncbi_tblastn_wrapper.xml	ncbi_tblastn_wrapper	9b53035d6283d0b165e6a44974f8f556c85157f85161bef0fb896e9841af0f27
AAFC-BICoE-Galaxy	d99c77e9a44fa25b69c42ca6ad7ae8c402c6debc	wrappers/update_blastdb/galaxy_blast/tools/ncbi_blast_plus/ncbi_tblastx_wrapper.xml	ncbi_tblastx_wrapper	41f6305e68207bdfbd59ed46f7a30828ef4de243fa6bb17cfe426a1123759641
AAFC-BICoE-Galaxy	d99c77e9a44fa25b69c42ca6ad7ae8c402c6debc	wrappers/update_blastdb/galaxy_blast/tools/reciprocal_best_hits/reciprocal_best_hits.xml	reciprocal_best_hits	0a7e6fcf23ef34c8bb231d16af3aa656922e43e3d93af69c1409c2269f91ec0d
AAFC-BICoE-Galaxy	d99c77e9a44fa25b69c42ca6ad7ae8c402c6debc	wrappers/update_blastdb/ncbi_wrappers/tools/ncbi_blast_plus/blastxml_to_tabular.xml	blastxml_to_tabular	6c4aa894e40237fcbcd9cec44c89d6448b0b688437db539ca95d60718f286b2e
AAFC-BICoE-Galaxy	d99c77e9a44fa25b69c42ca6ad7ae8c402c6debc	wrappers/update_blastdb/ncbi_wrappers/tools/ncbi_blast_plus/ncbi_blastdbcmd_info.xml	ncbi_blastdbcmd_info	dbd7fcc5d9f39656af3c25f958af3ae2a5c91d39d1e6203771d5a08791b72f3f
AAFC-BICoE-Galaxy	d99c77e9a44fa25b69c42ca6ad7ae8c402c6debc	wrappers/update_blastdb/ncbi_wrappers/tools/ncbi_blast_plus/ncbi_blastdbcmd_wrapper.xml	ncbi_blastdbcmd_wrapper	085406313f82f439c58631a2194442f1dabfd170bbe695d730e0fc4db4d00c4d
AAFC-BICoE-Galaxy	d99c77e9a44fa25b69c42ca6ad7ae8c402c6debc	wrappers/update_blastdb/ncbi_wrappers/tools/ncbi_blast_plus/ncbi_blastn_wrapper.xml	ncbi_blastn_wrapper	ff58b5d088615a3fb17be10fcc516ea192a68396a05bb7678f2e58f886d95672
AAFC-BICoE-Galaxy	d99c77e9a44fa25b69c42ca6ad7ae8c402c6debc	wrappers/update_blastdb/ncbi_wrappers/tools/ncbi_blast_plus/ncbi_blastp_wrapper.xml	ncbi_blastp_wrapper	314c279edac1038f99762b0fb9a4402c854b539c408339fae239c70cdeea2133
AAFC-BICoE-Galaxy	d99c77e9a44fa25b69c42ca6ad7ae8c402c6debc	wrappers/update_blastdb/ncbi_wrappers/tools/ncbi_blast_plus/ncbi_blastx_wrapper.xml	ncbi_blastx_wrapper	27e800ad2154a35b803b267cde0d4d031ffb9f221c6802541e6e1653b8f55a97
AAFC-BICoE-Galaxy	d99c77e9a44fa25b69c42ca6ad7ae8c402c6debc	wrappers/update_blastdb/ncbi_wrappers/tools/ncbi_blast_plus/ncbi_convert2blastmask_wrapper.xml	ncbi_convert2blastmask_wrapper	2c502b902b2cc4038fc0b4ba41f84bb91d5fa8c35b0d66a50d2fb2f5523e5e2e
AAFC-BICoE-Galaxy	d99c77e9a44fa25b69c42ca6ad7ae8c402c6debc	wrappers/update_blastdb/ncbi_wrappers/tools/ncbi_blast_plus/ncbi_dustmasker_wrapper.xml	ncbi_dustmasker_wrapper	023fc736b828a0afd1d3b3ded5497ad0004444f63e46fe9e02cdce1f173d353f
AAFC-BICoE-Galaxy	d99c77e9a44fa25b69c42ca6ad7ae8c402c6debc	wrappers/update_blastdb/ncbi_wrappers/tools/ncbi_blast_plus/ncbi_makeblastdb.xml	ncbi_makeblastdb	0b8ee0062a027ae770ebaace34793c1bb2adb0c6f74482b4a33674af46956ebe
AAFC-BICoE-Galaxy	d99c77e9a44fa25b69c42ca6ad7ae8c402c6debc	wrappers/update_blastdb/ncbi_wrappers/tools/ncbi_blast_plus/ncbi_rpsblast_wrapper.xml	ncbi_rpsblast_wrapper	9ca7afade4f1b6a334cb97665f6f2d8ef6d1465085a7c3b64956fe7bee5b3086
AAFC-BICoE-Galaxy	d99c77e9a44fa25b69c42ca6ad7ae8c402c6debc	wrappers/update_blastdb/ncbi_wrappers/tools/ncbi_blast_plus/ncbi_rpstblastn_wrapper.xml	ncbi_rpstblastn_wrapper	f511e9064801a496a744ff9020d9d8eac762154f7a6ab5e8b76725398a013a87
AAFC-BICoE-Galaxy	d99c77e9a44fa25b69c42ca6ad7ae8c402c6debc	wrappers/update_blastdb/ncbi_wrappers/tools/ncbi_blast_plus/ncbi_segmasker_wrapper.xml	ncbi_segmasker_wrapper	3462c15d7edae762d5c4585c3f64de03b578b4b26c82e810360958aa06619257
AAFC-BICoE-Galaxy	d99c77e9a44fa25b69c42ca6ad7ae8c402c6debc	wrappers/update_blastdb/ncbi_wrappers/tools/ncbi_blast_plus/ncbi_tblastn_wrapper.xml	ncbi_tblastn_wrapper	9b53035d6283d0b165e6a44974f8f556c85157f85161bef0fb896e9841af0f27
AAFC-BICoE-Galaxy	d99c77e9a44fa25b69c42ca6ad7ae8c402c6debc	wrappers/update_blastdb/ncbi_wrappers/tools/ncbi_blast_plus/ncbi_tblastx_wrapper.xml	ncbi_tblastx_wrapper	41f6305e68207bdfbd59ed46f7a30828ef4de243fa6bb17cfe426a1123759641
AAFC-BICoE-Galaxy	d99c77e9a44fa25b69c42ca6ad7ae8c402c6debc	wrappers/usearch.xml	uclust	7c9e7462ecd510e371aa7675d49cb6cea346c442dc64f17ae1213f0871ef8b4e
einonm-galaxy-tools	61a2d68562a9f254286cfb0c8d3f41d2c0fb0cfc	apt/apt-probeset-genotype.xml	apt-probeset-genotype	d4cce9ff1de57493a590647565b5eb6b0ba576a962cf4cd6842d2f4ac028e9ec
einonm-galaxy-tools	61a2d68562a9f254286cfb0c8d3f41d2c0fb0cfc	penncnv/annotate_penncnv_output.xml	annotate-penncnv-output	f60f0028d7af53f07eb390a6edee52787838bada8a9a5418df6597d084f7814a
einonm-galaxy-tools	61a2d68562a9f254286cfb0c8d3f41d2c0fb0cfc	penncnv/clean_cnv.xml	clean-cnv	d76974dd1752ba2fcbf77bbf34986d1735a418c501f603cf35343307cc49977f
einonm-galaxy-tools	61a2d68562a9f254286cfb0c8d3f41d2c0fb0cfc	penncnv/compile_pfb.xml	compile_pfb	dede365672a18fd5de82c74000b1a25b986046ab4031ff75bbfeff096b18b65d
einonm-galaxy-tools	61a2d68562a9f254286cfb0c8d3f41d2c0fb0cfc	penncnv/detect_cnv.xml	detect_cnv	ec45d9192dd29725a2d29efcae560ce84c005d146317ab0694b7f768c4e0de2b
einonm-galaxy-tools	61a2d68562a9f254286cfb0c8d3f41d2c0fb0cfc	penncnv/filter_cnv.xml	filter-cnv	d65de2b35757cfce2f9b787cae3d3564e2ea5f07b33a896b91144ba8e72d573b
einonm-galaxy-tools	61a2d68562a9f254286cfb0c8d3f41d2c0fb0cfc	penncnv/generate_affy_geno_cluster.xml	generate-affy-geno-cluster	1652049979828b4c0abd93402dcaa1338fedb2a205a187ef8348aab79b83895a
einonm-galaxy-tools	61a2d68562a9f254286cfb0c8d3f41d2c0fb0cfc	penncnv/kcolumn.xml	kcolumn	db1079d250f31e184bdfc109d20e2add4d4fc797c2b61fa9fe6eff729c4a76e0
einonm-galaxy-tools	61a2d68562a9f254286cfb0c8d3f41d2c0fb0cfc	penncnv/normalize_affy_geno_cluster.xml	normalize-affy-geno-cluster	a76db23377b33085424b06f2434e9cb4c80b2d73dd52a728a38d063a1c6620f5
einonm-galaxy-tools	61a2d68562a9f254286cfb0c8d3f41d2c0fb0cfc	penncnv/replace_galaxyids_with_sampleids.xml	replace_galaxyids_with_sampleids	0b14706159a31fa5537564d822b98b7f1f35f7fc3fff99a49669813d00aecf7d
einonm-galaxy-tools	61a2d68562a9f254286cfb0c8d3f41d2c0fb0cfc	plink2/bbf_to_pbed_converter.xml	bbf2pbedconvert	57d9e662b57cb22f2446dda1e7cad53c48b4af08936d7c6e2e87bdbd17c0c62c
einonm-galaxy-tools	61a2d68562a9f254286cfb0c8d3f41d2c0fb0cfc	plink2/het_histograms.xml	het_histograms	dcab2ba470973f98499e6dc5d4845e465dd645a9f231cd920971da0bc6f5184b
einonm-galaxy-tools	61a2d68562a9f254286cfb0c8d3f41d2c0fb0cfc	plink2/miss_graphs.xml	miss_graphs	4924d425e62505648b2173624b9f288cd03bd80d9b6b9af353ff9c74ece83a5b
einonm-galaxy-tools	61a2d68562a9f254286cfb0c8d3f41d2c0fb0cfc	plink2/plink2.xml	plink2	5042d81b21c6ef160632f31755c276dda54519f496e98afbbdfecbebf71031e7
einonm-galaxy-tools	61a2d68562a9f254286cfb0c8d3f41d2c0fb0cfc	plink2/plot_assoc.xml	plot_assoc	9232427f0ba19dde9bfe3d10f133772c23f430a60ca180e0689ff7eb535f665e
phac-nml-galaxy_tools	debf8e40aaac7052123fbde91c16e031498ff83c	tools/abacas/abacas.xml	abacas	55279768bb251cef8a8bf0f1da703dd87ec7884fcf039d242c7687b2e6361e97
phac-nml-galaxy_tools	debf8e40aaac7052123fbde91c16e031498ff83c	tools/assemblystats/assembly_stats_txt.xml	assemblystats	01a435833fc83256ef6e59abeee5a22f1bd0eed980e4307b80c01a76526527a6
phac-nml-galaxy_tools	debf8e40aaac7052123fbde91c16e031498ff83c	tools/bam2mappingstats/bam2mappingstats.xml	bam2mappingstats	db354b630a8052660ede837d7f332d60b06bc9c83ad8004efc21d5ae357e4e39
phac-nml-galaxy_tools	debf8e40aaac7052123fbde91c16e031498ff83c	tools/bamclipper/bamclipper.xml	bamclipper	05130b24dcd71f2f0fdb13942b9a682230c823d4786f1e5439e9f39c94f90511
phac-nml-galaxy_tools	debf8e40aaac7052123fbde91c16e031498ff83c	tools/bcftools/view/bcftools_view.xml	bcftools_view	418e625449ee6a56a345b33e1997f074206702994a1d19f6832fc8b631e42170
phac-nml-galaxy_tools	debf8e40aaac7052123fbde91c16e031498ff83c	tools/biohansel/biohansel.xml	biohansel	fbf8936c653689d2c09b2849d0aa88f02df4e1445a21443989bc9cef35de8a1f
phac-nml-galaxy_tools	debf8e40aaac7052123fbde91c16e031498ff83c	tools/biohansel_bionumeric_converter/bionumeric_convert.xml	bionumeric_convert	eee7fa0bc5d20698d5919dad9e7340d45b2c733eb41558761a6c6ff85086446f
phac-nml-galaxy_tools	debf8e40aaac7052123fbde91c16e031498ff83c	tools/bundle_collections/bundle_collection.xml	bundle_collection	1a8adefe350fcbde46a784c6075adb0ff3438cd89852144d1234596e92ba5a25
phac-nml-galaxy_tools	debf8e40aaac7052123fbde91c16e031498ff83c	tools/collapse_collection/merge.xml	collapse_dataset	c4f619bd250ee4a723017edd815ddc68c7a81c38025a082d61b11465e394460e
phac-nml-galaxy_tools	debf8e40aaac7052123fbde91c16e031498ff83c	tools/combineJSON/combineJSON.xml	combine_json	1582acba2807574c3b928f0a018645ff9663d8a7c7c93279ae20f3e66cf7a724
phac-nml-galaxy_tools	debf8e40aaac7052123fbde91c16e031498ff83c	tools/combine_assembly_stats/combine_stats.xml	combine_stats	d9cfcafdcc211502b5c6bb3e1a5dce5c5c8663854d36d8a1fad4e38b83f6f0ac
phac-nml-galaxy_tools	debf8e40aaac7052123fbde91c16e031498ff83c	tools/combine_tabular_collection/combine.xml	combine	1fa2c76d21f92c8322028b8ba04ac86e04e262843f73b02f066f30c3b95709eb
phac-nml-galaxy_tools	debf8e40aaac7052123fbde91c16e031498ff83c	tools/concat_paired/concat_fastqs.xml	concat_fastqs	39abc3def641bec46f6e42a857bd8892f4ae46fd5510ca5fbfbb54f62cf13c9c
phac-nml-galaxy_tools	debf8e40aaac7052123fbde91c16e031498ff83c	tools/cryptogenotyper/cryptogenotyper.xml	CryptoGenotyper	d7403090f88b554f54073829f36ee13a4b803acd16284c17b24ba780ae9ecf4d
phac-nml-galaxy_tools	debf8e40aaac7052123fbde91c16e031498ff83c	tools/csvtk/awklike-filter.xml	csvtk_awklike_filter	cbbe5b099c619940d2678b3b615e722ed371827fe2fe3f7e065bc1c5a6c4f3b2
phac-nml-galaxy_tools	debf8e40aaac7052123fbde91c16e031498ff83c	tools/csvtk/awklike-mutate.xml	csvtk_awklike_mutate	ac0fb92e5d87b8c29fae372479748a24859c56e04434bfe2def6ef6a1ba8eb36
phac-nml-galaxy_tools	debf8e40aaac7052123fbde91c16e031498ff83c	tools/csvtk/collapse.xml	csvtk_collapse	09065b4ca8193508e0a7de7c04cc4aaa66d3e0f16636c2c46fae71aee9fb2b90
phac-nml-galaxy_tools	debf8e40aaac7052123fbde91c16e031498ff83c	tools/csvtk/concat.xml	csvtk_concat	75a2b4f3188c2d17e3344300adf5d45eb73ac957b79714f473844603124405ce
phac-nml-galaxy_tools	debf8e40aaac7052123fbde91c16e031498ff83c	tools/csvtk/convert.xml	csvtk_convert	603d0f2b1a5482a616a4d0ee704a9ba562b63803b72c8f0d0ae5116afb129599
phac-nml-galaxy_tools	debf8e40aaac7052123fbde91c16e031498ff83c	tools/csvtk/corr.xml	csvtk_correlation	50e51286807e49ae6eded5d6002253ea12f928ac40f3f2f8bf290e005eabec0a
phac-nml-galaxy_tools	debf8e40aaac7052123fbde91c16e031498ff83c	tools/csvtk/cut.xml	csvtk_cut	2ab5f99e0865bdf743c944d47f90486f1a7126c207a54346fd72764c42fd9faf
phac-nml-galaxy_tools	debf8e40aaac7052123fbde91c16e031498ff83c	tools/csvtk/filter.xml	csvtk_filter	417974a892661b16b9b3cbcb38ac0e0c753edae70d3e9c3606aa2dc55f12a067
phac-nml-galaxy_tools	debf8e40aaac7052123fbde91c16e031498ff83c	tools/csvtk/freq.xml	csvtk_freq	78cb13e3321399f630cd4db270e5948d6962ec8ebf0ff5b6ec1ce88b46c5f063
phac-nml-galaxy_tools	debf8e40aaac7052123fbde91c16e031498ff83c	tools/csvtk/gather.xml	csvtk_gather	2ca5c2bf1bce6b8d620437386a48ac6b2c1c2a89d14ed3b6de4cbdf9d847a391
phac-nml-galaxy_tools	debf8e40aaac7052123fbde91c16e031498ff83c	tools/csvtk/join.xml	csvtk_join	b3ff4e5dd655411738f63a7000a9db5e5e0288a80272f0ee34c3462440b2f5ac
phac-nml-galaxy_tools	debf8e40aaac7052123fbde91c16e031498ff83c	tools/csvtk/mutate.xml	csvtk_mutate	83a017cae291c0eb7479d72f41755034e16ea0fc4bd8fa7df9fae02e423e1066
phac-nml-galaxy_tools	debf8e40aaac7052123fbde91c16e031498ff83c	tools/csvtk/plot.xml	csvtk_plot	085bb6d5cdc64dcb0e38d5c4d02f6a83ed154fea7c514abc8061da292aec5a03
phac-nml-galaxy_tools	debf8e40aaac7052123fbde91c16e031498ff83c	tools/csvtk/replace.xml	csvtk_replace	815fd03f32df73c3b5106083db69996e0269727f1e09e5a251c6b7cade7d1924
phac-nml-galaxy_tools	debf8e40aaac7052123fbde91c16e031498ff83c	tools/csvtk/sample.xml	csvtk_sample	64917c0705fcffb5787f194756e7458427bc69e457d8e4b49e71e9187e98ba44
phac-nml-galaxy_tools	debf8e40aaac7052123fbde91c16e031498ff83c	tools/csvtk/separate.xml	csvtk_separate	7c198bb8afec103bb27edd37baf90e7486ca806b63913fe0b48ef72f1bc2b18e
phac-nml-galaxy_tools	debf8e40aaac7052123fbde91c16e031498ff83c	tools/csvtk/sort.xml	csvtk_sort	9c05faf6dfa195811c3d04a4d36714a8b2c924ae10d050a0dc83fd81fd880971
phac-nml-galaxy_tools	debf8e40aaac7052123fbde91c16e031498ff83c	tools/csvtk/split.xml	csvtk_split	23a9c3e7af371800c5c7fd9d2286d0500ecbef894a506bcaf83764e721513368
phac-nml-galaxy_tools	debf8e40aaac7052123fbde91c16e031498ff83c	tools/csvtk/summary.xml	csvtk_summary	d44b98e011c4bc63fdcedc18f2fadb34fc432b62fc7f0604280c2404cc548fe2
phac-nml-galaxy_tools	debf8e40aaac7052123fbde91c16e031498ff83c	tools/csvtk/uniq.xml	csvtk_uniq	2293de564df00a4bbbcd595b474639f387a91dca2cde87e174af92c141566f21
phac-nml-galaxy_tools	debf8e40aaac7052123fbde91c16e031498ff83c	tools/ectyper/ectyper.xml	ectyper	ba1cd2c31bcbd0712ea8d96b880923955f34c0f25407fc112b670760a9d5ad2d
phac-nml-galaxy_tools	debf8e40aaac7052123fbde91c16e031498ff83c	tools/fasta2bed/fasta_to_bed.xml	fasta2bed	070d8d2a1ab89915db5ed61f30df4d07abb3f9b3577eb9b840103b526ca3ce04
phac-nml-galaxy_tools	debf8e40aaac7052123fbde91c16e031498ff83c	tools/fasta_extract/fa-extract-sequence.xml	fa-extract-sequence	a29489ab9d376a539506e7e5dad5e5ca9f7a6538c86d88ac0597a8f28270c51e
phac-nml-galaxy_tools	debf8e40aaac7052123fbde91c16e031498ff83c	tools/fastqc_stats/fastqc_stats.xml	FastQC_Summary	b816dc137938aeafacafd53614d902cc3fc17586de38cb39c17a4bb79025d703
phac-nml-galaxy_tools	debf8e40aaac7052123fbde91c16e031498ff83c	tools/feht/feht.xml	feht	c956b60f42c6b0e3fee79218dc26e9559adec9d0a10aeca077c88f2e01b26954
phac-nml-galaxy_tools	debf8e40aaac7052123fbde91c16e031498ff83c	tools/filter_spades_repeats/filter_spades_repeats.xml	filter_spades_repeat	ee144dd67eea5f7f9940b42b1a2346dc6b3f40f9279c2d49c175e0442408b952
phac-nml-galaxy_tools	debf8e40aaac7052123fbde91c16e031498ff83c	tools/getmlst/getmlst.xml	getmlst	60b7777df4ecfe41a26b2b6f63aab880066d654d28ecbf626f4cd444bfc56332
phac-nml-galaxy_tools	debf8e40aaac7052123fbde91c16e031498ff83c	tools/gnali/gnali.xml	gnali	e2d3e96d1ce771906d8a42ab3288c75cadd853cd5c48fe493fd291d201b635a3
phac-nml-galaxy_tools	debf8e40aaac7052123fbde91c16e031498ff83c	tools/hivtrace/hivtrace.xml	hivtrace	0d214f336e781826bdef2f5d7642b0797dee472eb48f7a83d6fab2128f5bf0d6
phac-nml-galaxy_tools	debf8e40aaac7052123fbde91c16e031498ff83c	tools/kaptive/kaptive.xml	kaptive	adfbc575aa97b4af43fe322ad1ad9543d88af480499d5baa47e2316b46402d1b
phac-nml-galaxy_tools	debf8e40aaac7052123fbde91c16e031498ff83c	tools/kat_filter/kat_filter.xml	kat_filter_seq	44c004f7d0bc9e63cb883cf4c64f0fdaae707b03f62c418d919dd232db389d9c
phac-nml-galaxy_tools	debf8e40aaac7052123fbde91c16e031498ff83c	tools/kat_sect/kat_sect.xml	kat_sect	a26d7d8a359e7695be4dd9424c73edd1f98bd2d47912e9b2b7a0100b44454bcc
phac-nml-galaxy_tools	debf8e40aaac7052123fbde91c16e031498ff83c	tools/mauve_contig_mover/mauve_contig_mover.xml	mauve_contig_mover	17f97f567707ceadd901ad95100eeed5b8a870def78b44084438f4ac058a8db4
phac-nml-galaxy_tools	debf8e40aaac7052123fbde91c16e031498ff83c	tools/mob_suite/mob_recon.xml	mob_recon	dc9edf3c2753d1dcc576eb072ec148dbb98e9dd0a5c345a850c5dbc960f3d28a
phac-nml-galaxy_tools	debf8e40aaac7052123fbde91c16e031498ff83c	tools/mob_suite/mob_typer.xml	mob_typer	35b2353d8467220e6610537c7a528ce9120631523db8e3c05c55a33adafdc97d
phac-nml-galaxy_tools	debf8e40aaac7052123fbde91c16e031498ff83c	tools/mrbayes/mrbayes.xml	mrbayes	e6ffe0e2fd1165f52c699ed8b5bf52ed0cbdbd3619e2c3907ce91e055e16e4c9
phac-nml-galaxy_tools	debf8e40aaac7052123fbde91c16e031498ff83c	tools/mummer4/promer4_substitions.xml	promer4_substitutions	4f2681c6093a66353c30ce2425a77ce245a705db278fa55177a632110b7707ca
phac-nml-galaxy_tools	debf8e40aaac7052123fbde91c16e031498ff83c	tools/mykrobe_parser/mykrobe_parser.xml	mykrobe_parseR	6be46465492b114fdd77fee773bdcf08bb7e5f566b4c4c72f535fd88024b96cc
phac-nml-galaxy_tools	debf8e40aaac7052123fbde91c16e031498ff83c	tools/pangolin/pangolin.xml	pangolin	ef4a8f6dad17238e8440d3a4b7d8f651d79f8507c8a0d86f8371a58c08a7d783
phac-nml-galaxy_tools	debf8e40aaac7052123fbde91c16e031498ff83c	tools/patrist/patrist.xml	patrist	22c360586b7e3d83fea8af168162b02ff356fefb77bda022af95f9687f3b5fc5
phac-nml-galaxy_tools	debf8e40aaac7052123fbde91c16e031498ff83c	tools/plasmid_profiler/plasmid_profiler.xml	plasmid_profiler	061e8616a51b414fc7f914f055d61d87a61d1ff762fc806b8b7ecc0358b00646
phac-nml-galaxy_tools	debf8e40aaac7052123fbde91c16e031498ff83c	tools/plasmidspades/plasmidSPAdes.xml	plasmidspades	fa407ef2571987c4a5f1871b869921e491fb2644d8883ec9e28f714398739679
phac-nml-galaxy_tools	debf8e40aaac7052123fbde91c16e031498ff83c	tools/pneumocat/pneumocat.xml	pneumocat	0328ac3b0958837b8dccca7159a64cbfe4dbb394960e1c6785721e28f5b216d3
phac-nml-galaxy_tools	debf8e40aaac7052123fbde91c16e031498ff83c	tools/promer/promer4_substitions.xml	promer4_substitutions	6f4b639da93203d5715146f357b8c0d58b6997887bf9eb11611c5d8f55c67bfe
phac-nml-galaxy_tools	debf8e40aaac7052123fbde91c16e031498ff83c	tools/pseudogenome/pseudogenome.xml	pseudogenome	44b6579b566143a7a275227622cdbd0d5885cedd5c1e3f02bac8f220408449ce
phac-nml-galaxy_tools	debf8e40aaac7052123fbde91c16e031498ff83c	tools/quasitools/aacoverage.xml	aacoverage	4edaf82e4f96ee8d1bfa2de7a41558519535f3abb7c48caf5cbd6db9ad1fab3f
phac-nml-galaxy_tools	debf8e40aaac7052123fbde91c16e031498ff83c	tools/quasitools/callaavar.xml	aavariants	db18245afea59d9e6e20623d4dd8a95c263b5fd314838bfa0c415cf56df513b5
phac-nml-galaxy_tools	debf8e40aaac7052123fbde91c16e031498ff83c	tools/quasitools/callcodonvar.xml	callcodonvar	daaecb8f3300c2d55e9ce366bef270b5c38bdda5375f75d59ddd768345e89e8a
phac-nml-galaxy_tools	debf8e40aaac7052123fbde91c16e031498ff83c	tools/quasitools/callntvar.xml	callntvar	f6a4d500322f714b58a9e1c1d371dfef8cf4cf8c414ade6a0b7ff7eac265362e
phac-nml-galaxy_tools	debf8e40aaac7052123fbde91c16e031498ff83c	tools/quasitools/complexity_bam.xml	complexity_bam	44687725b551b4dbeaf94606285571f317b7f5af564792c9271fc3c191cc482c
phac-nml-galaxy_tools	debf8e40aaac7052123fbde91c16e031498ff83c	tools/quasitools/complexity_fasta.xml	complexity_fasta	e6f9e327d1bd5d90c3a3b94f9be0f5429118e5a7fc237239e163c8c6b3cfe597
phac-nml-galaxy_tools	debf8e40aaac7052123fbde91c16e031498ff83c	tools/quasitools/consensus.xml	consensus	18a7af364c7cafad87345bca4610b3e75a07a51ed47bb690d3f62dc01f25b8ea
phac-nml-galaxy_tools	debf8e40aaac7052123fbde91c16e031498ff83c	tools/quasitools/distance.xml	distance	6746199a6c1d74d775de8534bf537321fd6fad6c002c8c24474ead9079d65f65
phac-nml-galaxy_tools	debf8e40aaac7052123fbde91c16e031498ff83c	tools/quasitools/dnds.xml	dnds	2c237d3498a6893446bd7ca1e7559dfa942b5dd21800a23809596192dfcdaa0a
phac-nml-galaxy_tools	debf8e40aaac7052123fbde91c16e031498ff83c	tools/quasitools/drmutations.xml	drmutations	838f826a30d95b660b9c17fe7c0d6b8c1d1ffa348e48aabfeebb5ab0178fb4ae
phac-nml-galaxy_tools	debf8e40aaac7052123fbde91c16e031498ff83c	tools/quasitools/hydra.xml	hydra	eeed88efc05e41369816542c75431388e45fc41b86b9bde2cac7708e209fabad
phac-nml-galaxy_tools	debf8e40aaac7052123fbde91c16e031498ff83c	tools/quasitools/quality.xml	quality	d0d3e375e27a9f550e23250c5bb1657e17667c6681580af7553d5f160aab3409
phac-nml-galaxy_tools	debf8e40aaac7052123fbde91c16e031498ff83c	tools/refseq_masher/contains.xml	refseq_masher_contains	efc06b18b5ca7a201ba088fd32a259afdfcea3aed16056ac5bb3603c55ba313f
phac-nml-galaxy_tools	debf8e40aaac7052123fbde91c16e031498ff83c	tools/refseq_masher/matches.xml	refseq_masher_matches	76ed2e212d64faecb9844f4353ad70b2a7fb964107330d4acc2c371263765346
phac-nml-galaxy_tools	debf8e40aaac7052123fbde91c16e031498ff83c	tools/seqtk_nml/seqtk_nml.xml	seqtk_nml_sample	2c0b5ed007a123bd9bfa662422f2dc57ad7cd075e455facfc1bd6011ce76d1f0
phac-nml-galaxy_tools	debf8e40aaac7052123fbde91c16e031498ff83c	tools/sistr_cmd/sistr_cmd.xml	sistr_cmd	a195ffeb72295e00500db6df331a48c381e87bea59419bef16a07b2f993ca8ad
phac-nml-galaxy_tools	debf8e40aaac7052123fbde91c16e031498ff83c	tools/smalt/smalt_map.xml	smalt	814624f2f0747378cf074ac99f1871e36f6a6e5dffb7ebed51b8d50f55f09394
phac-nml-galaxy_tools	debf8e40aaac7052123fbde91c16e031498ff83c	tools/spades_header_fixer/spades_header_fixer.xml	spades_header_fixer	561de21946a6c5a842253d26963c46248c25692f6f1da7e5a07a59b657cfb2ee
phac-nml-galaxy_tools	debf8e40aaac7052123fbde91c16e031498ff83c	tools/spatyper/spatyper.xml	spatyper	0661d26b78f635df70999a9c3baa9789c7a73e9383bead341d76d36380fe0251
phac-nml-galaxy_tools	debf8e40aaac7052123fbde91c16e031498ff83c	tools/spolpred/spolpred.xml	spolpred	d20e54e85c2de88d9f3ff7b36b72102ddfe16903d650d53b7cfb364986bc158b
phac-nml-galaxy_tools	debf8e40aaac7052123fbde91c16e031498ff83c	tools/srst2/srst2.xml	srst2	3039485ffc9b7169216f62d6d5faf3367d3973c17ef0ff5fa5136cfdbeff0f08
phac-nml-galaxy_tools	debf8e40aaac7052123fbde91c16e031498ff83c	tools/staramr/staramr_search.xml	staramr_search	6d70c37bc4f0b5e517a4cd5324f1a9822ee1fdb60868f4b5101b6da57b8b1c81
phac-nml-galaxy_tools	debf8e40aaac7052123fbde91c16e031498ff83c	tools/stringmlst/stringmlst.xml	stringmlst	7c110c34b79b9e5bbd24c5f95c7ae866c2c0862c7562207ec7449ded7830981a
phac-nml-galaxy_tools	debf8e40aaac7052123fbde91c16e031498ff83c	tools/tree_relabeler/tree_relabeler.xml	tree_relabel	f3976c5aedf4e286b370ec6466c621f0d1bfe9c4c0b3ffc8c2333f10b7aad2bb
phac-nml-galaxy_tools	debf8e40aaac7052123fbde91c16e031498ff83c	tools/wade/wade.xml	wade	26f948cdae2170385b8fd07cb3210218fab193734f46220ffc37e1824621ac4b
RECETOX-galaxytools	1a6a3070aaab7c27682190ceb548b5e94076bae3	tools/aoptk/aoptk_chemical_identifier.xml	aoptk_chemical_identifier	3d4857c5bcc806d02271cdaad37620d756c7e56f2fa72ef88f526ec09e303df7
RECETOX-galaxytools	1a6a3070aaab7c27682190ceb548b5e94076bae3	tools/aoptk/aoptk_publication_tracker.xml	aoptk_publication_tracker	3c833b4a65ad323a65e80c7bed47d54bb3bc5a3079d08b1498171d599522ea3d
RECETOX-galaxytools	1a6a3070aaab7c27682190ceb548b5e94076bae3	tools/bioconductor-msnbase/bioconductor_msnbase_centroid.xml	bioconductor_msnbase_centroid	250a4cac4f6b38b6be2b05de709cdf5b064761360676bec37b5bec0c8b9af62a
RECETOX-galaxytools	1a6a3070aaab7c27682190ceb548b5e94076bae3	tools/bioconductor-msnbase/bioconductor_msnbase_smooth_chromatogram.xml	bioconductor_msnbase_smooth_chromatogram	41cd72c7adad5107deb49fa722d8eb3d9036537bdfa674c3ab1836f36b5b9d09
RECETOX-galaxytools	1a6a3070aaab7c27682190ceb548b5e94076bae3	tools/bioconductor-msnbase/bioconductor_msnbase_smooth_mz.xml	bioconductor_msnbase_smooth_mz	17169774150ae6c4cfbd393adba13c4135b938e845265260a599b4b139c07fb2
RECETOX-galaxytools	1a6a3070aaab7c27682190ceb548b5e94076bae3	tools/bioconductor-mzR/bioconductor_mzr_convert.xml	bioconductor_mzr_convert	9fb62897e1752aab2c6fa27ffdbb9b5eed53aa622fbe140a6546bb7b863d5941
RECETOX-galaxytools	1a6a3070aaab7c27682190ceb548b5e94076bae3	tools/bioconductor-scp/bioconductor_scp.xml	bioconductor_scp	84f05cdf97dbb58bf45a35876abd311ffa2eb45b73f6ac7a8f94372df756aa30
RECETOX-galaxytools	1a6a3070aaab7c27682190ceb548b5e94076bae3	tools/biotransformer/biotransformer.xml	biotransformer	cfed8d9a41207c546c42a8f586f8c2cb708b3714efe42dd566154d46926fdc58
RECETOX-galaxytools	1a6a3070aaab7c27682190ceb548b5e94076bae3	tools/export_to_path/export_to_path.xml	export_to_path	7df71d1604b57234fadfad8f4364c4f24d493a5c62fcc3a942a4ce0e8a67773a
RECETOX-galaxytools	1a6a3070aaab7c27682190ceb548b5e94076bae3	tools/filter_compounds/filter_compounds.xml	filter_orgmet_anorg	86ebe96dd92c45c9ec677028d6c191398cd371203e6ba77958d4bb59da309887
RECETOX-galaxytools	1a6a3070aaab7c27682190ceb548b5e94076bae3	tools/freqsap/freqSAP.xml	freqsap	469499e8d5851c7c036cb1a4d1708eff3ffddb8d8031e0bfd1479d5238874293
RECETOX-galaxytools	1a6a3070aaab7c27682190ceb548b5e94076bae3	tools/gc_derivatization/gc_derivatization.xml	gc_derivatization	e9cea0f57f3802433830244e6fda2d53847630b934a9222b5572e9736c6113a0
RECETOX-galaxytools	1a6a3070aaab7c27682190ceb548b5e94076bae3	tools/ipapy2/ipapy2_MS1_annotation.xml	ipapy2_MS1_annotation	2d08b736774b6c8b4007be1365fd069dd7a9f6d5e922728b3c24af3f8db716be
RECETOX-galaxytools	1a6a3070aaab7c27682190ceb548b5e94076bae3	tools/ipapy2/ipapy2_MS2_annotation.xml	ipapy2_MS2_annotation	fa3031241fc2a71a7ca35cfd35c1798e9e23ca65e95b651c7e0acdc2b5c48866
RECETOX-galaxytools	1a6a3070aaab7c27682190ceb548b5e94076bae3	tools/ipapy2/ipapy2_clustering.xml	ipapy2_clustering	784d0031e4251845a27753807f864ce065f7ccda3e7eb51b98bfa55f2b05ed9c
RECETOX-galaxytools	1a6a3070aaab7c27682190ceb548b5e94076bae3	tools/ipapy2/ipapy2_compute_all_adducts.xml	ipapy2_compute_all_adducts	6bd47d0d89ec5d2971e54a2a6aad9dea88a3d98ee7be0e45b4826950db05b872
RECETOX-galaxytools	1a6a3070aaab7c27682190ceb548b5e94076bae3	tools/ipapy2/ipapy2_compute_bio.xml	ipapy2_compute_bio	a7a65dbb3a3e432bffc6fc7a2c932a8d1aa1e58c894e1beba26d05c8cc70d242
RECETOX-galaxytools	1a6a3070aaab7c27682190ceb548b5e94076bae3	tools/ipapy2/ipapy2_gibbs_sampler.xml	ipapy2_gibbs_sampler	58a371fc13d5064a2e5f31a16dd696ec1640b86c50da7417be443ece69ed0f47
RECETOX-galaxytools	1a6a3070aaab7c27682190ceb548b5e94076bae3	tools/ipapy2/ipapy2_gibbs_sampler_add.xml	ipapy2_gibbs_sampler_add	7af17aa41426701d2e8e1b476013106c00c9c9ccd08098df875dce17c192016d
RECETOX-galaxytools	1a6a3070aaab7c27682190ceb548b5e94076bae3	tools/ipapy2/ipapy2_map_isotope_patterns.xml	ipapy2_map_isotope_patterns	9c90e2eb7c203bb9932919e40c8ed5ab6ba3bad2d7b649d9fde444e4f591f74e
RECETOX-galaxytools	1a6a3070aaab7c27682190ceb548b5e94076bae3	tools/isolib/isolib.xml	isolib	43ec83a8951b6fb3d19466ec8c18f4ad7e248cad532e0577285975910369f2ca
RECETOX-galaxytools	1a6a3070aaab7c27682190ceb548b5e94076bae3	tools/matchms/matchms_add_key.xml	matchms_add_key	ffbd2976bbcfeca31edb7ca2eed69993fdd95fba2931388b282ed2a821b329be
RECETOX-galaxytools	1a6a3070aaab7c27682190ceb548b5e94076bae3	tools/matchms/matchms_convert.xml	matchms_convert	a2c2968d8345063df87380ec198c3755b99bd315459814f77bf42f606e723f82
RECETOX-galaxytools	1a6a3070aaab7c27682190ceb548b5e94076bae3	tools/matchms/matchms_export_skyline_transition_list.xml	matchms_matchms_export_skyline_transition_list	31ff4bbde897495124f62f18883bf27d09843ac2918a38c1828599b9a9a43e76
RECETOX-galaxytools	1a6a3070aaab7c27682190ceb548b5e94076bae3	tools/matchms/matchms_filtering.xml	matchms_filtering	58c89fb5e0e045ba8d2a8e80ddb0766571d44f64b8bdbe3fed0b984b18e69917
RECETOX-galaxytools	1a6a3070aaab7c27682190ceb548b5e94076bae3	tools/matchms/matchms_fingerprint_similarity.xml	matchms_fingerprint_similarity	3b5f4d007f8d86a14a0d6c779a059aa46be76195a7c87893c9fe448af363d6f3
RECETOX-galaxytools	1a6a3070aaab7c27682190ceb548b5e94076bae3	tools/matchms/matchms_formatter.xml	matchms_formatter	2f4077455c5151268ef64d6bb64b5d371bf186b7e7cb7d454677b0bc2491a9d8
RECETOX-galaxytools	1a6a3070aaab7c27682190ceb548b5e94076bae3	tools/matchms/matchms_metadata_export.xml	matchms_metadata_export	1549709e5e03d951f54ed25d2e9cd73afb689e7df51f6a6fc6152b18de5f7dee
RECETOX-galaxytools	1a6a3070aaab7c27682190ceb548b5e94076bae3	tools/matchms/matchms_metadata_match.xml	matchms_metadata_match	d0b14540f8a2511399fd29ed81a866c26e951a35e70af5b7603b870c3a9481f4
RECETOX-galaxytools	1a6a3070aaab7c27682190ceb548b5e94076bae3	tools/matchms/matchms_metadata_merge.xml	matchms_metadata_merge	5a532761734b9e4dbe6025e89f00728f86e84af0541d830a8402a17d6a2f8547
RECETOX-galaxytools	1a6a3070aaab7c27682190ceb548b5e94076bae3	tools/matchms/matchms_networking.xml	matchms_networking	d5d9fe9021c6b0595741e348a45232a562af69341bae2f7b1cdc2985c248d610
RECETOX-galaxytools	1a6a3070aaab7c27682190ceb548b5e94076bae3	tools/matchms/matchms_remove_key.xml	matchms_remove_key	a2db917c85797c5ad62ed9a77e97183f195be87c552692a155ed7fc90ba3a941
RECETOX-galaxytools	1a6a3070aaab7c27682190ceb548b5e94076bae3	tools/matchms/matchms_remove_spectra.xml	matchms_remove_spectra	da61f2dcc582020635e70ca348521ee115712d5feda71d3f841c950ebb8563e9
RECETOX-galaxytools	1a6a3070aaab7c27682190ceb548b5e94076bae3	tools/matchms/matchms_spectral_similarity.xml	matchms_spectral_similarity	bc389ed81d51ea627d74631290ffb0a7dbfee93bc2b274a080cca4520b92cc2d
RECETOX-galaxytools	1a6a3070aaab7c27682190ceb548b5e94076bae3	tools/matchms/matchms_split.xml	matchms_split	90732f1d991168da4621270599a4f7ef954f61dbb5383f311610873a7af28773
RECETOX-galaxytools	1a6a3070aaab7c27682190ceb548b5e94076bae3	tools/matchms/matchms_subsetting.xml	matchms_subsetting	dd5065cc9cf91a70527d17463d59988d50494daf2c1f34fca44bb32d96bae43b
RECETOX-galaxytools	1a6a3070aaab7c27682190ceb548b5e94076bae3	tools/mfassignr/mfassignr_findRecalSeries.xml	mfassignr_findRecalSeries	65cf11624617b005e0ac053d087c7769e5846ab17816eaa6a746f8123d480a8d
RECETOX-galaxytools	1a6a3070aaab7c27682190ceb548b5e94076bae3	tools/mfassignr/mfassignr_histnoise.xml	mfassignr_histnoise	e019ecc3430372fb77fc9b90f91f249c8f2a8a59c89c1588a038511a7804fb08
RECETOX-galaxytools	1a6a3070aaab7c27682190ceb548b5e94076bae3	tools/mfassignr/mfassignr_isofiltr.xml	mfassignr_isofiltr	3abb5649e0807cd21334ae3d5884d3c746cac9d60fe4da220e81f66a07f505d4
RECETOX-galaxytools	1a6a3070aaab7c27682190ceb548b5e94076bae3	tools/mfassignr/mfassignr_kmdnoise.xml	mfassignr_kmdnoise	9ef594ec147094edd6c6854c86d77690a95213d68384804eba440c444ef081db
RECETOX-galaxytools	1a6a3070aaab7c27682190ceb548b5e94076bae3	tools/mfassignr/mfassignr_mfassign.xml	mfassignr_mfassign	8d87d5541d330b9f513d632bcf0a2b93f15d5345af2805def9c1c370fd72fbaa
RECETOX-galaxytools	1a6a3070aaab7c27682190ceb548b5e94076bae3	tools/mfassignr/mfassignr_mfassignCHO.xml	mfassignr_mfassignCHO	67c47f1392bb0398c0ce235486e59706d0d8e99ff1b97b91893363422312116f
RECETOX-galaxytools	1a6a3070aaab7c27682190ceb548b5e94076bae3	tools/mfassignr/mfassignr_recal.xml	mfassignr_recal	b62d07cc0cb9963f8fc77088d10d3bfa0c20cf53dedf23a4b5e52d7d5598664d
RECETOX-galaxytools	1a6a3070aaab7c27682190ceb548b5e94076bae3	tools/mfassignr/mfassignr_recallist.xml	mfassignr_recallist	8287e876c45b51550e01fbdc45c2981b6cf682109f8a373f077b64f112545da5
RECETOX-galaxytools	1a6a3070aaab7c27682190ceb548b5e94076bae3	tools/mfassignr/mfassignr_snplot.xml	mfassignr_snplot	3eec473c571523c86409d9603c6d65cae44237081be33cbce10c9453703f80ca
RECETOX-galaxytools	1a6a3070aaab7c27682190ceb548b5e94076bae3	tools/misc/target_screen.xml	target_screen	77137129bb19251fc772833ce642443169d7aa6f4af43a37061bda2ce111e37c
RECETOX-galaxytools	1a6a3070aaab7c27682190ceb548b5e94076bae3	tools/misc/use_theoretical_mz_annotations.xml	use_theoretical_mz_annotations	dfe41c9b79612496fc8faba6058c3fdd663b405e0fbdd4e6dcb6b3b8302cae9f
RECETOX-galaxytools	1a6a3070aaab7c27682190ceb548b5e94076bae3	tools/ms2deepscore/ms2deepscore_config_generator.xml	ms2deepscore_config_generator	5a23a936ae4055b4ae7e8ac91a93dabef89b778ef6ee04b461a647ebe11478f7
RECETOX-galaxytools	1a6a3070aaab7c27682190ceb548b5e94076bae3	tools/ms2deepscore/ms2deepscore_similarity.xml	ms2deepscore_similarity	a74e6ece70ac4fccc54792b3244cad990313a4ed4acf4c02dc98863f7a465f79
RECETOX-galaxytools	1a6a3070aaab7c27682190ceb548b5e94076bae3	tools/ms2deepscore/ms2deepscore_training.xml	ms2deepscore_training	aa935acf82b6c354264068fd38db8f15e6b364d107d88bcfa2c06806235f60ab
RECETOX-galaxytools	1a6a3070aaab7c27682190ceb548b5e94076bae3	tools/msmetaenhancer/msmetaenhancer.xml	msmetaenhancer	447c141705bd7e1d6317f65f515662f0ed05e19d20a6a055c7aced4932c1be37
RECETOX-galaxytools	1a6a3070aaab7c27682190ceb548b5e94076bae3	tools/msp_merge/msp_merge.xml	msp_merge	9e2a3c1beae012d490c5759214f2d7718282b9662d336d20151a31f4d78edf87
RECETOX-galaxytools	1a6a3070aaab7c27682190ceb548b5e94076bae3	tools/mzml_validator/mzml_validator.xml	mzml_validator	239bc010f5593176dcfbe011f6d4e3b0d990ebd7f21e184cfb5c8e1243718451
RECETOX-galaxytools	1a6a3070aaab7c27682190ceb548b5e94076bae3	tools/mzspeclib/mzspeclib_convert.xml	mzspeclib_convert	5fa880db51c0b8103b483c973e7929506a4920f0790d082debc87f63c3e67802
RECETOX-galaxytools	1a6a3070aaab7c27682190ceb548b5e94076bae3	tools/mzspeclib/mzspeclib_describe.xml	mzspeclib_describe	b6329e40545d9769a8860727a26c95ccb9ef90beca53829d9190a9208486ac0a
RECETOX-galaxytools	1a6a3070aaab7c27682190ceb548b5e94076bae3	tools/mzspeclib/mzspeclib_validate.xml	mzspeclib_validate	724cb618e31f26ddf3500bc462f792dd7d507a8f474f242cb05ba2814b51f70a
RECETOX-galaxytools	1a6a3070aaab7c27682190ceb548b5e94076bae3	tools/mztabm/mztabm_validate.xml	mztabm_validate	95e31027caeae58e70636ed7bb69d2b6e8ae311f6f1af20e9917982ed0fcd903
RECETOX-galaxytools	1a6a3070aaab7c27682190ceb548b5e94076bae3	tools/qcxms/qcxms_getres.xml	qcxms_getres	1e2192f23763bc8850e5797c481a035bfaeec9b50ff674bb5c22db78258bbba8
RECETOX-galaxytools	1a6a3070aaab7c27682190ceb548b5e94076bae3	tools/qcxms/qcxms_neutral_run.xml	qcxms_neutral_run	e57c29f9a1e7655cdf2337238c5ce35409629513a9a16294b72d8679b0d0aedf
RECETOX-galaxytools	1a6a3070aaab7c27682190ceb548b5e94076bae3	tools/qcxms/qcxms_prod_run.xml	qcxms_production_run	1bf82037cb5b2ef2f54e6c5462084e10cf05970365e420715123071a6840f662
RECETOX-galaxytools	1a6a3070aaab7c27682190ceb548b5e94076bae3	tools/query/query.xml	query	7403f7eaf05a888e2f643333e5b2f7a46f42b6e24f60da2008093b559fca9e95
RECETOX-galaxytools	1a6a3070aaab7c27682190ceb548b5e94076bae3	tools/ramclustr/ramclustr.xml	ramclustr	51a5ec2392428cc79dec34234b901840d4ebcd830300a5d23380ff0e488bacd8
RECETOX-galaxytools	1a6a3070aaab7c27682190ceb548b5e94076bae3	tools/ramclustr/ramclustr_define_experiment.xml	ramclustr_define_experiment	ff17b936d75064be22d0e7609b6691c8d0c6426daa77d3e23ee779496d22f2fe
RECETOX-galaxytools	1a6a3070aaab7c27682190ceb548b5e94076bae3	tools/rcx-tk/rcx-tk.xml	rcx-tk	8b369bc278cd292e4b430a286a2601d1edc8c0d2c74e34dcadb71e209caed0cc
RECETOX-galaxytools	1a6a3070aaab7c27682190ceb548b5e94076bae3	tools/recetox_aplcms/recetox_aplcms_align_features.xml	recetox_aplcms_align_features	4cf8e01a39e8b83ccb9753c93c39e001326cd835d61b8e2a66e70c0be2431397
RECETOX-galaxytools	1a6a3070aaab7c27682190ceb548b5e94076bae3	tools/recetox_aplcms/recetox_aplcms_compute_clusters.xml	recetox_aplcms_compute_clusters	5e23bdf46d57167fe22351eaf6fa7f459b0912a4b3bd8abef74cc65d779e53b3
RECETOX-galaxytools	1a6a3070aaab7c27682190ceb548b5e94076bae3	tools/recetox_aplcms/recetox_aplcms_compute_template.xml	recetox_aplcms_compute_template	524f5e5b3a8af86494ec58181566830834cf98ce7bcc8579b8e9d2fb1641a40a
RECETOX-galaxytools	1a6a3070aaab7c27682190ceb548b5e94076bae3	tools/recetox_aplcms/recetox_aplcms_correct_time.xml	recetox_aplcms_correct_time	00399417b5af02bdd0c3274a1ad4744bbd0abdb6881d6c313b6b30fd6677e18d
RECETOX-galaxytools	1a6a3070aaab7c27682190ceb548b5e94076bae3	tools/recetox_aplcms/recetox_aplcms_generate_feature_table.xml	recetox_aplcms_generate_feature_table	1394ab80b55986b17f1447d6e6a4919a6d04098a3b3e5a6477a48eafa191e525
RECETOX-galaxytools	1a6a3070aaab7c27682190ceb548b5e94076bae3	tools/recetox_aplcms/recetox_aplcms_merge_known_table.xml	recetox_aplcms_merge_known_table	88a1e1e5673a4306b8d24410a5628dd17e0daed446f78218424a522e808a16dc
RECETOX-galaxytools	1a6a3070aaab7c27682190ceb548b5e94076bae3	tools/recetox_aplcms/recetox_aplcms_recover_weaker_signals.xml	recetox_aplcms_recover_weaker_signals	471484d91349f348e65731b50946bc9a76dfd9f958f9bc701684e77a9859fcff
RECETOX-galaxytools	1a6a3070aaab7c27682190ceb548b5e94076bae3	tools/recetox_aplcms/recetox_aplcms_remove_noise.xml	recetox_aplcms_remove_noise	d020a4ed286eb126c09d14aa8d6ffea7bae9e5a53088e732036f8748a8afeeb6
RECETOX-galaxytools	1a6a3070aaab7c27682190ceb548b5e94076bae3	tools/recetox_boxplot/rcx_boxplot.xml	rcx_boxplot	475a2f6df377b0496f1fd3384ee04b93e90c48f59f450616253134ad2d558a46
RECETOX-galaxytools	1a6a3070aaab7c27682190ceb548b5e94076bae3	tools/recetox_msfinder/recetox_msfinder.xml	recetox_msfinder	9ae896a7d370c01ac88941318aeadf5ff15e589d4a7d4af52cbe304f13ab8d09
RECETOX-galaxytools	1a6a3070aaab7c27682190ceb548b5e94076bae3	tools/recetox_xmsannotator/recetox_xmsannotator_advanced.xml	recetox_xmsannotator_advanced	04cd8c11de67ab9ad91f6cf4b9aa6a85414b0d975f2fd1e5ec8529dfee19a6bc
RECETOX-galaxytools	1a6a3070aaab7c27682190ceb548b5e94076bae3	tools/rem_complex/rem_complex.xml	rem_complex	97fb4bb2122d9e7df4907c2c471bb3c39ebd03bebd9a7a179086ddd79b2d2c8b
RECETOX-galaxytools	1a6a3070aaab7c27682190ceb548b5e94076bae3	tools/rename_annotated_feature/rename_annotated_feature.xml	rename_annotated_feature	b92f315cc2c671155b9e5c4db8adff4509d5058b9a4eb8786848d195864cebdd
RECETOX-galaxytools	1a6a3070aaab7c27682190ceb548b5e94076bae3	tools/retip/retip_apply.xml	retip_apply	426f14677f1ad7e464e43c788e33893e2c69e91bf1e2dca1d81858b3f287f285
RECETOX-galaxytools	1a6a3070aaab7c27682190ceb548b5e94076bae3	tools/retip/retip_descriptors.xml	retip_descriptors	4d43326c1129362012b3587304dae2f90e9f0a784f3118f0e05a8d25fd62a6c9
RECETOX-galaxytools	1a6a3070aaab7c27682190ceb548b5e94076bae3	tools/retip/retip_filter_rt.xml	retip_filter_rt	28afa76af3d10611572049c495342d7088c070967eee4a67a071e5ea523a9e6c
RECETOX-galaxytools	1a6a3070aaab7c27682190ceb548b5e94076bae3	tools/retip/retip_train.xml	retip_train	524683d4e35ca630ffa5fa5db73453715071363f388a8582583e3d4d6341ca1a
RECETOX-galaxytools	1a6a3070aaab7c27682190ceb548b5e94076bae3	tools/riassigner/riassigner.xml	riassigner	beeee2f1a81ae40079b12a28469f8959502401f791ff984b38f94f817d0a69fa
RECETOX-galaxytools	1a6a3070aaab7c27682190ceb548b5e94076bae3	tools/riassigner/riassigner_from_comment.xml	riassigner_from_comment	700081b545f21b4f8f2bdd490e2f45c12e13d8f5b4dfef38aba08b915acfaa92
RECETOX-galaxytools	1a6a3070aaab7c27682190ceb548b5e94076bae3	tools/rmassbank/rmassbank.xml	rmassbank	e1b777dad8d8bbfdbd69b1eefd2ac7fd9764da1fb8e66a49dbfe849215725d51
RECETOX-galaxytools	1a6a3070aaab7c27682190ceb548b5e94076bae3	tools/spec2vec/spec2vec_similarity.xml	spec2vec_similarity	37857935f02279d8a6b59dc96ebda97d851d5d14c09b0bf9740e7a7b2ea60dde
RECETOX-galaxytools	1a6a3070aaab7c27682190ceb548b5e94076bae3	tools/spec2vec/spec2vec_training.xml	spec2vec_training	11c5dbffa9676a99224038e221fadd7537238aa26eb8400ac7c79e21a6625e6d
RECETOX-galaxytools	1a6a3070aaab7c27682190ceb548b5e94076bae3	tools/tables/table_pandas_arithmetics.xml	table_pandas_arithmetics	65bff8fb63729f6af92d39419a9f606c4f9848f9ab8b5a5d7f0b1e8592a41ae3
RECETOX-galaxytools	1a6a3070aaab7c27682190ceb548b5e94076bae3	tools/tables/table_pandas_dropna.xml	table_pandas_dropna	febc61212c1d8fa8bc703b96e26304112f160e3767eedd44b0732105bb7710ed
RECETOX-galaxytools	1a6a3070aaab7c27682190ceb548b5e94076bae3	tools/tables/table_pandas_rename_column.xml	table_pandas_rename_column	79304be58d325110bec43652da8f787ad16aa6a915327cbca67da951ebe61e25
RECETOX-galaxytools	1a6a3070aaab7c27682190ceb548b5e94076bae3	tools/tables/table_pandas_rename_columns_regex.xml	table_pandas_rename_columns_regex	3e4700bfbbd3b33aa5cfafdecc6d202fec9125aa5ccb47202cc7930fe98da416
RECETOX-galaxytools	1a6a3070aaab7c27682190ceb548b5e94076bae3	tools/tables/table_pandas_transform.xml	table_pandas_transform	a64cbcc1542ac6d3b09a1da8be48fccc0e652467aad4c50d2ea83adf9161121e
RECETOX-galaxytools	1a6a3070aaab7c27682190ceb548b5e94076bae3	tools/tables/table_scipy_interpolate.xml	table_scipy_interpolate	0a896a138c63655e1c2656222f5c2e7396391d78620813e443246b1b8f38c690
RECETOX-galaxytools	1a6a3070aaab7c27682190ceb548b5e94076bae3	tools/waveica/waveica.xml	waveica	a72523f1da483c019699c4d74eaf8f329345595bf3a79a712d442b8a49c88bbc
RECETOX-galaxytools	1a6a3070aaab7c27682190ceb548b5e94076bae3	tools/wtv/wtv.xml	wtv	4764c5b58e83376a396c40199a4aa310e4351ab2edb6360c4ca820f3f3bae888
RECETOX-galaxytools	1a6a3070aaab7c27682190ceb548b5e94076bae3	tools/xtb/xtb_molecular_optimization.xml	xtb_molecular_optimization	4b50e4d18d73993bc71d2536df9b1ee9cbf9cf51c7285dab6669e2a391492b92
tools-metabolomics	590172fc7513655f9cbd5d08f09b03fce5faaa8b	tools/camera/abims_CAMERA_annotateDiffreport.xml	abims_CAMERA_annotateDiffreport	f1771fa5774b2396576fe15e74f82e307fef2940e9fa69f452faeeba278df9fe
tools-metabolomics	590172fc7513655f9cbd5d08f09b03fce5faaa8b	tools/camera/abims_CAMERA_combinexsAnnos.xml	abims_CAMERA_combinexsAnnos	62c6d23fd91962af8a968cda2f6f5169957d7123d8787c9d6ecdd2ab61e31b6a
tools-metabolomics	590172fc7513655f9cbd5d08f09b03fce5faaa8b	tools/camera/findAdducts.xml	CAMERA_findAdducts	f84e413fd74ac12b03960a20b4b0244e048b1480774325f6f7914a806897dc1d
tools-metabolomics	590172fc7513655f9cbd5d08f09b03fce5faaa8b	tools/camera/findIsotopes.xml	CAMERA_findIsotopes	c56d1584a7e45337aaa4cd97340ee28f3259d629feca5c5a152ed7909aa1aeb4
tools-metabolomics	590172fc7513655f9cbd5d08f09b03fce5faaa8b	tools/camera/groupCorr.xml	CAMERA_groupCorr	654eebdd392950893f6810f1ac3c9fca40bf0b5fb804abba51f59d570f069af9
tools-metabolomics	590172fc7513655f9cbd5d08f09b03fce5faaa8b	tools/camera/groupFWHM.xml	CAMERA_groupFWHM	afbda27938f3196469bcb22a22b4139f378ea7d9436282c26a31ba92f19a8027
tools-metabolomics	590172fc7513655f9cbd5d08f09b03fce5faaa8b	tools/correlation_analysis/abims_correlation_analysis.xml	correlation_analysis	b58314331327096ba652b075a4e7137928e76e266b1de2e076f2324be9e51b31
tools-metabolomics	590172fc7513655f9cbd5d08f09b03fce5faaa8b	tools/gcms2isocor/gcms2isocor.xml	gcms2isocor	2abb1c963113e91b6e724970c9ec0c05fb4652b2fe87a1dfeae7fc066a1f0a15
tools-metabolomics	590172fc7513655f9cbd5d08f09b03fce5faaa8b	tools/genform/genform.xml	genform	2bf3c1d4efab66b9716cb29950df26376e645542584a6fd15189c5f2b333778d
tools-metabolomics	590172fc7513655f9cbd5d08f09b03fce5faaa8b	tools/influx_data_manager/influx_data_manager.xml	influx_data_manager	8fdb6bbfef9e0aef312238eb2f598877216770e94e97c4ed0d9454a7fb125a69
tools-metabolomics	590172fc7513655f9cbd5d08f09b03fce5faaa8b	tools/influx_si/influx_si.xml	influx_si	1ad63c79786e47bda1bc5a89feb84fd4a25089faf184f990205809ece029a427
tools-metabolomics	590172fc7513655f9cbd5d08f09b03fce5faaa8b	tools/intensity_check/xml_intensity_check.xml	intens_check	0058a0d9048946514a067f66234d7db92572be8677134f49393f8285d9f9e9b9
tools-metabolomics	590172fc7513655f9cbd5d08f09b03fce5faaa8b	tools/ipo/ipo4retgroup.xml	ipo4retgroup	589f21e32f9c8942e2975654477d810fc560bec01ab82316ada880d04a36f385
tools-metabolomics	590172fc7513655f9cbd5d08f09b03fce5faaa8b	tools/ipo/ipo4xcmsSet.xml	ipo4xcmsSet	cd71b8c7845bd8128a8ffce02d122369f72e80a4db83233ae838d397557567b6
tools-metabolomics	590172fc7513655f9cbd5d08f09b03fce5faaa8b	tools/isoplot/isoplot.xml	isoplot	1332f4c84b5ef903a68d28934c84adb79733816ade9ee213089ec3770234ff8c
tools-metabolomics	590172fc7513655f9cbd5d08f09b03fce5faaa8b	tools/kmd_hmdb_data_plot/kmd_hmdb_data_plot.xml	kmd_hmdb_data_plot	22eed1fde276c5880d628d92344213078b6f8cd7d52bbed704eed7fa95943bc9
tools-metabolomics	590172fc7513655f9cbd5d08f09b03fce5faaa8b	tools/mixmodel4repeated_measures/mixmodel.xml	mixmodel4repeated_measures	3208664763c29b0f9799b1c9b6046b8ed2f2255cd69afe7a2fda03bce329a584
tools-metabolomics	590172fc7513655f9cbd5d08f09b03fce5faaa8b	tools/ms2snoop/MS2snoop.xml	ms2snoop	985781012c69f941ae25109fd08e48e7697a3f572f416ccf6646ab6da718f204
tools-metabolomics	590172fc7513655f9cbd5d08f09b03fce5faaa8b	tools/mzxmlshaper/mzXMLShaper.xml	mzxmlshaper	6404cf9d144b387995d9895057b9be706b4866c7d66fc6115b7fe89cb3d9235e
tools-metabolomics	590172fc7513655f9cbd5d08f09b03fce5faaa8b	tools/nmr_annotation/asics_xml.xml	NmrAnnotation	92c05cc7635b7c64fff626a5ad62a3b5fe298a44be31dc94b96f6eedf7b6a4e4
tools-metabolomics	590172fc7513655f9cbd5d08f09b03fce5faaa8b	tools/nmr_annotation2d/annotationRmn2D.xml	2DNmrAnnotation	a2960612f77f19f634d2329131e7d9a60b89a0e4da48c2a0beb2fe95c88daff6
tools-metabolomics	590172fc7513655f9cbd5d08f09b03fce5faaa8b	tools/nmr_preprocessing/NmrPreprocessing.xml	NMR_Preprocessing	8ad53307014049f678fc410ba17f09fd43e4ef2dcb9bf1bef07ef919879bf17e
tools-metabolomics	590172fc7513655f9cbd5d08f09b03fce5faaa8b	tools/nmr_preprocessing/ReadFids.xml	NMR_Read	8ce3cc5fbf1ef728d09c53d454bb6962e651ae27cb13de0abbecdfa597f52876
tools-metabolomics	590172fc7513655f9cbd5d08f09b03fce5faaa8b	tools/normalization/NmrNormalization_xml.xml	normalization	c51c4f75319795744569ec03b50187037244e21e45e1a4457ef96dc1ac69a3da
tools-metabolomics	590172fc7513655f9cbd5d08f09b03fce5faaa8b	tools/physiofit/physiofit.xml	physiofit	850bed2d4531b7e1b1b4270a83446de88fc562425399cb614d108ebdc4eeeaca
tools-metabolomics	590172fc7513655f9cbd5d08f09b03fce5faaa8b	tools/physiofit_manager/physiofit_manager.xml	physiofit_data_manager	df78657b6d78827233aee006c0c88845336b536686ba644815b045d95cb8bc88
tools-metabolomics	590172fc7513655f9cbd5d08f09b03fce5faaa8b	tools/skyline2isocor/skyline2isocor.xml	skyline2isocor	ee476a55864521ab0af5f8fde0c8d630cbd763aadd17628ee79400ed699f0f99
tools-metabolomics	590172fc7513655f9cbd5d08f09b03fce5faaa8b	tools/w4mconcatenate/concat.xml	W4Mconcatenate	b9c77153a541221b73b35c8cc2178ac557d948c189a51faed3f6a28a1c1dba40
tools-metabolomics	590172fc7513655f9cbd5d08f09b03fce5faaa8b	tools/xcms/abims_xcms_fillPeaks.xml	abims_xcms_fillPeaks	9002d324d75720399ee83cf2f9bd5d3a9eb839b579e0498b52eb20d7992755b6
tools-metabolomics	590172fc7513655f9cbd5d08f09b03fce5faaa8b	tools/xcms/abims_xcms_group.xml	abims_xcms_group	cdbda6b0e1a43793da204ff215fb98c233dbb5400405dd43cc7eb03e9e36fdcb
tools-metabolomics	590172fc7513655f9cbd5d08f09b03fce5faaa8b	tools/xcms/abims_xcms_refine.xml	abims_xcms_refine	e45b7bf5e05496cb590c935030f7be2f43d96d1dad833d80fb9ebcffe0cf3971
tools-metabolomics	590172fc7513655f9cbd5d08f09b03fce5faaa8b	tools/xcms/abims_xcms_retcor.xml	abims_xcms_retcor	6657d85aa1c24c624260ff25cdc4867f8c371b51e9f23715658d8f6e3ad2af66
tools-metabolomics	590172fc7513655f9cbd5d08f09b03fce5faaa8b	tools/xcms/abims_xcms_summary.xml	abims_xcms_summary	265160a1829741408f91891cd3e87efb4916a60549158177d1a6219f7f974f80
tools-metabolomics	590172fc7513655f9cbd5d08f09b03fce5faaa8b	tools/xcms/abims_xcms_xcmsSet.xml	abims_xcms_xcmsSet	9eee517c6b01566ba99294d0ae71775cd76bac2a229f4648b680446dc4e1d97a
tools-metabolomics	590172fc7513655f9cbd5d08f09b03fce5faaa8b	tools/xcms/msnbase_readmsdata.xml	msnbase_readmsdata	8d6e2713750c5d7113f81aab30d963620796c3655599bc262cebbe431ddb9cc2
tools-metabolomics	590172fc7513655f9cbd5d08f09b03fce5faaa8b	tools/xcms/xcms_export_samplemetadata.xml	xcms_export_samplemetadata	1799068e9e0ffe3045ee88e1b360a96388b28ac24723d3b7ccd166d387948506
tools-metabolomics	590172fc7513655f9cbd5d08f09b03fce5faaa8b	tools/xcms/xcms_merge.xml	xcms_merge	7eeeee139b9b7f97ebd71ad0169549bb508f72dde3be1503bb620e0f1e86533e
tools-metabolomics	590172fc7513655f9cbd5d08f09b03fce5faaa8b	tools/xcms/xcms_plot_chromatogram.xml	xcms_plot_chromatogram	a4e31b964def30e8e0bf4a2e6e43671f01d0a7040f57d010e22c91bf869d072c
tools-metabolomics	590172fc7513655f9cbd5d08f09b03fce5faaa8b	tools/xcms/xcms_plot_eic.xml	xcms_plot_eic	2d188ec0e1131cca3f83b742ef8f3d5e4c0025419be4d5c36332f63bfe91244b
tools-metabolomics	590172fc7513655f9cbd5d08f09b03fce5faaa8b	tools/xcms/xcms_plot_raw.xml	xcms_plot_raw	73a1e9a2a72038d6f13fe109964c3e3a90665a672cc8ca96955085a5fb3f0260
Galaxy-M	9326df30900532e4d59a6d8e05975b317e08ac91	tools/DataSetObject/AddClasslist.xml	pls_toolbox_add_classlist	64418f0fe6296b4e5304798c9f746524e63f2a123866464661a3f53deb1d03da
Galaxy-M	9326df30900532e4d59a6d8e05975b317e08ac91	tools/DataSetObject/GetAxisscale.xml	pls_toolbox_get_axisscale	293493e8f4220642072406db3efe27bea55cedbabe8e9afb60f99e6584df4377
Galaxy-M	9326df30900532e4d59a6d8e05975b317e08ac91	tools/DataSetObject/GetClasslist.xml	pls_toolbox_get_class_list	b063fc276c732b4a269ef25bd2f8ce786c1d494455a67d062df9c0f0ec614508
Galaxy-M	9326df30900532e4d59a6d8e05975b317e08ac91	tools/DataSetObject/GetPeaklist.xml	pls_toolbox_get_peaklist	6915070ddea990388deb2969435689c9474abe18501c2a8fe962931d39e79c82
Galaxy-M	9326df30900532e4d59a6d8e05975b317e08ac91	tools/DataSetObject/GetXmatrix.xml	pls_toolbox_get_xmatrix	102a75f2b8127d7d7517295406e0de8dbc97eb39b16a4851d906b8a4d1c4d03c
Galaxy-M	9326df30900532e4d59a6d8e05975b317e08ac91	tools/DataSetObject/SetInclude.xml	pls_toolbox_set_include	d9a593532996121b01457abeeb26daf4ea8a6f47ac363a90e4429802f92ffced
Galaxy-M	9326df30900532e4d59a6d8e05975b317e08ac91	tools/MI_Pack/EFS.xml	empirical_formula_search	1560f729afaed94b1bdf0a54d48d1f891ddfd61a5923212bf1c8f617c414d561
Galaxy-M	9326df30900532e4d59a6d8e05975b317e08ac91	tools/MI_Pack/Output.xml	output	123a8f2a8a691145d0f1b58ec9cf64be3a3a8e08a3307a5c2878ec6349cc193c
Galaxy-M	9326df30900532e4d59a6d8e05975b317e08ac91	tools/MI_Pack/PPS.xml	peak_pattern_search	45f5f7e2e6327665fa447c314ae5a82a7edd54ce691bf961f60ed87953e069c2
Galaxy-M	9326df30900532e4d59a6d8e05975b317e08ac91	tools/MI_Pack/SPS.xml	single_peak_search	078b098c106cdf20020b1e283e905280a69a043551346f6552c153ab3d026a99
Galaxy-M	9326df30900532e4d59a6d8e05975b317e08ac91	tools/MI_Pack/TM.xml	transformation_mapping	7753a2b401d5ea32144d0918f53165a5d80665bde257bca15cac7101d218d3aa
Galaxy-M	9326df30900532e4d59a6d8e05975b317e08ac91	tools/MatrixProcessing/Glog.xml	glog_csv	e3dd9db2b931731f76fedc4a2d7e7ab00d3ecff6c08b6cdb53a63def86f69135
Galaxy-M	9326df30900532e4d59a6d8e05975b317e08ac91	tools/MatrixProcessing/Glog_DSO.xml	glog_dso	e12dd305fd44420a369fd7652f1ad8ec1911915ea849e5398034bb53060a4362
Galaxy-M	9326df30900532e4d59a6d8e05975b317e08ac91	tools/MatrixProcessing/ImputeKNN_DSO.xml	mvi_knn	f72b07825e64f14fd723feffaf009a8bbf94a5483be2e9532be9fd24ae9ba3b6
Galaxy-M	9326df30900532e4d59a6d8e05975b317e08ac91	tools/MatrixProcessing/MVI.xml	mvi	25ed5a283cebab58e0dc8ac38de088d400efec706d8cb6fcc016d73745595a7b
Galaxy-M	9326df30900532e4d59a6d8e05975b317e08ac91	tools/MatrixProcessing/Norm.xml	Normalisation	0346c71c4d37579dccc46c03022d02973ccaea3bbf734bed9fb8630fc11cd5da
Galaxy-M	9326df30900532e4d59a6d8e05975b317e08ac91	tools/MatrixProcessing/NormalisePQN_DSO.xml	PQN_Normalisation	eded81f183a2e25fcfc8312b4e818d71e26dcd419d51b0b519b27cc785a20123
Galaxy-M	9326df30900532e4d59a6d8e05975b317e08ac91	tools/MatrixProcessing/Peak_filtering.xml	Peak_filtering	d12878acbe1936626714fcc7bec515c136d08a3bc2cc2eebf21b5595c3e46ddc
Galaxy-M	9326df30900532e4d59a6d8e05975b317e08ac91	tools/MatrixProcessing/Quality_assurance.xml	Quality_Assurance	7db60bd9e9a66d61a8ba54bd3febd85ca81e7bd933f869fa1e1bbca45dec23c7
Galaxy-M	9326df30900532e4d59a6d8e05975b317e08ac91	tools/QCRSC/BatchCorrectionPeakQF.xml	batchcorrectionpeakqf	2e0e1759121c0be7b5162c260b0ab9181ae4a2e0992aad17c122bf76d4626a1a
Galaxy-M	9326df30900532e4d59a6d8e05975b317e08ac91	tools/QCRSC/PeakOutlierDetection.xml	peakoutlierdetection	ad7135b4a8fc925571676ea0c5986197962fd2bfc31b0eac81db8aab117be5ba
Galaxy-M	9326df30900532e4d59a6d8e05975b317e08ac91	tools/QCRSC/PlotResults.xml	plotresults	f4e60317c7e80d87aa6f2553fe9db351be9e7d569fb54fa6a9757d7ad1e04ab5
Galaxy-M	9326df30900532e4d59a6d8e05975b317e08ac91	tools/SimStitch/AlignSamples.xml	alignsample	f1e0b566cf79a26b8a60e59f1018e0381d2cdca6df5ce6319e619d7ab57617d0
Galaxy-M	9326df30900532e4d59a6d8e05975b317e08ac91	tools/SimStitch/BlankFilter.xml	blankfilter	09662a9dd27a6903bccf808e27e9215397499e66eaa6a902309e681d9cc9f751
Galaxy-M	9326df30900532e4d59a6d8e05975b317e08ac91	tools/SimStitch/CreateDSO.xml	createdso	873d1d672ea3279b52df602411596d52ed3871883a8b34db629d02dadef0aed6
Galaxy-M	9326df30900532e4d59a6d8e05975b317e08ac91	tools/SimStitch/MissingValueSampleFilter.xml	missingvaluefilter	4a931d0bac3f1d0b8643c6c001f6a58c4df71ee08c6bbb8e25cc5461adab7d8d
Galaxy-M	9326df30900532e4d59a6d8e05975b317e08ac91	tools/SimStitch/ProcessTransients.xml	proctrans	1325209ff5649d549bdc43407d1c6ba40c1e423a7d54cd61f6cf85c5713ea012
Galaxy-M	9326df30900532e4d59a6d8e05975b317e08ac91	tools/SimStitch/ReplicateFilter.xml	replicatefilter	7720d099fad4e856bb4c8735fbf1c21d6e020ba2d2519b9f27560d01322607ac
Galaxy-M	9326df30900532e4d59a6d8e05975b317e08ac91	tools/SimStitch/SampleFilter.xml	samplefilter	da4f00fa242d4ec4937c4ae753f7f4005ccc526d6608520f5c828cc543b527c7
Galaxy-M	9326df30900532e4d59a6d8e05975b317e08ac91	tools/SimStitch/Stitch.xml	stitch	c5e684770e44ddb715b2003486ae5bc55a5f46336726717ff52ba4c4c832e459
Galaxy-M	9326df30900532e4d59a6d8e05975b317e08ac91	tools/SimStitch/SumTransients.xml	sumtrans	e34e6b8a3ee1db6d9bf39aa68914a30f75768698a595ba761f079860add40168
Galaxy-M	9326df30900532e4d59a6d8e05975b317e08ac91	tools/Statistics/PCAScoresTest.xml	pca_auto	b9b6365e9b3807751baa55df3b5e9333dbd26d66ffdbfbdbed1cdaf163ed1e9b
Galaxy-M	9326df30900532e4d59a6d8e05975b317e08ac91	tools/Statistics/UnivariateAnalysis.xml	univariate	28bd981510b6b5cf10035ba0b429fdf454cb391174e1f72417128af61e1a86b1
Galaxy-M	9326df30900532e4d59a6d8e05975b317e08ac91	tools/XCMS/XCMS.xml	xcms	f4211cbbd8b5087d6c3c48ac01c8bd14a1694d8c4313313effd47a5d6d73a267
Galaxy-M	9326df30900532e4d59a6d8e05975b317e08ac91	tools/data_source/FileListManager.xml	file_list_manager	5aa3e9b37d6cffcaa3e85f5f832b6a1aab4da979945b41e5c8292ce18d7c38c9
tools-artbio	fcb46aafd088f10c4a1c7f00a29dfd443d11c8c3	deprecated/basicplot/basicplot.xml	Basicplot	ec8cdc11316cd20c0a9151310964cd86dd5df5c525f3979490ba3507aa5b97ff
tools-artbio	fcb46aafd088f10c4a1c7f00a29dfd443d11c8c3	deprecated/facturation_ibps/facturation.xml	facturation_ibps	780b5b0c4b95d9b28a074bdb76d934bc097b851d9947764052cfc7e80ae33e91
tools-artbio	fcb46aafd088f10c4a1c7f00a29dfd443d11c8c3	deprecated/gsc_cpm_tpm_rpk/cpm_tpm_rpk.xml	cpm_tpm_rpk	eae4c03d98217fd9248fe93de3e674021b11228d515bbff3bb1b2eef8440281e
tools-artbio	fcb46aafd088f10c4a1c7f00a29dfd443d11c8c3	deprecated/ont_fast5_api/compress_fast5.xml	ont_fast5_api_compress_fast5	0daf47e1c0e47d65c4a31f7b7f7e15a55dc17fde41f87416fda8f3d7af177dc3
tools-artbio	fcb46aafd088f10c4a1c7f00a29dfd443d11c8c3	deprecated/ont_fast5_api/fast5_subset.xml	ont_fast5_api_fast5_subset	881cd6b7c52abfec476f864d4211f1021e733b39f0fbce23d22cf33249a05cb5
tools-artbio	fcb46aafd088f10c4a1c7f00a29dfd443d11c8c3	deprecated/ont_fast5_api/multi_to_single_fast5.xml	ont_fast5_api_multi_to_single_fast5	ff268d5f134c7a7c69d983a4df55942a58f1993736443f66f97d755afc857719
tools-artbio	fcb46aafd088f10c4a1c7f00a29dfd443d11c8c3	deprecated/ont_fast5_api/single_to_multi_fast5.xml	ont_fast5_api_single_to_multi_fast5	596c75677554321937bfe5c89a9dd5c8d4c5c257367cdba1de58b095fbe80e8d
tools-artbio	fcb46aafd088f10c4a1c7f00a29dfd443d11c8c3	deprecated/patser/patser-v3e.xml	patser-v3e	7eb84ab861b470880327018907752b45bb6bf3eb660355ee9049db554ef8664b
tools-artbio	fcb46aafd088f10c4a1c7f00a29dfd443d11c8c3	tools/artbio_bam_cleaning/artbio_bam_cleaning.xml	artbio_bam_cleaning	1369dfff0d4011d50a1cbb58c7f93ed63ac6cac468959894b2cb7b3e21850421
tools-artbio	fcb46aafd088f10c4a1c7f00a29dfd443d11c8c3	tools/bamparse/bamparse.xml	bamparse	7727dbef122358075def785d08a89a027666205de969ce8114143e820aaea890
tools-artbio	fcb46aafd088f10c4a1c7f00a29dfd443d11c8c3	tools/bigwig_to_bedgraph/bigwigtobedgraph.xml	bigwig_to_bedgraph	672e8eacbd2bb5f6ca050ea6bae050b8eaa0e783f4910eac06d9e3e996838e62
tools-artbio	fcb46aafd088f10c4a1c7f00a29dfd443d11c8c3	tools/bigwig_to_wig/bigwig_to_wig.xml	bigwig_to_wig	403dc3860a22fd3ef003bdcde0a7352e46b8d2b6479a767545f512f4da02473d
tools-artbio	fcb46aafd088f10c4a1c7f00a29dfd443d11c8c3	tools/blast_to_scaffold/blast_to_scaffold.xml	blast2scaffold	1ccfd3c9a7f1b79c2aa8d025b242609813b3017dbdf168edb8489feda36aa845
tools-artbio	fcb46aafd088f10c4a1c7f00a29dfd443d11c8c3	tools/blast_unmatched/blast_unmatched.xml	blast_unmatched	0938f906f0c873e73cef3a0c6659413ca48229dae7ab53c9db715029a6f54a1c
tools-artbio	fcb46aafd088f10c4a1c7f00a29dfd443d11c8c3	tools/blastparser_and_hits/BlastParser_and_hits.xml	BlastParser_and_hits	9898172b02d5facb0e28219a9f66e1c3ee166256148aa59da89a5d2744ba2422
tools-artbio	fcb46aafd088f10c4a1c7f00a29dfd443d11c8c3	tools/blastx_to_scaffold/blastx_to_scaffold.xml	blastx2scaffold	42b9241bceaed50cf443aae3e9b627714694643b2d86396ee7a4b5a182af3a12
tools-artbio	fcb46aafd088f10c4a1c7f00a29dfd443d11c8c3	tools/cap3/cap3.xml	cap3	7c3f0409eba8bcf367bcc97eb987b5783b6628f1f054a37a804438f84e058ac9
tools-artbio	fcb46aafd088f10c4a1c7f00a29dfd443d11c8c3	tools/cherry_pick_fasta/cherry_pick_fasta.xml	cherry_pick_fasta	907d3cbd53e5864f609fe196457669a6743c5595afc9ff32a3f406d48990666a
tools-artbio	fcb46aafd088f10c4a1c7f00a29dfd443d11c8c3	tools/concat_multi_datasets/catWrapper.xml	cat_multi_datasets	55aaa45a501c7890cb7a8f2d372b8f4fe933e74bf3fcd10e295d1f95a021c684
tools-artbio	fcb46aafd088f10c4a1c7f00a29dfd443d11c8c3	tools/cpm_tpm_rpk/cpm_tpm_rpk.xml	cpm_tpm_rpk	128c6013557290b84065cfabc9bf92b93835acebd58b0fc5efae2924c645cf10
tools-artbio	fcb46aafd088f10c4a1c7f00a29dfd443d11c8c3	tools/deseq2_normalization/deseq2_normalization.xml	deseq2_normalization	1c035d094846871706fc272572afdf59fd10dfc479de94e04f7c9978c4b65c5c
tools-artbio	fcb46aafd088f10c4a1c7f00a29dfd443d11c8c3	tools/embl2fa/embl2fa.xml	embl2fa	569de409c02f5ef53be1ef9180f30a3990c605da2fce6e1e59f1fed763703ef8
tools-artbio	fcb46aafd088f10c4a1c7f00a29dfd443d11c8c3	tools/ez_histograms/ez_histograms.xml	ez_histograms	dcbcba5d8bb5ed7475db61bb184ade804107989ff154e612ebfd4ae5f41d035f
tools-artbio	fcb46aafd088f10c4a1c7f00a29dfd443d11c8c3	tools/facets/facets_analysis.xml	facets_analysis	1439b89384984912c6a2ba3eade5634bde193f6ccda6d02441761bab7dff138f
tools-artbio	fcb46aafd088f10c4a1c7f00a29dfd443d11c8c3	tools/facets/snp_pileup_for_facets.xml	snp_pileup_for_facets	2b0e66020ad28e8335158c770be5f389a8a5b215295e565ed7cab53e442ac619
tools-artbio	fcb46aafd088f10c4a1c7f00a29dfd443d11c8c3	tools/fetch_fasta_from_ncbi/fetch_fasta_from_NCBI.xml	retrieve_fasta_from_NCBI	549874cff1c127aa68dac7103cb1c02010f1cf42f0969129eb2c8a734e7b8880
tools-artbio	fcb46aafd088f10c4a1c7f00a29dfd443d11c8c3	tools/fisher_test/fisher_test.xml	fishertest	20ec19b09f5f3f65e4997cff0574d6c67cc82628b383013f3caf70d7c6702a62
tools-artbio	fcb46aafd088f10c4a1c7f00a29dfd443d11c8c3	tools/gatk4/FilterMutectCalls.xml	filtermutectcalls	a1e14b532611b78f937a42c848db12d02a08ce42caf1086780e2ba6b8fa1e033
tools-artbio	fcb46aafd088f10c4a1c7f00a29dfd443d11c8c3	tools/gatk4/MergeMutectStats.xml	mergemutectstats	0d20f17d1d65bb1d802c9c29033cfa1cdc72f56be278cb53f05366023fdc9e7d
tools-artbio	fcb46aafd088f10c4a1c7f00a29dfd443d11c8c3	tools/gatk4/Mutect2.xml	mutect2	85a11de2fb297de0090858c477d7f4c6e404a45f992dca6f19c68050a6a561fa
tools-artbio	fcb46aafd088f10c4a1c7f00a29dfd443d11c8c3	tools/get_reference_fasta/get_reference_fasta.xml	get_fasta_reference	946172a8e2a17fe75dd730fc825492fd8640359a048d4bb302787a85621f6d5b
tools-artbio	fcb46aafd088f10c4a1c7f00a29dfd443d11c8c3	tools/gsc_center_scale/center_scale.xml	center_scale	dcd92d5ab48380486e1eba59390c0402650c17c0057cf5965d5eadeaf83bee03
tools-artbio	fcb46aafd088f10c4a1c7f00a29dfd443d11c8c3	tools/gsc_filter_cells/filter_cells.xml	filter_cells	74f1c63bb09587ad0c46cdaee1c9db3447d444cbcbf0408b6fbf528ae93e98fb
tools-artbio	fcb46aafd088f10c4a1c7f00a29dfd443d11c8c3	tools/gsc_filter_genes/filter_genes.xml	filter_genes	1745fd08fbec6d8e2f3afa1c52e5213ceb11b9034db45cb2aa6ba693c647ccba
tools-artbio	fcb46aafd088f10c4a1c7f00a29dfd443d11c8c3	tools/gsc_gene_expression_correlations/correlation_with_signature.xml	single_cell_gene_expression_correlations	cd65004bf1e14b515cbacf959567d9ab4bc114a0009723aac5f2f6cc06f04ba6
tools-artbio	fcb46aafd088f10c4a1c7f00a29dfd443d11c8c3	tools/gsc_high_dimensions_visualisation/high_dim_visu.xml	high_dimensions_visualisation	46d4480aa502f8968b8d8e92c5ad0b2134c7e0cfc357dc2b4703a9ec477b330d
tools-artbio	fcb46aafd088f10c4a1c7f00a29dfd443d11c8c3	tools/gsc_mannwhitney_de/mannwhitney_de.xml	mannwhitney_de	61700f194a5b821281adc251d7f102603f4aa3ff540d526222149618b92b65fe
tools-artbio	fcb46aafd088f10c4a1c7f00a29dfd443d11c8c3	tools/gsc_scran_normalize/scran_normalize.xml	scran_normalize	10a12dabc1de78fa4e738c81b353d8d272d31ac722be26b04b326ce3cb2de70f
tools-artbio	fcb46aafd088f10c4a1c7f00a29dfd443d11c8c3	tools/gsc_signature_score/signature_score.xml	signature_score	814401c587ba71783b1a09b7d0efdcbd5aa59efc5dd88e1815036337ac77ca86
tools-artbio	fcb46aafd088f10c4a1c7f00a29dfd443d11c8c3	tools/guppy/guppy_basecaller.xml	guppy-basecaller	326c895067905fb799fc1186cf75d2319ef0e5249541841d3e88a96f16a4cb4f
tools-artbio	fcb46aafd088f10c4a1c7f00a29dfd443d11c8c3	tools/high_dim_heatmap/heatmap.xml	high_dim_heatmap	aec9e643a0ee8038c84907a49e898b0a79374074c711bb8a82655d4b3822a340
tools-artbio	fcb46aafd088f10c4a1c7f00a29dfd443d11c8c3	tools/justdiff/diff.xml	justdiff	15df596ce8c4e9bfabc582ef39f38a1dea455d114b09baaa3210104b8ce88327
tools-artbio	fcb46aafd088f10c4a1c7f00a29dfd443d11c8c3	tools/justgzip/gzip.xml	justgzip	64f0da1972f4f670d641682888e1714be8db6af197e20bf51d543ca19b14e479
tools-artbio	fcb46aafd088f10c4a1c7f00a29dfd443d11c8c3	tools/lumpy_smoove/lumpy_smoove.xml	lumpy_smoove	30fd391bb8daf176f86a6642e1013bcf2ddcd2c591d3d49bd6f4d66011268c76
tools-artbio	fcb46aafd088f10c4a1c7f00a29dfd443d11c8c3	tools/lumpy_smoove/vcf2hrdetect.xml	vcf2hrdetect	e25248feb72152a88336ef1d76d9cc4f5e619d0d49f82231d156dd5694852198
tools-artbio	fcb46aafd088f10c4a1c7f00a29dfd443d11c8c3	tools/lumpy_sv/lumpy.xml	lumpy	fb81808dd74971407205bb290c8cb47b829566472a98d6cf9af1a6bb618b993f
tools-artbio	fcb46aafd088f10c4a1c7f00a29dfd443d11c8c3	tools/manta/manta.xml	manta	681109eabbc4d402c8720ec06b2b901b2f7ee7e8c6bacb6d2342b2090ce7923a
tools-artbio	fcb46aafd088f10c4a1c7f00a29dfd443d11c8c3	tools/mapping_quality_stats/mapping_quality_stats.xml	mapqstatistics	7f5f696bd85fd8319736211278549ec0c6acd0a79f2f61c357a22971c211d061
tools-artbio	fcb46aafd088f10c4a1c7f00a29dfd443d11c8c3	tools/mircounts/mircounts.xml	mircounts	f18a621091e0e8fca376f7672be9265e183f5ac6d8ed82883457a7d108b8aab9
tools-artbio	fcb46aafd088f10c4a1c7f00a29dfd443d11c8c3	tools/mutational_patterns/mutational_patterns.xml	mutational_patterns	58f6abab0cf03bb8508b1c12f9ea2e81bb0b38efb89112a8ea57c094472479f9
tools-artbio	fcb46aafd088f10c4a1c7f00a29dfd443d11c8c3	tools/oases/oases_optimiser.xml	oasesoptimiserv	3d671ebcbf58febfd6375cd937abab849e5cfa219fc7d7fc6bb8f1d3bb64492d
tools-artbio	fcb46aafd088f10c4a1c7f00a29dfd443d11c8c3	tools/pathifier/pathifier.xml	pathifier	c6092e629e68d9e55efa2514bda03caf72ed63190971287c5808b2d771112ec4
tools-artbio	fcb46aafd088f10c4a1c7f00a29dfd443d11c8c3	tools/pindel/pindelwrapper.xml	pindel	bec5da60efd53609610296bae54079425aa1834701ba684c2db2dd21a2e1c537
tools-artbio	fcb46aafd088f10c4a1c7f00a29dfd443d11c8c3	tools/probecoverage/probecoverage.xml	probecoverage	35994111b42b15758460177ebf4035c825a195e5f7e9b151b9d3b30820c1e98e
tools-artbio	fcb46aafd088f10c4a1c7f00a29dfd443d11c8c3	tools/repenrich/edger-repenrich.xml	edger-repenrich	e837ff276ed4772ef4c0184426a053480cd10c57d730f1ce06d014b73a01f11b
tools-artbio	fcb46aafd088f10c4a1c7f00a29dfd443d11c8c3	tools/repenrich/repenrich.xml	repenrich	5226950fa5bc0167768a7abb81d5428c11f4a693edf129e55d8fc6cffad15fee
tools-artbio	fcb46aafd088f10c4a1c7f00a29dfd443d11c8c3	tools/repenrich2/edger-repenrich2.xml	edger-repenrich2	53e24c4f0996bb9b82967a7e835ca68f68c36c1a25ea61ff934e48542245a5ec
tools-artbio	fcb46aafd088f10c4a1c7f00a29dfd443d11c8c3	tools/repenrich2/repenrich2.xml	repenrich2	f07d30c6139aa0e89d3e3e0d190291851a6fff47e23f8f336cfc26561871a453
tools-artbio	fcb46aafd088f10c4a1c7f00a29dfd443d11c8c3	tools/rsem/extract_transcript_to_gene_map_from_trinity.xml	extract_transcript_to_gene_map_from_trinity	c13ac19a26a1907a91a2b917a4cb12fe57396a2a2a0d1836ba770bb78b7856b8
tools-artbio	fcb46aafd088f10c4a1c7f00a29dfd443d11c8c3	tools/rsem/purge_gtf_from_multichrom_genes.xml	purgegtffrommultichromgenes	c6d9d22dc2a470cd95978233a0d5bde91bbd069182a712423b0df51e5da7c410
tools-artbio	fcb46aafd088f10c4a1c7f00a29dfd443d11c8c3	tools/rsem/rsem-bwt2.xml	rsembowtie2	b2aa96b4474a3c6895c9c880a089632df4269c883ac5d449dd9960a206df6277
tools-artbio	fcb46aafd088f10c4a1c7f00a29dfd443d11c8c3	tools/rsem/rsem.xml	rsembowtie	b8338ba04c272a078905bb0e0c909021ad2f5597a11d2138ee5dcd87051f8980
tools-artbio	fcb46aafd088f10c4a1c7f00a29dfd443d11c8c3	tools/sambamba/sambamba.xml	sambamba_sample_or_filter	173372a9e54be1621ace556d9b438fe43faac17acc82646627344c819950761b
tools-artbio	fcb46aafd088f10c4a1c7f00a29dfd443d11c8c3	tools/sashimi_plot/sashimi_plot.xml	sashimi_plot	ed6c9ce4a1814563b07a637d29e505f91a4e1c384f3396ab1f0edd9834a5eee5
tools-artbio	fcb46aafd088f10c4a1c7f00a29dfd443d11c8c3	tools/sequence_format_converter/sequence_format_converter.xml	sequence_format_converter	3aeb379c8c4ceb9dd6e0b41e08e5a53e304f49adbd0f66455ddd451555148471
tools-artbio	fcb46aafd088f10c4a1c7f00a29dfd443d11c8c3	tools/sigmut/sigmut.xml	SigProfiler	0aa7ced22e94dfb7aae50098ca62a2834a346b8c872387753fd56c3f5db1c88f
tools-artbio	fcb46aafd088f10c4a1c7f00a29dfd443d11c8c3	tools/small_rna_clusters/small_rna_clusters.xml	small_rna_clusters	21ee09d3d5d09bc64183856c0320346bb6b6fea955f3c8e21787978c52f84637
tools-artbio	fcb46aafd088f10c4a1c7f00a29dfd443d11c8c3	tools/small_rna_maps/small_rna_maps.xml	small_rna_maps	2af9f0cf2a25edca23021755228031a31a907b64b54e190c288842f915704264
tools-artbio	fcb46aafd088f10c4a1c7f00a29dfd443d11c8c3	tools/small_rna_signatures/overlapping_reads.xml	overlapping_reads	4f0bf776adb691f4c72f03ec947ab0deffd9619a38c39a4948a51e71649d9265
tools-artbio	fcb46aafd088f10c4a1c7f00a29dfd443d11c8c3	tools/small_rna_signatures/signature.xml	signature	e0a58b9c0fcf90881b7b228541f4611500f07f596e01df8defb524a4a695bd87
tools-artbio	fcb46aafd088f10c4a1c7f00a29dfd443d11c8c3	tools/snvtocnv/sequenza_index.xml	sequenzaindex	3874fb97f8045e6663645845b09bf66e39f9f103c4397fd04845cc92f243a9fc
tools-artbio	fcb46aafd088f10c4a1c7f00a29dfd443d11c8c3	tools/snvtocnv/snvtocnv.xml	snvtocnv	c272a0b9c348dc5245fec81129e0cfb0580fb21d97bbeb4dd549c429e3ef8f5a
tools-artbio	fcb46aafd088f10c4a1c7f00a29dfd443d11c8c3	tools/sr_bowtie/sRbowtie.xml	bowtieForSmallRNA	2f7905396e678146c55602fcfda9948fad4d6fd601ed019fce14f8855e68b9a1
tools-artbio	fcb46aafd088f10c4a1c7f00a29dfd443d11c8c3	tools/sr_bowtie_dataset_annotation/sr_bowtie_dataset_annotation.xml	sr_bowtie_dataset_annotation	ba066d1ac5d3025af1c7c6411634432a2d398f66b42ca02116f8eb0042f8ad47
tools-artbio	fcb46aafd088f10c4a1c7f00a29dfd443d11c8c3	tools/tarfast5/tarfast5.xml	tarfast5	c8f0138a13179a22fbf22edeb068b79ba04d0da566c4e771a74295f5bd286c28
tools-artbio	fcb46aafd088f10c4a1c7f00a29dfd443d11c8c3	tools/varscan_vaf/varscan_vaf.xml	varscan_vaf	9c941d52568b02d4dcc2aaf7fc5e63439b474f629164c419cc848478cd0838f2
tools-artbio	fcb46aafd088f10c4a1c7f00a29dfd443d11c8c3	tools/wisecondorx/wisecondor_npz_converter.xml	wisecondorx_npz_converter	e512b6337113867e77a48ce26920f6f3be90c88d4528f43d622688d66b7bfdeb
tools-artbio	fcb46aafd088f10c4a1c7f00a29dfd443d11c8c3	tools/wisecondorx/wisecondor_predict.xml	wisecondorx_predict	23d536c57c2e381bb5c1860e2db3dc2d0526553a7f588c63ccab76e70bdb49de
tools-artbio	fcb46aafd088f10c4a1c7f00a29dfd443d11c8c3	tools/wisecondorx/wisecondor_reference_builder.xml	wisecondorx_reference_builder	9e9b58075e09be2e0cefa67bf7655ab9459de57e355dcb11c0a5fc2d5a20830e
tools-artbio	fcb46aafd088f10c4a1c7f00a29dfd443d11c8c3	tools/xpore/xpore_dataprep.xml	xpore_dataprep	ee5ece4eda17dad9220acccd3243b936454b405e9ee3604dcb1c5accd0e1ec76
tools-artbio	fcb46aafd088f10c4a1c7f00a29dfd443d11c8c3	tools/xpore/xpore_diffmod.xml	xpore_diffmod	c3de1a57f063a2f2260e6db5bdf488dbb436c3b70542ec80489868c9db39a9f3
tools-artbio	fcb46aafd088f10c4a1c7f00a29dfd443d11c8c3	tools/yac_clipper/yac.xml	yac	d37a77c1ccf4aebdce27e7892c2ef64780649c1c354461369527dd726113e212
tools-ecology	5abfc75700b10a996929e6f2fd3e628846a8333b	tools/CRSConverter/CRSconverter.xml	crsconverter	03eed6d11ccde4dcc8f50164aa3cb6c0274c3b25bd2de4ac74fd05d567070a67
tools-ecology	5abfc75700b10a996929e6f2fd3e628846a8333b	tools/EMLassemblyline/annotations_template.xml	annotations_template	8ced7581ac0ce55c82dfc6d27b55dd40ff0b4ec4136e128d04518909a56d35c5
tools-ecology	5abfc75700b10a996929e6f2fd3e628846a8333b	tools/EMLassemblyline/eal_table_template.xml	eal_table_template	32163846af3b05dc079f467b68de7ad96620578e5728395e5d25adf3686004ee
tools-ecology	5abfc75700b10a996929e6f2fd3e628846a8333b	tools/EMLassemblyline/eal_templates.xml	eal_templates	09c332d1fe215277cdb8f3a95a7fa4ecd5d2c042e3277f17fdf87ec844f12b97
tools-ecology	5abfc75700b10a996929e6f2fd3e628846a8333b	tools/EMLassemblyline/eml2eal.xml	eml2eal	ee2fd2a71d86ce1a6fccbcae12b3845b026967596a861c5e980dd87bafda8bbf
tools-ecology	5abfc75700b10a996929e6f2fd3e628846a8333b	tools/EMLassemblyline/eml_validate.xml	eml_validate	fcb03c63fc6ec6aa5f0738831a0bd8e3535dafceff2665436526574c300cf490
tools-ecology	5abfc75700b10a996929e6f2fd3e628846a8333b	tools/EMLassemblyline/entities_template.xml	entities_template	685c2ad70c661ff8e45f65f8eb6533d8d01532b761eb0655a8f4a52d05ee7e54
tools-ecology	5abfc75700b10a996929e6f2fd3e628846a8333b	tools/EMLassemblyline/geo_cov_template.xml	geo_cov_template	4919c578c7d52ac9cd9c9009cef045021b9d1e1b901122291bd094ab0749e704
tools-ecology	5abfc75700b10a996929e6f2fd3e628846a8333b	tools/EMLassemblyline/make_eml.xml	makeeml	29e48aa809efab7aa7d72b331f56961c0c09cdb509c2c361e5b3ff798d4a237a
tools-ecology	5abfc75700b10a996929e6f2fd3e628846a8333b	tools/EMLassemblyline/raster_template.xml	raster_template	d028f8a1d24b234fd0ae621c6c023f1e5333a0f291c13638d9e2613eb3787f1c
tools-ecology	5abfc75700b10a996929e6f2fd3e628846a8333b	tools/EMLassemblyline/taxo_cov_template.xml	taxo_cov_template	81ab8af3d4e01f36a3ccfa4003c76fbfd170c845ce75cf72565d7b24ec23dd5e
tools-ecology	5abfc75700b10a996929e6f2fd3e628846a8333b	tools/EMLassemblyline/vector_template.xml	vector_template	8cb5f5daca5acdce9f0ca3df4329d70ac646338f29afef9cdff66220824e4e21
tools-ecology	5abfc75700b10a996929e6f2fd3e628846a8333b	tools/Ecoregionalization_workflow/BRT_model.xml	ecoregion_brt_analysis	bc32039e1eea1002bde17d7dad7948a039e461dd2502cb021b845ca49fc08d40
tools-ecology	5abfc75700b10a996929e6f2fd3e628846a8333b	tools/Ecoregionalization_workflow/GeoNearestNeighbor.xml	ecoregion_GeoNearestNeighbor	10825c0676e02a572be53c818c9ca05254e4dc526c78cb0aab3ee975a1dbe3ef
tools-ecology	5abfc75700b10a996929e6f2fd3e628846a8333b	tools/Ecoregionalization_workflow/Nb_cluster.xml	ecoregion_cluster_estimate	bfc98082d604df9f0832f99217871c8cdc33b9b0d871c40766cf0ae1158e4cfe
tools-ecology	5abfc75700b10a996929e6f2fd3e628846a8333b	tools/Ecoregionalization_workflow/claraguess.xml	ClaraGuess	d7c835db8265682bd19ab224b4bff0cf5639ec761c08197a97c85db3d6fa6064
tools-ecology	5abfc75700b10a996929e6f2fd3e628846a8333b	tools/Ecoregionalization_workflow/cluster.xml	ecoregion_clara_cluster	24ed6c2ce85f51ce0e36601157a5cf3b12b221e78ae1cf666f2ed2f76664bf06
tools-ecology	5abfc75700b10a996929e6f2fd3e628846a8333b	tools/Ecoregionalization_workflow/eco_map.xml	ecoregion_eco_map	a3792fd6c7d5d85ec2a1be6a725da25a5c8238e16a75692cca0c0e109d577c95
tools-ecology	5abfc75700b10a996929e6f2fd3e628846a8333b	tools/Ecoregionalization_workflow/indval.xml	indicspecies	ada9e87b91bd48be523dceb2a4f3c41a08c2dd541c72d16f01750fb90aa10fd3
tools-ecology	5abfc75700b10a996929e6f2fd3e628846a8333b	tools/Ecoregionalization_workflow/recup_list.xml	ecoregion_taxa_seeker	cf63178ea8e97eda0b21ded98890ef5043c10838789fdc9a9a4157c8ca19d47a
tools-ecology	5abfc75700b10a996929e6f2fd3e628846a8333b	tools/EstimEndem/EstimEndem.xml	estimate_endem	eaf28b0492adfd4b99085bf7688329546e7f9c50b0a42b429e32c1d1f6159003
tools-ecology	5abfc75700b10a996929e6f2fd3e628846a8333b	tools/Geom_mean_workflow/Map_shp.xml	Map_shp	9e059782d8018b8d61601a2fb8461ee1a50b702a847263f787024561a5930a7a
tools-ecology	5abfc75700b10a996929e6f2fd3e628846a8333b	tools/Geom_mean_workflow/Moyenne_geom.xml	Mean_geom	02e8977d61bf79087099de5902447b24050b75efef8b1fe338bca6840b6c7aab
tools-ecology	5abfc75700b10a996929e6f2fd3e628846a8333b	tools/Geom_mean_workflow/bar_plot.xml	bar_plot	cca47fc12f98c669f21d6b06f1d7126a9e864e140a9549fd94361c51025bba6b
tools-ecology	5abfc75700b10a996929e6f2fd3e628846a8333b	tools/PAMPA/CalculateCommunityMetrics.xml	pampa_communitymetrics	151216cc2ae1de5e0f0d4bd50cc555abca0271584733a880915936a451894298
tools-ecology	5abfc75700b10a996929e6f2fd3e628846a8333b	tools/PAMPA/CalculatePresAbs.xml	pampa_presabs	14ff197f810f702928d85ab51e14f63ebaf0fcffc0f7fcbd6d04b267d74d7eb5
tools-ecology	5abfc75700b10a996929e6f2fd3e628846a8333b	tools/PAMPA/PAMPA_GLM.xml	pampa_glmcomm	d31c30323719ddb290f64e9c3f970e852ff0c562cfae4f179671d79f259f92c7
tools-ecology	5abfc75700b10a996929e6f2fd3e628846a8333b	tools/PAMPA/PAMPA_GLM_SP.xml	pampa_glmsp	93a73b0502f2880ba96dd87085b7668aac518ef9641c95988ea9cedff676c86e
tools-ecology	5abfc75700b10a996929e6f2fd3e628846a8333b	tools/PAMPA/PAMPA_PLOT_GLM.xml	pampa_plotglm	cdc614f64cc99f36622555149d9e6f2807417f8b5e18335ef2fe18f5683fa935
tools-ecology	5abfc75700b10a996929e6f2fd3e628846a8333b	tools/PhylOccuMatcher/PhylOccuMatcher.xml	phylogenetic_occupancy_matcher	94a48f53f80c800ce813b40f5489776daf6e803c6b0246033a51d52f195a888e
tools-ecology	5abfc75700b10a996929e6f2fd3e628846a8333b	tools/PhyloIndex/PhyloIndex.xml	phylo_index	c3e61f9d7dfa28854d0363b136eb82672bdc8c20af27c7f12695a64d8f19fe9a
tools-ecology	5abfc75700b10a996929e6f2fd3e628846a8333b	tools/RLDNe/RLDNe.xml	effective_population_size_ld_method	b5b33d6be95d907f0965ec8de3e6555443c340cc70811a7ace87d81da8d309a3
tools-ecology	5abfc75700b10a996929e6f2fd3e628846a8333b	tools/SSR_filtering/SSR_filtering.xml	ssrfilter	6446ba762eaa2a5f05f47ae9ec2222d6ec31be985402f2207c615c2db9b8652c
tools-ecology	5abfc75700b10a996929e6f2fd3e628846a8333b	tools/Sam3/sam3_semantic_segmentation.xml	sam3_semantic_segmentation	e66eb8c609fdb828d011dd7c4c2155f306491c0786277648d0c9c5ed52fd15b7
tools-ecology	5abfc75700b10a996929e6f2fd3e628846a8333b	tools/Wildlife/wildlife_megadetector_huggingface.xml	wildlife_megadetector_huggingface	9ed4ff41ecb1a729d49fd4bee164084d439751a784149975dde976d14e9c3240
tools-ecology	5abfc75700b10a996929e6f2fd3e628846a8333b	tools/WormsMeasurements/wormsmeasurements.xml	WormsMeasurements	8906c103bac5a11fbceaeab3f863fa4e82a4cb6ec125f97047ee1d14eaf46812
tools-ecology	5abfc75700b10a996929e6f2fd3e628846a8333b	tools/ab1_fastq/ab1fastq.xml	ab1_fastq_converter	ccdcc0cccd9d80d0d00d11b01fe9d6d9d3012564102a093a26b30d1574497d82
tools-ecology	5abfc75700b10a996929e6f2fd3e628846a8333b	tools/aquainfra_importer/aquainfra_importer.xml	aquainfra_importer	9bf2a0f426689492d9eb349c773173d948275655ebb4d2725779270f48bd800c
tools-ecology	5abfc75700b10a996929e6f2fd3e628846a8333b	tools/aquainfra_ogc_api_processes/aquainfra_ogc_api_processes.xml	aquainfra_ogc_api_processes	4bab7d30a91fe7577fa6508b4de55aca31896484c7730962c5fd0cb906a2b0bb
tools-ecology	5abfc75700b10a996929e6f2fd3e628846a8333b	tools/bgc_ocean/bgc_harmonizer.xml	harmonize_insitu_to_netcdf	f24e62754f81d2e2862ad40cc1545d60e1ba0683b4688c53e47e2571bc054759
tools-ecology	5abfc75700b10a996929e6f2fd3e628846a8333b	tools/ccds_download_era5_af/ccds_download_era5_af.xml	ccds_download_era5_af	b72be36e05fcac61df3a94d83d329a4cdaa4d9e5380ba44363f2f865d6ea6db9
tools-ecology	5abfc75700b10a996929e6f2fd3e628846a8333b	tools/champ_blocs/cb_dissimilarity.xml	cb_dissim	e9cde04993b0a88ef06b2f9c98f7edda3dd841ac248704567666e8ab1d066b2b
tools-ecology	5abfc75700b10a996929e6f2fd3e628846a8333b	tools/champ_blocs/cb_ivr.xml	cb_ivr	b0c58bbd7fc65723405917ba261758dc1e137a2dfb421f633e908884a49cc20b
tools-ecology	5abfc75700b10a996929e6f2fd3e628846a8333b	tools/champ_blocs/div_index.xml	cb_div	75814c4fb2dba670cea27ca94c227c6b0facb50051b1c74a8735b677a38ca00c
tools-ecology	5abfc75700b10a996929e6f2fd3e628846a8333b	tools/cmems_download_ic_bc/cmems_download_ic_bc.xml	cmems_download_ic_bc	dbfa16a548e60d254d26fbbf3c159b193f68b1a20b7d33fb32bfa42e231a85ed
tools-ecology	5abfc75700b10a996929e6f2fd3e628846a8333b	tools/consensus_from_alignments/consalign.xml	aligned_to_consensus	a7eeb4f00edbc7bd5eec24bb8a45a4c7cbc083dac059e94574e9afac670cc7cf
tools-ecology	5abfc75700b10a996929e6f2fd3e628846a8333b	tools/data_exploration/anonymization.xml	tool_anonymization	59e46ce2119a15803b3cf625ac4fde3fcc6bdfe54768917f950ec09bc651e860
tools-ecology	5abfc75700b10a996929e6f2fd3e628846a8333b	tools/data_exploration/homogeneity_normality.xml	ecology_homogeneity_normality	6ffb192d3992d31e6d7a18ffc81c605dca679edf777858b62f7587b532a32a86
tools-ecology	5abfc75700b10a996929e6f2fd3e628846a8333b	tools/data_exploration/lcbd.xml	ecology_beta_diversity	11755c366a387d83e8e7b742de936fe700147825f9386b96ffafae3a8809a85c
tools-ecology	5abfc75700b10a996929e6f2fd3e628846a8333b	tools/data_exploration/link_between_var.xml	ecology_link_between_var	2d8bf7fb48c48de915ce86f646f497d957a475f323cdb485d9f6199fe19d5c98
tools-ecology	5abfc75700b10a996929e6f2fd3e628846a8333b	tools/data_exploration/presence_abs_abund.xml	ecology_presence_abs_abund	548314c758ca55f0882ea2ee51e10bdda59df4f6285f8cae5d7a3653c102f7ff
tools-ecology	5abfc75700b10a996929e6f2fd3e628846a8333b	tools/data_exploration/stat_presence_abs.xml	ecology_stat_presence_abs	69e27a1749d367905d00de05164ec9eaf9f4a6155fabc976c3ce79e7355ff5a2
tools-ecology	5abfc75700b10a996929e6f2fd3e628846a8333b	tools/data_manipulation/xarray/timeseries_plot.xml	timeseries_extraction	39495b52d5c89ed9cd4a49fdaa6a7df33a6f0b34e915f51d4b96c74d61ce6f8f
tools-ecology	5abfc75700b10a996929e6f2fd3e628846a8333b	tools/data_manipulation/xarray/xarray_coords_info.xml	xarray_coords_info	e2863ebd7f94c8c110e8337b7715ceeb302f1e5f997a340207bfc37b2bfe5760
tools-ecology	5abfc75700b10a996929e6f2fd3e628846a8333b	tools/data_manipulation/xarray/xarray_mapplot.xml	xarray_mapplot	acc4b89eece24b68defdf803311fd39f74ebeba0026446c969fbfb554e37ebce
tools-ecology	5abfc75700b10a996929e6f2fd3e628846a8333b	tools/data_manipulation/xarray/xarray_metadata_info.xml	xarray_metadata_info	9c8746337e189c1ea99fba35172716a84fac12ebdf6777f8fb76ce4500a4a5d8
tools-ecology	5abfc75700b10a996929e6f2fd3e628846a8333b	tools/data_manipulation/xarray/xarray_netcdf2netcdf.xml	xarray_netcdf2netcdf	2eed7658697e2e062b0ea990635b5367a6c2f281b61eecd3f79ec9ff04b93341
tools-ecology	5abfc75700b10a996929e6f2fd3e628846a8333b	tools/data_manipulation/xarray/xarray_select.xml	xarray_select	ad52d1ee7b1a03d830ff0fd01b9ed7689fa5e32a075d4d3ba77e2badfa31bac9
tools-ecology	5abfc75700b10a996929e6f2fd3e628846a8333b	tools/earth/landcover_subindic.xml	landcover_subindicator	065f7f6c4d5177267a5d46a51816a862004072bd2d25358bbdc1706a044b44b7
tools-ecology	5abfc75700b10a996929e6f2fd3e628846a8333b	tools/gdal/gdal_merge.xml	gdal_gdal_merge	5255556c0d94401d209c127d872b8d66306f3d8cf627ae5d838cdec5d882f8fc
tools-ecology	5abfc75700b10a996929e6f2fd3e628846a8333b	tools/gdal/gdal_translate.xml	gdal_gdal_translate	e5a81f97586e9081cd7ffbd9c0ee9ee1eeaaa79ccd3bebf809a0947f92eb1105
tools-ecology	5abfc75700b10a996929e6f2fd3e628846a8333b	tools/gdal/gdaladdo.xml	gdal_gdaladdo	a6a8f7690c03eb98bedb9b4ba5bb71a0563db4004dbedb6782ac0474ae001040
tools-ecology	5abfc75700b10a996929e6f2fd3e628846a8333b	tools/gdal/gdalbuildvrt.xml	gdal_gdalbuildvrt	ea8945716c626138123330185bc34fb1638d3a1cc7728f112435151c1f7fec6a
tools-ecology	5abfc75700b10a996929e6f2fd3e628846a8333b	tools/gdal/gdalinfo.xml	gdal_gdalinfo	3b8ee07355f41b7818e47a9b4e074175218ad95bf77ceebfe486918c149ca343
tools-ecology	5abfc75700b10a996929e6f2fd3e628846a8333b	tools/gdal/gdalwarp.xml	gdal_gdalwarp	540eb9fb623a3b9d987c4d5e02222e30f9675222a6191ce45bbdf290146962d0
tools-ecology	5abfc75700b10a996929e6f2fd3e628846a8333b	tools/gdal/ogr2ogr.xml	gdal_ogr2ogr	45a3019ca6382f1aaf3f0cfc7f5664d1e9b606a8e699ad375a1baa34adba4a3f
tools-ecology	5abfc75700b10a996929e6f2fd3e628846a8333b	tools/gdal/ogrinfo.xml	gdal_ogrinfo	4c4648bb3f013ce1f122238ba5750dc9d17828e860a4302d2d27012273428ab9
tools-ecology	5abfc75700b10a996929e6f2fd3e628846a8333b	tools/genetic_format_conversion/genetic_format_conversion.xml	genetic_format_conversion	2cf9fc8ef125a3c0b48cc2973d85f9f418e1574dd3e88f9e6e80a4761ffa1df4
tools-ecology	5abfc75700b10a996929e6f2fd3e628846a8333b	tools/hirondelle_crim_ogc_api_processes/crim_project_ogc_api_processes.xml	hirondelle_crim	ed2cdf30a39ee6682be534d2c7cb320d0237a800ae2b13f63265c13692980df9
tools-ecology	5abfc75700b10a996929e6f2fd3e628846a8333b	tools/interactive/interactivetool_geoexplorer.xml	interactive_tool_geoexplorer	afe19f57eb99299ad7db07718edf233d240b29bd722eb459c136b70a832b258d
tools-ecology	5abfc75700b10a996929e6f2fd3e628846a8333b	tools/interactive/interactivetool_openrefine.xml	interactive_tool_openrefine	3b9114498c50e323dfe0f7ea713ac134f7391ef789fcda0c8693f3ba97e5c191
tools-ecology	5abfc75700b10a996929e6f2fd3e628846a8333b	tools/interactive/interactivetool_radiant.xml	interactive_tool_radiant	98ac9f681f5fbe2727a3b98bebd5142628c35eaaea042e672528bbe9a7c2b68f
tools-ecology	5abfc75700b10a996929e6f2fd3e628846a8333b	tools/interactive/interactivetool_wallace.xml	interactive_tool_wallace	2f82a7356a4db0637bba5b42366f396325733b6f7611d67762306ee2e3cca4ec
tools-ecology	5abfc75700b10a996929e6f2fd3e628846a8333b	tools/interpolation/run_idw_interpolation.xml	interpolation_run_idw_interpolation	6df788296726544cf4e4d3ae5939a355f9ef17f172e31f02202ad6050cb7c4a6
tools-ecology	5abfc75700b10a996929e6f2fd3e628846a8333b	tools/make_data_paper_sketches/draft_data_paper.xml	data_paper_from_EML	8b5a04f29aee0a965024936349319ae6a5f00b44c994b26b492edd29bf6441a2
tools-ecology	5abfc75700b10a996929e6f2fd3e628846a8333b	tools/marine_omics/sanntis.xml	sanntis_marine	904b6a06cd34a594f00b272f14bd5454b16557ab0c87ed68f21c5581082503de
tools-ecology	5abfc75700b10a996929e6f2fd3e628846a8333b	tools/medenv/med_environ.xml	iabiodiv_smartbiodiv_med_environ	b965f3a8f3c1d21e50b4fd4583cfdf337049f8f90dfdb23e1a18f925fcda9dd8
tools-ecology	5abfc75700b10a996929e6f2fd3e628846a8333b	tools/nfdi4earth_os4a_importer/nfdi4earth_os4a_importer.xml	nfdi4earth_os4a	ca4dbdd9ee2ebcf9d3326d12a9917bbf44c99dbd72c22c5bf520cc744596bdd5
tools-ecology	5abfc75700b10a996929e6f2fd3e628846a8333b	tools/obisindicators/obisindicators.xml	obisindicators	628c832d6afe76ec6bd7ad5bf8a0a3089acfc6489db8e98546f6e9d270122bc5
tools-ecology	5abfc75700b10a996929e6f2fd3e628846a8333b	tools/obisindicators/robis.xml	obis_data	6d9dd845febcd25045e80a420f3a6a606b6843bf5abd037ddb30d083e206248a
tools-ecology	5abfc75700b10a996929e6f2fd3e628846a8333b	tools/ocean/argo_getdata.xml	argo_getdata	b5121b9233bcdb7a7e84413dc9a1c5287eb5af1a5705f8dbd927ff74f0eeef6f
tools-ecology	5abfc75700b10a996929e6f2fd3e628846a8333b	tools/ocean/copernicusmarine.xml	copernicusmarine	aa513088429865e6ca3700d6fdabf3e87387d303bd7840a74b9063fae3251bda
tools-ecology	5abfc75700b10a996929e6f2fd3e628846a8333b	tools/ocean/divandfull.xml	divand_full_analysis	07b1bfbaa0e5a61b6703f9f148f0b68eaf9fb2eef4797fe11a3f3edaf30f7f9c
tools-ecology	5abfc75700b10a996929e6f2fd3e628846a8333b	tools/ocean_data_view_manager/bgc_calib.xml	tool_biogeochemical_calibration	1a6331f6a308f962b3eb6c7ddfefb7f6065b5c388da6275da68afc30843ebd34
tools-ecology	5abfc75700b10a996929e6f2fd3e628846a8333b	tools/ocean_data_view_manager/tool_odv.xml	tool_odv	89b3f2261c1c6b256394ec2c1e49863ed439870a09e60b2db046be536f3c354a
tools-ecology	5abfc75700b10a996929e6f2fd3e628846a8333b	tools/ocean_data_view_manager/tool_odv_history.xml	tool_odv_history	71d1b240d2381c93874d522e684b1e2fa58a7e38bcb937cfdf6b6ecdcc38debb
tools-ecology	5abfc75700b10a996929e6f2fd3e628846a8333b	tools/ocean_neural_network/canyonb.xml	bgc_canyon_b	12c308b9c869a84d71adab99321c06cfa238b3b72c6f3603217deabc17f23cfc
tools-ecology	5abfc75700b10a996929e6f2fd3e628846a8333b	tools/ogcProcess_otb_bandmath/OTB_BandMath.xml	otb_band_math	f60bf943dc2f2ddcd00088b94a96b31b84644cccfb9a3cb013f9238b3a34820c
tools-ecology	5abfc75700b10a996929e6f2fd3e628846a8333b	tools/ogcProcess_otb_meanShiftSmoothing/OTB_MeanShiftSmoothing.xml	otb_mean_shift_smoothing	153e76faa68a7ea1cd194016fa0e63bf18eaebec296ca55cead3fdee3a7d4f23
tools-ecology	5abfc75700b10a996929e6f2fd3e628846a8333b	tools/population_genetics_stats/population_genetics_stats.xml	population_genetics_stats	294e6170ae362f696af035f13fc45a2d025b1366493f9f703035dd7dcc7e1504
tools-ecology	5abfc75700b10a996929e6f2fd3e628846a8333b	tools/regionalgam/ab-index.xml	regionalgam_ab_index	afb73fc97b542df3699ca10accba73cbfd370353f73439aa03b84b9808623009
tools-ecology	5abfc75700b10a996929e6f2fd3e628846a8333b	tools/regionalgam/autocorr-res-acf.xml	regionalgam_autocor_acf	00c4409f728db260d4473e403df34b4fcfeb010b9c20800dec34eea4e573c9e5
tools-ecology	5abfc75700b10a996929e6f2fd3e628846a8333b	tools/regionalgam/flight-curve.xml	regionalgam_flight_curve	8dc6ddfee830e9705f57d7bb28738042ef426aa06ab973ba69d0352462dcbcc4
tools-ecology	5abfc75700b10a996929e6f2fd3e628846a8333b	tools/regionalgam/glmmpql.xml	regionalgam_glmmpql	0bb1b527bb866a15206d6ac69472880dcc8ee864e60aa2fc39d34790d5af5960
tools-ecology	5abfc75700b10a996929e6f2fd3e628846a8333b	tools/regionalgam/gls-adjusted.xml	regionalgam_gls_adjusted	5cc858d4c51634ccafd8fd1ef1d819790394e95d5a143e3aaf3998093ce32e8f
tools-ecology	5abfc75700b10a996929e6f2fd3e628846a8333b	tools/regionalgam/gls.xml	regionalgam_gls	79bcb3f9bf298370a2c2ccc6ffa8b7607b93df6225d2afa480d50833202b1459
tools-ecology	5abfc75700b10a996929e6f2fd3e628846a8333b	tools/regionalgam/plot-trend.xml	regionalgam_plot_trend	60d2c7fc58ca35275d3208bfcc53abd8e816cb73490e62a3c2830997bec27cc1
tools-ecology	5abfc75700b10a996929e6f2fd3e628846a8333b	tools/retrieve_bold/retrieve_bold.xml	retrieve_bold	c11e3f0510f104f709dbb4ae324e67fe68fd02ae49914ef9870d0a06be8a43be
tools-ecology	5abfc75700b10a996929e6f2fd3e628846a8333b	tools/sdmpredictors/sdmpredictors_list_layers.xml	sdmpredictors_list_layers	d6e2e4654777b8f720ba01bf5834d6b66ed8cdeab068a5a41816c51b820e6098
tools-ecology	5abfc75700b10a996929e6f2fd3e628846a8333b	tools/spocc/spocc_occ.xml	spocc_occ	9c6043518826e761e5b2406c9978e15b3348aef357edb2d80440bbbdf981fda6
tools-ecology	5abfc75700b10a996929e6f2fd3e628846a8333b	tools/srs_tools/alpha_beta.xml	srs_diversity_maps	9b07600c6ac1af84a1a218e30f94d38ad32283a83141d862d4e103dfe921b24a
tools-ecology	5abfc75700b10a996929e6f2fd3e628846a8333b	tools/srs_tools/biodiv_indices_global.xml	srs_global_indices	1853b774dd08ae950550142998b7ea26e998f7624c4fa2ca68a85db54a289537
tools-ecology	5abfc75700b10a996929e6f2fd3e628846a8333b	tools/srs_tools/comparison_div.xml	srs_process_data	5f0e6eaec0f912c59d89fac086e21517db03c0abc928bdd675bf989031cc85d4
tools-ecology	5abfc75700b10a996929e6f2fd3e628846a8333b	tools/srs_tools/indices_spectral.xml	srs_spectral_indices	3f14c0454a73d1852e2517f645ce545ab0dd10141401005be1fa65a8d364c4ba
tools-ecology	5abfc75700b10a996929e6f2fd3e628846a8333b	tools/srs_tools/pca_raster.xml	srs_pca	d57b23c5a9ca3399819e02edbe81dd0b1fe761f6f2d534e8840aec5195019740
tools-ecology	5abfc75700b10a996929e6f2fd3e628846a8333b	tools/srs_tools/preprocess_S2.xml	srs_preprocess_s2	f8eb400bc1726edc97148d4fea6a37c31bba774f79984a4f4fe7f47ff379f9f2
tools-ecology	5abfc75700b10a996929e6f2fd3e628846a8333b	tools/srs_tools/val_metadata.xml	srs_metadata	2aab491be33a92f81298bea7d40add76ee6ba75c44cdf76642ab9a61f6de5ceb
tools-ecology	5abfc75700b10a996929e6f2fd3e628846a8333b	tools/stoc/filteringSp.xml	stoceps_filteringsp	f9ecd8db8ff0553c12eba33fa0df4979f5559075ea0ea53c7ff0392dc5d7b9fe
tools-ecology	5abfc75700b10a996929e6f2fd3e628846a8333b	tools/stoc/mainglm.xml	stoceps_glm	b8a9d9785a71b9eb799b54ed4aa593cc4842c274ce54d10759eb3bf889356cc7
tools-ecology	5abfc75700b10a996929e6f2fd3e628846a8333b	tools/stoc/mainglm_group.xml	stoceps_glm_group	65770c54b43194529745deba0f48771e3ca11db1f92533609715326ea380797c
tools-ecology	5abfc75700b10a996929e6f2fd3e628846a8333b	tools/stoc/makeTableAnalyse.xml	stoceps_maketablecarrer	be9f961c19879868170298425492908dc29bd797c70e8aaf46e0b33b3c4744d4
tools-ecology	5abfc75700b10a996929e6f2fd3e628846a8333b	tools/stoc/temp_analysis_indic.xml	stoceps_trend_indic	0d0311723499179d01f0fe489c9c1fb727f2af65688e0d79289552d93e0e6cd8
tools-ecology	5abfc75700b10a996929e6f2fd3e628846a8333b	tools/terrabyte_ogc_api_processes/terrabyte_ogc_api_process_wrapper.xml	terrabyte_ogc_api_processes	0b5cfad49af6bbeda31ac7e698c517ac2e8d4677527a342aa8994c9d03d160d7
tools-ecology	5abfc75700b10a996929e6f2fd3e628846a8333b	tools/vcftoolbox/VCF_filtering.xml	population_genomics_vcf_filtering	7af2ea50f9258429a05f8b2c9657d1aec5e1363dbe9164e013e6e5c53f8c1072
tools-ecology	5abfc75700b10a996929e6f2fd3e628846a8333b	tools/vcftoolbox/VCF_keep_remove_ind.xml	population_genomics_vcf_keep_remove_individuals	c528f5056a4b471fd032a9051f444badc06a655d6e794531c178ca6b6cfe2aa2
tools-ecology	5abfc75700b10a996929e6f2fd3e628846a8333b	tools/vcftoolbox/VCF_subsampled.xml	population_genomics_vcf_subset	1a16d0b5b02484b410eae4fd45ff769117259591aca6086a7d854f717586fd8c
tools-ecology	5abfc75700b10a996929e6f2fd3e628846a8333b	tools/vcftoolbox/split_vcf_by_pop.xml	population_genomics_split_vcf_by_pop	2a179e1c87af5739fe16bd388d17b8c50bd5144b4206d9f4954ce8509ae1451a
tools-ecology	5abfc75700b10a996929e6f2fd3e628846a8333b	tools/vigiechiro/BilanEnrichiPFen.xml	vigiechiro_bilanenrichipf	91310df8dfad39428789334dbde05b0c7fba55ba498667b40e53e0528d8dbf9d
tools-ecology	5abfc75700b10a996929e6f2fd3e628846a8333b	tools/vigiechiro/BilanEnrichiRPen.xml	vigiechiro_bilanenrichirp	762a56e322a184aedd53e30904ec1c123284fdb948f89c6ccd638825692fdfd2
tools-ecology	5abfc75700b10a996929e6f2fd3e628846a8333b	tools/vigiechiro/IdTidyen.xml	vigiechiro_idcorrect_2ndlayer	f8ac7bc5ac0eb5dba3f23d62122e2b841ad38dd975b11e0d8cca5a8d852cc00e
tools-ecology	5abfc75700b10a996929e6f2fd3e628846a8333b	tools/vigiechiro/IdValidTidyen.xml	vigiechiro_idvalid	8312c01df774b764584de4555565ba091cb257a481430dc5e9676b654cfffed6
tools-ecology	5abfc75700b10a996929e6f2fd3e628846a8333b	tools/xarray_import_data/xarray_import_data.xml	xarray_import_data	5c3732b78462fa35f5171aed7654a4fdd9197e00721e311b7fd2e8a68fc5f86c
tools-ecology	5abfc75700b10a996929e6f2fd3e628846a8333b	tools/xmlstarlet/xmlstarlet.xml	xmlstarlet	06b401cd302c20ef77b49b3235e033b8ac2f864ea80d35fb3c807d52910612fb
tools-ecology	5abfc75700b10a996929e6f2fd3e628846a8333b	tools/zoo_project_ogc_api_processes/zoo_project_ogc_api_processes.xml	zoo_project_ogc_api_processes	d69d578cc843e150bf04e5afaafa00efa50c8a1623155fee276a0e8dcfb05492
fls-galaxy-tools	e68bd3c872c5c51bffeba865b27465e2a80a3318	legacy/data_manager_mothur_toolsuite/data_manager/data_manager_fetch_mothur_reference_data.xml	data_manager_fetch_mothur_reference_data	ddd41bd85c42e40fe30ad63616f5ac31e46cee69f6adfde9d29bc224e4b50f52
fls-galaxy-tools	e68bd3c872c5c51bffeba865b27465e2a80a3318	legacy/rnachipintegrator/rnachipintegrator_canonical_genes.xml	fls_rnachipintegrator_canonical_genes	bc16384e22ed1aa29cbe30c859afaeac5c258ef39ddd3dc3ec7ac149b7010524
fls-galaxy-tools	e68bd3c872c5c51bffeba865b27465e2a80a3318	legacy/rnachipintegrator/rnachipintegrator_wrapper.xml	fls_rnachipintegrator_wrapper	17742775383d77608ac29f1037eb6ef86549c937ceb04573d230a733ab1b33f5
fls-galaxy-tools	e68bd3c872c5c51bffeba865b27465e2a80a3318	legacy/trimmomatic/trimmomatic.xml	trimmomatic	b1455c9d1c05c796fce323cbef2b5e7132fa6f92794c708bafc907e1a621a14e
fls-galaxy-tools	e68bd3c872c5c51bffeba865b27465e2a80a3318	samstats/samstats.xml	fls_samstats	830b9b2db88c56372ca321eb4c6d74e6f8e0335bf36fa3bbbfc7c3cdb5a46a0a
fls-galaxy-tools	e68bd3c872c5c51bffeba865b27465e2a80a3318	tools/blat/blat_wrapper.xml	alignment_blat	27d1ab6901ce70b0311acb009ca50d63ec9aee318c7d9dc81bb7606b9c597d86
fls-galaxy-tools	e68bd3c872c5c51bffeba865b27465e2a80a3318	tools/ceas/ceas_wrapper.xml	ceas	9b9a7fedf11ba6b088a84bb4d21c18287eb52d0084c16a5a1f9bcd862d3ada00
fls-galaxy-tools	e68bd3c872c5c51bffeba865b27465e2a80a3318	tools/ceas/data_manager/data_manager_ceas_fetch_annotations.xml	data_manager_fetch_ceas_annotations	6b26120dd0653eff9ccc0243ef2f8b0bcb4d7174f56e5aba407b3b0334c748a1
fls-galaxy-tools	e68bd3c872c5c51bffeba865b27465e2a80a3318	tools/convert_formats/bedgraph_to_wig.xml	bedgraph_to_wig	70554bad6a84bfd7f43897873e048dd3a3f6da2fa8ca69cbc8cae828f538cbc2
fls-galaxy-tools	e68bd3c872c5c51bffeba865b27465e2a80a3318	tools/fastq_screen/fastq_screen.xml	fls_fastq_screen	44a637412e0e3d47c5606bf37acf0178be109a0654bcd78075c894c4a4210477
fls-galaxy-tools	e68bd3c872c5c51bffeba865b27465e2a80a3318	tools/macs21/macs21_wrapper.xml	macs2_1_peakcalling	43580fed31f8bd0958297cf70d3096e752221b337dffe3b19f8f0c8f59e63292
fls-galaxy-tools	e68bd3c872c5c51bffeba865b27465e2a80a3318	tools/make_macs_xls/make_macs_xls.xml	make_macs_xls	0a84a75fbc1fc015162762e580a2750ecc2c572b749d56fcf4c786963764d4ed
fls-galaxy-tools	e68bd3c872c5c51bffeba865b27465e2a80a3318	tools/motif_tools/CountUniqueIDs.xml	gff_unique_count	4cdaaecff32ea0d644f96036b1b5f161f18c523c88b20e737c3edd36308cff06
fls-galaxy-tools	e68bd3c872c5c51bffeba865b27465e2a80a3318	tools/motif_tools/Scan_IUPAC_output_each_match.xml	fasta_scan_iupac_each	17f6e61e15fcd7530260e51da0b435dbc63e9ee293813334aeb3455c0900a98c
fls-galaxy-tools	e68bd3c872c5c51bffeba865b27465e2a80a3318	tools/motif_tools/Scan_IUPAC_output_matches_per_seq.xml	fasta_scan_iupac_per_seq	c400c6ae962066f9e9391f242c8ce1a5088180d11a7315e2d1f5ea41f3bc4161
fls-galaxy-tools	e68bd3c872c5c51bffeba865b27465e2a80a3318	tools/motif_tools/TFBScluster_candidates_2TFBS.xml	tfbscluster2	2fc841540dfa3c3b59aaf77a39d7cdecd1d3161db7ded1cf5794ec767a4ab0f4
fls-galaxy-tools	e68bd3c872c5c51bffeba865b27465e2a80a3318	tools/motif_tools/TFBScluster_candidates_3TFBS.xml	tfbscluster3	f3f687d794dc7d5cdc9ac5ee123f344106b41dbec59e760c0d2ab2a6449414b9
fls-galaxy-tools	e68bd3c872c5c51bffeba865b27465e2a80a3318	tools/pal_finder/pal_finder_wrapper.xml	microsat_pal_finder	b4241b738bfa60a29702f92a5c541115b1fdc508e1a5cdcf02847b1d95a03567
fls-galaxy-tools	e68bd3c872c5c51bffeba865b27465e2a80a3318	tools/qc_boxplotter/qc_boxplotter.xml	fls_qc_boxplotter	a623445099bc53fafb11d0762283585b4ee13f1ffe6b43c0ecd649aec4a66d20
fls-galaxy-tools	e68bd3c872c5c51bffeba865b27465e2a80a3318	tools/rnachipintegrator/data_manager/data_manager_rnachipintegrator_fetch_canonical_genes.xml	data_manager_rnachipintegrator_fetch_canonical_genes	820d3fb2cd203b7376a3ad164b8f090915a0c5ddb6e6c745439fdd5b30571e64
fls-galaxy-tools	e68bd3c872c5c51bffeba865b27465e2a80a3318	tools/rnachipintegrator/rnachipintegrator_canonical_genes.xml	rnachipintegrator_canonical_genes	b6be410cef4d9df151823aa89f6293014c2c62ea565bd62c0bee85046db8fb0f
fls-galaxy-tools	e68bd3c872c5c51bffeba865b27465e2a80a3318	tools/rnachipintegrator/rnachipintegrator_wrapper.xml	rnachipintegrator_wrapper	360ee7a5b58aa7bae27cbcd9dced484815244ed4cdb74d13953efcb83fc693ec
fls-galaxy-tools	e68bd3c872c5c51bffeba865b27465e2a80a3318	tools/solid_preprocess_filter/solid_preprocess_filter_wrapper.xml	solid_preprocess_filter_wrapper	9cbb11ee1f2a98764f5d0f9def38a52348bf9f9ca5a70053e3458cf1264cf635
fls-galaxy-tools	e68bd3c872c5c51bffeba865b27465e2a80a3318	tools/weeder/weeder2meme_wrapper.xml	motiffinding_weeder2meme	5f261448170e9518a1da84b1eaaf3828de3b442f9e0802eccd87492b50717684
fls-galaxy-tools	e68bd3c872c5c51bffeba865b27465e2a80a3318	tools/weeder/weeder_wrapper.xml	motiffinding_weeder	fdc7f172ed3e54aeb9c39d87b52b773ec14e085407f99a9aad96b2a002de12bf
fls-galaxy-tools	e68bd3c872c5c51bffeba865b27465e2a80a3318	tools/weeder2/weeder2_wrapper.xml	motiffinding_weeder2	cd1bf3985861ada838260f61fe347dcb90deaeb6790affb950836ae8062ec309
larch-tools	54a4d6c7a4cda6dc1d7a12d19e3e4174eef1373e	larch_artemis/larch_artemis.xml	larch_artemis	4ccd9d5f52f0247fbc67d47b5b39cd1b4111e14d0a3d1a804cf6e74a6c4ceb8f
larch-tools	54a4d6c7a4cda6dc1d7a12d19e3e4174eef1373e	larch_athena/larch_athena.xml	larch_athena	8ffe700dda0430b6f8c002f1e6d6a6d67bc1b2d8e5cf54dbade1611e4f55e6d1
larch-tools	54a4d6c7a4cda6dc1d7a12d19e3e4174eef1373e	larch_criteria_report/larch_criteria_report.xml	larch_criteria_report	2ef43533e7571f234f55e24a994a8cb7dd24871431789aff0cc5e44bd681cf3f
larch-tools	54a4d6c7a4cda6dc1d7a12d19e3e4174eef1373e	larch_extract_group/larch_extract_group.xml	larch_extract_group	3169a0ee5ef8df70dc0d557da04d54efbafcd11538aec29bdb3a4773a0283787
larch-tools	54a4d6c7a4cda6dc1d7a12d19e3e4174eef1373e	larch_feff/larch_feff.xml	larch_feff	7fb1578676d393a0bf34c0c7abb2bf74a49b8986c053225f2fc2c46ce77082ce
larch-tools	54a4d6c7a4cda6dc1d7a12d19e3e4174eef1373e	larch_lcf/larch_lcf.xml	larch_lcf	1fd991f66ef56c95e42d1a0681b306b512e0f8d00a33e98c7b7d75b08516c3fe
larch-tools	54a4d6c7a4cda6dc1d7a12d19e3e4174eef1373e	larch_plot/larch_plot.xml	larch_plot	49582caa1776985bbe08f949f12e4d71fb9e1b0740dc38ff912b52377a92521e
larch-tools	54a4d6c7a4cda6dc1d7a12d19e3e4174eef1373e	larch_select_paths/larch_select_paths.xml	larch_select_paths	e4d7fb37756f1a19a17835fdd3c0609b4e1c39507d745f3b0f6b0ae76195829f
